# Blender 4.2.0
# www.blender.org
mtllib WeirdRock.mtl
o WeirdRock
v -0.640467 -0.356885 -1.946633
v 0.190134 -0.156938 -2.024767
v -0.291619 0.031935 -2.387642
v -1.141910 -0.194459 -2.149167
v -0.486577 -0.188609 -1.379992
v -0.324588 0.361719 -1.949066
v -0.629280 0.569330 -2.160837
v -0.867670 -0.021539 -1.707580
v -0.530370 -0.352298 -2.119139
v -0.431589 -0.319069 -2.272825
v -0.373010 -0.409310 -2.006029
v -0.146008 -0.365303 -2.040832
v 0.188658 -0.126995 -2.211351
v 0.080425 -0.085218 -2.352938
v -0.086608 -0.030133 -2.386875
v -0.828746 -0.384180 -2.004658
v -0.976154 -0.435685 -2.052248
v -0.550401 -0.054109 -2.359057
v -0.780903 -0.129312 -2.288893
v -0.980092 -0.180074 -2.226305
v -0.799383 -0.357717 -1.826345
v -0.890185 -0.327961 -1.734110
v -1.182887 -0.182926 -1.990519
v -1.120736 -0.150017 -1.862593
v -0.989505 -0.098989 -1.795052
v -0.604783 -0.362565 -1.769531
v -0.582251 -0.331668 -1.613727
v -0.662618 -0.157055 -1.343867
v -0.812707 -0.106245 -1.421388
v -0.867130 -0.062286 -1.552287
v -0.006972 0.119989 -2.033146
v -0.199159 0.190461 -2.034331
v 0.093300 -0.182847 -1.822403
v -0.053490 -0.206201 -1.602618
v -0.285725 -0.199998 -1.473144
v -0.373867 0.252183 -1.739008
v -0.164312 0.305964 -2.243316
v -0.218639 0.361429 -2.119285
v -0.328075 0.512893 -1.973233
v -0.366056 0.614426 -2.014636
v -0.372570 0.219011 -2.348528
v -0.435557 0.378641 -2.303555
v -0.520386 0.502526 -2.258753
v -1.032722 -0.018948 -2.130138
v -0.751580 0.398769 -2.149777
v -0.718754 0.527485 -1.997081
v -0.780905 0.385985 -1.866314
v -0.812444 0.172538 -1.807428
v -0.479851 0.374312 -1.780647
v -0.641583 0.287882 -1.719643
v -0.111760 -0.276387 -2.263885
v -0.314336 -0.366001 -2.155975
v -0.246631 -0.286449 -2.275914
v -0.113077 -0.321242 -2.172478
v -0.774364 -0.332682 -2.218025
v -0.726400 -0.357270 -2.115020
v -0.876713 -0.387142 -2.148035
v -0.628834 -0.315415 -2.229692
v -1.047875 -0.377323 -1.859095
v -0.909100 -0.393231 -1.900244
v -0.970556 -0.358732 -1.805895
v -1.033025 -0.423754 -1.945728
v -0.802064 -0.329886 -1.552302
v -0.742871 -0.366520 -1.702311
v -0.707218 -0.341686 -1.570051
v -0.851466 -0.339816 -1.632215
v -0.075900 0.078467 -1.872428
v -0.227321 0.161922 -1.834620
v -0.260932 -0.387581 -1.749760
v -0.407645 -0.383171 -1.834839
v -0.201288 -0.409365 -1.882645
v -0.413541 -0.350908 -1.683135
v 0.043302 0.158485 -2.253647
v -0.116525 0.231423 -2.142623
v 0.044679 0.156219 -2.153071
v -0.063132 0.209156 -2.252628
v -0.250739 0.517966 -2.241261
v -0.240165 0.490196 -2.099329
v -0.200939 0.429444 -2.233757
v -0.291219 0.583007 -2.138770
v -0.907717 -0.012277 -2.212596
v -0.641725 0.348253 -2.215277
v -0.564448 0.252196 -2.248641
v -0.543031 0.109537 -2.300357
v -0.747388 0.027154 -2.295506
v -1.080988 -0.016936 -2.013938
v -1.027506 -0.005150 -1.916685
v -0.915291 0.058500 -1.862347
v -0.872320 0.243572 -1.913852
v -0.850429 0.384548 -2.017471
v -0.531683 0.261746 -1.654044
v -0.675736 0.180194 -1.621249
v -0.565211 0.506648 -1.819948
v -0.445919 0.481292 -1.852520
v -0.465732 0.584458 -1.886750
v -0.587969 0.419943 -1.762868
v -0.610245 -0.355681 -1.999530
v -0.504420 -0.348711 -2.157164
v -0.454793 -0.332827 -2.233974
v -0.409908 -0.299625 -2.312686
v -0.372897 -0.219448 -2.365315
v -0.338711 -0.126940 -2.390484
v -0.306915 -0.030097 -2.393848
v -0.499209 -0.379313 -1.976470
v -0.313304 -0.406171 -2.017603
v -0.255976 -0.390431 -2.026227
v -0.093632 -0.354682 -2.046362
v 0.000747 -0.314167 -2.050597
v 0.084688 -0.268700 -2.048086
v 0.160276 -0.206201 -2.035455
v 0.198121 -0.149501 -2.074749
v 0.170649 -0.118032 -2.254241
v 0.114575 -0.096734 -2.325101
v 0.001062 -0.058746 -2.383561
v -0.042194 -0.044363 -2.386383
v -0.180113 -0.001501 -2.385505
v -0.743415 -0.360802 -1.980098
v -0.787472 -0.370981 -1.993065
v -0.940477 -0.426124 -2.038111
v -1.012936 -0.439565 -2.069987
v -1.088647 -0.406666 -2.111822
v -1.141098 -0.325776 -2.141358
v -1.154029 -0.238301 -2.152957
v -0.427138 -0.012307 -2.380333
v -0.488794 -0.033135 -2.367455
v -0.726702 -0.112356 -2.310785
v -0.833440 -0.144767 -2.270109
v -0.933222 -0.170354 -2.239917
v -1.105584 -0.195007 -2.175526
v -0.737269 -0.356213 -1.877751
v -0.770646 -0.357353 -1.851224
v -0.824735 -0.356123 -1.802421
v -0.847864 -0.351418 -1.779040
v -0.869574 -0.342422 -1.756158
v -0.910056 -0.306009 -1.713227
v -0.937276 -0.235347 -1.684077
v -0.930237 -0.155309 -1.680092
v -0.897060 -0.075345 -1.692683
v -1.184030 -0.189467 -2.072320
v -1.187209 -0.186714 -2.030341
v -1.172512 -0.177783 -1.954124
v -1.158148 -0.170782 -1.921246
v -1.141300 -0.161389 -1.890677
v -1.089718 -0.139693 -1.843031
v -0.956436 -0.082634 -1.778017
v -0.924939 -0.064775 -1.758571
v -0.626901 -0.363291 -1.897823
v -0.617817 -0.371241 -1.854304
v -0.593968 -0.343303 -1.688565
v -0.575073 -0.327971 -1.578890
v -0.556632 -0.319565 -1.512861
v -0.530870 -0.296001 -1.448509
v -0.500251 -0.235269 -1.393977
v -0.574832 -0.176188 -1.350760
v -0.618101 -0.167680 -1.343863
v -0.706900 -0.144698 -1.352682
v -0.747822 -0.131716 -1.370103
v -0.783220 -0.118877 -1.393917
v -0.857892 -0.079780 -1.479508
v -0.866714 -0.044391 -1.626941
v -0.866392 -0.034274 -1.665132
v 0.204460 -0.100198 -2.015576
v 0.198753 -0.048665 -2.012338
v 0.178604 -0.006991 -2.014125
v 0.079443 0.080465 -2.026167
v -0.104369 0.151158 -2.037800
v -0.155938 0.165027 -2.039855
v -0.259707 0.276160 -1.996910
v 0.177500 -0.164902 -1.972124
v 0.150787 -0.169818 -1.923939
v 0.024704 -0.195706 -1.714206
v -0.167779 -0.204661 -1.528033
v -0.228049 -0.202315 -1.499763
v -0.391394 -0.195364 -1.423966
v -0.475646 -0.140011 -1.378584
v -0.466042 -0.094915 -1.385429
v -0.456506 -0.051695 -1.397369
v -0.424225 0.080865 -1.456578
v -0.389664 0.209126 -1.628895
v -0.354444 0.299146 -1.846315
v -0.342033 0.326812 -1.897155
v -0.248709 0.082223 -2.375768
v -0.221375 0.121465 -2.364569
v -0.200896 0.157251 -2.352499
v -0.165204 0.255021 -2.299068
v -0.171856 0.325298 -2.213104
v -0.199747 0.352822 -2.151024
v -0.289430 0.368493 -2.007058
v -0.329739 0.445325 -1.965504
v -0.327259 0.542904 -1.975774
v -0.338341 0.565218 -1.989398
v -0.427309 0.669009 -2.060797
v -0.544578 0.644490 -2.140170
v -0.574034 0.624410 -2.151789
v -0.604845 0.603172 -2.160646
v -0.339386 0.131723 -2.375227
v -0.387691 0.260998 -2.334913
v -0.402837 0.301824 -2.323135
v -0.454148 0.413811 -2.294263
v -0.496575 0.476066 -2.272662
v -0.600489 0.559288 -2.194866
v -1.095188 -0.108770 -2.138462
v -0.999368 0.029966 -2.128929
v -0.966790 0.082300 -2.130968
v -0.878361 0.257791 -2.154682
v -0.715578 0.444041 -2.151445
v -0.683514 0.488191 -2.154516
v -0.679493 0.563997 -2.078630
v -0.700078 0.549079 -2.037380
v -0.736465 0.500317 -1.958706
v -0.754284 0.469031 -1.922606
v -0.772991 0.434779 -1.888210
v -0.795267 0.279610 -1.835525
v -0.803527 0.225725 -1.821895
v -0.834210 0.072278 -1.769413
v -0.405497 0.377822 -1.853749
v -0.441893 0.377624 -1.815680
v -0.520511 0.367984 -1.748715
v -0.564353 0.346896 -1.733921
v -0.605240 0.318869 -1.725896
v -0.704402 0.219850 -1.710439
v -0.781875 0.107836 -1.702910
v -0.806669 0.068651 -1.702302
v -0.833484 0.027606 -1.703198
v -0.298516 -0.348806 -2.188720
v -0.265167 -0.309216 -2.248922
v 0.014704 -0.258790 -2.185004
v -0.067868 -0.299886 -2.175276
v -0.226376 -0.261294 -2.300996
v -0.182799 -0.202877 -2.343993
v -0.211413 -0.341831 -2.163382
v -0.262431 -0.352615 -2.159496
v -0.167273 -0.280165 -2.272247
v -0.205122 -0.281987 -2.274232
v -0.091863 -0.262812 -2.272017
v -0.038541 -0.222694 -2.294638
v -0.109511 -0.285518 -2.246781
v -0.109756 -0.308505 -2.199471
v -0.422146 -0.371539 -2.140527
v -0.337097 -0.304824 -2.280521
v -0.359859 -0.406781 -2.047624
v -0.102721 -0.067162 -2.385967
v -0.140172 -0.136757 -2.372607
v 0.059808 -0.120869 -2.342198
v 0.013685 -0.176004 -2.318463
v -0.135177 -0.355019 -2.077688
v 0.156118 -0.167350 -2.209511
v 0.087776 -0.218273 -2.197773
v -0.843266 -0.383268 -2.134388
v -0.587434 -0.244576 -2.316946
v -0.611510 -0.297417 -2.259899
v -0.907756 -0.383873 -2.166297
v -0.959780 -0.347879 -2.206013
v -0.649963 -0.329249 -2.200070
v -0.699766 -0.349368 -2.142801
v -0.794199 -0.343285 -2.206043
v -0.848513 -0.372446 -2.168994
v -0.780352 -0.320733 -2.232603
v -0.791380 -0.278959 -2.262238
v -0.749644 -0.329306 -2.218860
v -0.804517 -0.378150 -2.032373
v -0.954321 -0.426097 -2.078575
v -0.632620 -0.347474 -2.111737
v -0.681016 -0.350759 -2.112550
v -0.987938 -0.216916 -2.229296
v -0.987071 -0.284877 -2.227136
v -0.786772 -0.163966 -2.287169
v -0.793521 -0.225012 -2.279397
v -0.531254 -0.313178 -2.247099
v -0.581077 -0.313203 -2.237458
v -0.556206 -0.095952 -2.366969
v -0.570813 -0.175117 -2.358238
v -0.924943 -0.390035 -1.875541
v -0.939979 -0.383622 -1.851284
v -0.954991 -0.373412 -1.827847
v -1.137305 -0.376036 -1.966103
v -1.067163 -0.415092 -1.954447
v -0.987250 -0.338145 -1.785997
v -1.016894 -0.275187 -1.760600
v -1.000102 -0.429194 -1.934531
v -1.033734 -0.376912 -1.847682
v -1.065196 -0.363926 -1.854569
v -1.102255 -0.314679 -1.848613
v -1.047574 -0.388011 -1.875427
v -1.045079 -0.400668 -1.897213
v -1.040272 -0.412708 -1.921014
v -0.850203 -0.369137 -1.868900
v -0.879393 -0.380186 -1.885807
v -0.925792 -0.338528 -1.774460
v -0.947832 -0.347848 -1.791443
v -0.872466 -0.392155 -1.950982
v -0.891670 -0.393744 -1.925356
v -1.004494 -0.133942 -1.780934
v -1.022295 -0.202079 -1.762604
v -1.124095 -0.188239 -1.857937
v -1.120327 -0.253965 -1.852226
v -1.010401 -0.443093 -1.997408
v -1.023114 -0.433865 -1.971144
v -1.186291 -0.224718 -1.985332
v -1.180128 -0.302056 -1.975895
v -0.722752 -0.351207 -1.636223
v -0.909802 -0.246000 -1.576622
v -0.876688 -0.317661 -1.612170
v -0.701376 -0.337351 -1.537121
v -0.693260 -0.322838 -1.470063
v -0.825088 -0.353886 -1.651143
v -0.798146 -0.361975 -1.668943
v -0.770923 -0.365692 -1.685825
v -0.782589 -0.336563 -1.554108
v -0.758579 -0.341080 -1.557863
v -0.733345 -0.342555 -1.563217
v -0.809636 -0.320178 -1.534060
v -0.827739 -0.278950 -1.486210
v -0.824402 -0.332254 -1.587756
v -0.680779 -0.364191 -1.735727
v -0.713088 -0.365677 -1.718922
v -0.650033 -0.336295 -1.588438
v -0.679615 -0.339321 -1.578449
v -0.780848 -0.358882 -1.799150
v -0.766093 -0.363663 -1.768258
v -0.673123 -0.205692 -1.351641
v -0.686519 -0.283783 -1.401072
v -0.823197 -0.144078 -1.425327
v -0.833576 -0.215489 -1.446904
v -0.878295 -0.327824 -1.710595
v -0.868369 -0.330683 -1.684819
v -0.884528 -0.096435 -1.551238
v -0.908007 -0.166738 -1.557189
v -0.007145 0.036866 -1.863796
v -0.240432 0.137070 -1.728531
v -0.152106 0.117282 -1.863424
v -0.190127 0.138690 -1.851339
v -0.246116 0.055373 -1.542541
v -0.105554 0.064251 -1.784563
v -0.105613 0.018078 -1.687316
v -0.025190 0.107703 -1.997201
v -0.043279 0.096305 -1.958143
v 0.096865 -0.128427 -1.820118
v 0.086478 -0.083402 -1.826460
v 0.069823 -0.046666 -1.835560
v -0.300036 0.210163 -1.791071
v -0.207403 0.185784 -1.990392
v -0.213932 0.179705 -1.940363
v -0.273903 -0.150854 -1.468896
v -0.265266 -0.105200 -1.472193
v -0.257886 -0.061854 -1.480219
v -0.052257 -0.149632 -1.606407
v -0.058029 -0.104414 -1.617953
v -0.067201 -0.067374 -1.633151
v -0.355223 -0.393260 -1.850225
v -0.302847 -0.403760 -1.864187
v -0.381478 -0.333139 -1.591956
v -0.406632 -0.345470 -1.651032
v -0.154610 -0.396500 -1.885001
v -0.066191 -0.367366 -1.877438
v -0.415915 -0.364874 -1.754824
v -0.233953 -0.402914 -1.805911
v -0.242646 -0.386349 -1.737852
v -0.188370 -0.375787 -1.701366
v -0.327090 -0.371700 -1.720262
v -0.369473 -0.361218 -1.701922
v -0.383644 -0.412272 -1.963473
v -0.393119 -0.403418 -1.919859
v -0.158517 -0.375798 -2.001923
v -0.172283 -0.386659 -1.962295
v -0.510678 -0.367852 -1.802592
v 0.075801 -0.237673 -1.831697
v 0.015288 -0.321169 -1.856011
v -0.066061 -0.266008 -1.610311
v -0.124508 -0.342034 -1.655188
v -0.501165 -0.335457 -1.646530
v -0.302730 -0.246196 -1.487770
v -0.344068 -0.306297 -1.535899
v -0.078148 0.209491 -2.145722
v -0.037541 0.190980 -2.148248
v -0.051757 0.167109 -2.305856
v 0.114064 0.108915 -2.162808
v -0.072499 0.222212 -2.224516
v -0.099125 0.232969 -2.168983
v 0.048772 0.161386 -2.234153
v 0.050228 0.160644 -2.181170
v 0.071124 0.123028 -2.284253
v -0.003158 0.178853 -2.256209
v -0.032752 0.192721 -2.255002
v -0.180261 0.203318 -2.064983
v 0.009516 0.131389 -2.065943
v -0.179501 0.291082 -2.133395
v 0.209297 -0.076188 -2.207477
v 0.201462 -0.027711 -2.196860
v 0.184901 0.012060 -2.186939
v 0.091848 -0.043921 -2.349737
v 0.095400 -0.005517 -2.339734
v 0.094204 0.029642 -2.327617
v -0.120892 0.251522 -2.247915
v -0.073398 0.006868 -2.382889
v -0.063415 0.042035 -2.374668
v -0.056257 0.075667 -2.363010
v -0.224221 0.477836 -2.130384
v -0.202765 0.447441 -2.197103
v -0.352810 0.610137 -2.205371
v -0.226563 0.383330 -2.302730
v -0.262479 0.536623 -2.107913
v -0.247574 0.515607 -2.100299
v -0.215566 0.484338 -2.235978
v -0.205841 0.458586 -2.233784
v -0.300115 0.500933 -2.292097
v -0.256058 0.533112 -2.223138
v -0.276784 0.568342 -2.168122
v -0.234343 0.428232 -2.106947
v -0.187551 0.367546 -2.237153
v -0.301780 0.511977 -2.006062
v -0.341251 0.247808 -2.358171
v -0.314042 0.274680 -2.351768
v -0.290868 0.301525 -2.344992
v -0.410548 0.406417 -2.315418
v -0.388368 0.431683 -2.324599
v -0.366577 0.451754 -2.321031
v -0.343945 0.611698 -2.048279
v -0.492514 0.528245 -2.257961
v -0.465664 0.547714 -2.251073
v -0.441504 0.565167 -2.244967
v -0.885123 0.035002 -2.214948
v -0.861802 0.084449 -2.221045
v -0.618055 0.328813 -2.224628
v -0.578777 0.280955 -2.240461
v -0.696724 0.043507 -2.298485
v -0.761434 0.224537 -2.218641
v -0.547922 0.185312 -2.270303
v -0.544459 0.148282 -2.284558
v -0.790425 0.012618 -2.272734
v -0.870581 -0.006506 -2.231600
v -0.674939 0.171056 -2.247938
v -0.721421 0.101063 -2.271739
v -0.734898 0.065620 -2.285597
v -1.005770 -0.019414 -2.153949
v -0.949355 -0.100061 -2.216971
v -0.575850 0.429723 -2.235242
v -0.607420 0.389557 -2.223958
v -0.495317 0.316458 -2.273952
v -0.528860 0.284032 -2.259596
v -0.722537 0.390245 -2.172787
v -0.544058 0.028983 -2.332632
v -0.764849 -0.053143 -2.290701
v -0.450536 0.162543 -2.321357
v -0.495336 0.135446 -2.308941
v -1.076486 -0.016560 -1.985014
v -1.065615 -0.015164 -1.958753
v -1.049044 -0.011703 -1.935899
v -0.901159 0.104181 -1.875228
v -0.889467 0.151314 -1.887010
v -0.927336 0.226861 -2.029882
v -1.001906 0.005261 -1.900840
v -0.866773 0.285714 -1.932019
v -0.862580 0.324130 -1.954917
v -0.858664 0.358271 -1.983228
v -1.012873 0.072237 -2.023850
v -1.046247 0.026274 -2.019195
v -0.982306 0.070670 -1.937744
v -1.003591 0.032840 -1.928103
v -0.937775 0.151120 -1.944485
v -1.148166 -0.097506 -2.002321
v -1.077671 -0.078573 -1.890430
v -1.069803 -0.017449 -2.074043
v -1.078722 -0.017129 -2.044100
v -0.860991 0.110529 -1.834473
v -0.887374 0.083007 -1.848769
v -0.826236 0.315639 -1.889972
v -0.849208 0.279322 -1.902009
v -0.951161 -0.024742 -1.830077
v -0.805627 0.401930 -2.088964
v -0.829186 0.395794 -2.054241
v -0.778567 0.459088 -2.007955
v -0.812908 0.422217 -2.012728
v -0.571934 0.246038 -1.644850
v -0.609769 0.227101 -1.636870
v -0.644465 0.205000 -1.629341
v -0.588503 0.086583 -1.430299
v -0.731322 0.124555 -1.601803
v -0.550797 0.201225 -1.582090
v -0.683337 0.144483 -1.563008
v -0.714391 0.083316 -1.483946
v -0.492943 0.351159 -1.750603
v -0.505939 0.327905 -1.715410
v -0.653190 0.257175 -1.700692
v -0.662164 0.228530 -1.676959
v -0.449584 0.276427 -1.683998
v -0.489923 0.274544 -1.664709
v -0.847029 -0.029144 -1.556325
v -0.825711 0.002632 -1.562880
v -0.803627 0.033679 -1.571195
v -0.800189 -0.068913 -1.422176
v -0.787174 -0.033208 -1.426359
v -0.773613 0.001827 -1.432951
v -0.650927 -0.110645 -1.347040
v -0.639003 -0.068918 -1.356176
v -0.626773 -0.029306 -1.368939
v -0.441490 0.507825 -1.862026
v -0.440752 0.534026 -1.869170
v -0.660389 0.366600 -1.764146
v -0.535196 0.624889 -1.915080
v -0.549838 0.438972 -1.776923
v -0.513188 0.453912 -1.799834
v -0.478494 0.468143 -1.825258
v -0.547568 0.522763 -1.831266
v -0.522759 0.543606 -1.847391
v -0.494988 0.564673 -1.866076
v -0.620349 0.504035 -1.826625
v -0.568843 0.468669 -1.794148
v -0.576556 0.445975 -1.777186
v -0.385813 0.502440 -1.910443
v -0.415208 0.492843 -1.881042
v -0.413924 0.606364 -1.947177
v -0.438460 0.597971 -1.914780
v -0.459392 0.425958 -1.824504
v -0.692487 0.556912 -1.990254
v -0.667251 0.582468 -1.981750
v -0.641245 0.603895 -1.970526
v -0.758618 0.417863 -1.855272
v -0.734877 0.445101 -1.846563
v -0.707409 0.465059 -1.842424
v -0.614392 0.353752 -1.745884
v -0.789872 0.205800 -1.796762
v -0.767694 0.239649 -1.788129
v -0.744884 0.273375 -1.780868
v -0.249521 -0.337448 -2.190738
v -0.221771 -0.302375 -2.248316
v -0.201614 -0.328580 -2.193207
v -0.181148 -0.298040 -2.247822
v -0.140927 -0.207153 -2.339643
v -0.102070 -0.214321 -2.333770
v -0.185602 -0.259408 -2.298269
v -0.148574 -0.260343 -2.294776
v 0.009682 -0.248592 -2.214306
v -0.067414 -0.288568 -2.202260
v -0.016000 -0.230303 -2.269657
v -0.077336 -0.269227 -2.251251
v -0.484877 -0.376865 -2.019224
v -0.400108 -0.367010 -2.180448
v -0.357892 -0.332336 -2.251354
v -0.301409 -0.393418 -2.056336
v -0.244491 -0.378442 -2.063868
v -0.198168 -0.042491 -2.387321
v -0.234876 -0.123398 -2.379401
v -0.058066 -0.080974 -2.384367
v -0.015152 -0.095766 -2.380542
v -0.096397 -0.147057 -2.368783
v -0.055124 -0.159499 -2.363034
v -0.274486 -0.203065 -2.353116
v -0.316089 -0.274422 -2.307613
v 0.166415 -0.196132 -2.083155
v 0.090972 -0.253995 -2.089812
v 0.008701 -0.297513 -2.088292
v -0.083551 -0.342017 -2.083097
v 0.140502 -0.156673 -2.248356
v 0.077706 -0.207624 -2.230937
v 0.091319 -0.132889 -2.314847
v 0.040718 -0.186164 -2.291780
v -0.816316 -0.370468 -2.156407
v -0.766360 -0.343887 -2.198059
v -0.921360 -0.328985 -2.221853
v -0.837370 -0.293514 -2.249614
v -0.877191 -0.366943 -2.186261
v -0.813782 -0.334050 -2.220300
v -0.742978 -0.267265 -2.274519
v -0.743424 -0.312698 -2.239350
v -0.715070 -0.357499 -2.012712
v -0.761436 -0.366188 -2.022664
v -0.918873 -0.417539 -2.063880
v -0.605543 -0.342658 -2.144799
v -0.654093 -0.344518 -2.142900
v -0.554304 -0.326326 -2.212408
v -0.603360 -0.326564 -2.205293
v -1.115915 -0.237062 -2.179606
v -1.110592 -0.321901 -2.176567
v -0.940584 -0.205940 -2.242135
v -0.839846 -0.179166 -2.269946
v -0.941779 -0.270121 -2.239767
v -0.844957 -0.239753 -2.264967
v -1.061930 -0.399930 -2.144822
v -0.989972 -0.428550 -2.097407
v -0.431736 -0.058463 -2.386458
v -0.452750 -0.149052 -2.383692
v -0.494008 -0.076666 -2.374594
v -0.511869 -0.162998 -2.375279
v -0.478117 -0.237182 -2.352912
v -0.510745 -0.294949 -2.282778
v -0.532985 -0.240129 -2.334264
v -0.561888 -0.295219 -2.270433
v -0.732001 -0.147927 -2.307408
v -0.740217 -0.210995 -2.295877
v -1.009436 -0.418149 -1.910619
v -1.017085 -0.406032 -1.887537
v -1.023908 -0.392598 -1.866124
v -1.083628 -0.304292 -1.822984
v -1.049754 -0.357587 -1.834738
v -1.136181 -0.360492 -1.933123
v -1.072683 -0.403116 -1.927583
v -1.129554 -0.343913 -1.902910
v -1.074865 -0.389814 -1.901603
v -1.118011 -0.328119 -1.875050
v -1.073022 -0.375938 -1.877102
v -0.800903 -0.366627 -1.921056
v -0.826874 -0.368645 -1.894405
v -0.836843 -0.378190 -1.937229
v -0.859107 -0.380102 -1.911124
v -0.871035 -0.367216 -1.844184
v -0.890162 -0.362039 -1.820059
v -0.908280 -0.352766 -1.796667
v -0.897729 -0.377700 -1.861091
v -0.914832 -0.371959 -1.836906
v -0.931384 -0.362263 -1.813509
v -0.975133 -0.434935 -1.985516
v -0.988629 -0.435299 -1.959669
v -0.942267 -0.102593 -1.743288
v -0.972399 -0.118559 -1.763395
v -0.967698 -0.175112 -1.725919
v -0.993758 -0.188275 -1.745395
v -1.103158 -0.174365 -1.829996
v -1.100739 -0.241706 -1.824417
v -0.969900 -0.251614 -1.726128
v -0.992382 -0.262909 -1.744507
v -0.943190 -0.317667 -1.753826
v -0.964677 -0.327190 -1.771174
v -1.187727 -0.234242 -2.067537
v -1.177236 -0.320283 -2.057588
v -1.191034 -0.230110 -2.025291
v -1.182892 -0.312499 -2.015732
v -1.123113 -0.398449 -2.036981
v -1.047045 -0.434784 -2.010178
v -1.132788 -0.388925 -2.001078
v -1.058602 -0.425619 -1.981943
v -1.175196 -0.218092 -1.949207
v -1.170265 -0.290167 -1.940142
v -1.160169 -0.210039 -1.916919
v -1.155873 -0.278015 -1.908732
v -1.142879 -0.200190 -1.886990
v -1.138922 -0.265987 -1.880018
v -0.749228 -0.351766 -1.625303
v -0.774911 -0.349739 -1.614381
v -0.800231 -0.343721 -1.602355
v -0.726921 -0.318369 -1.465638
v -0.761810 -0.309084 -1.465537
v -0.796403 -0.295017 -1.471985
v -0.728868 -0.337450 -1.531429
v -0.756289 -0.334780 -1.527879
v -0.783817 -0.328527 -1.527636
v -0.875205 -0.256279 -1.529541
v -0.846163 -0.313878 -1.569527
v -0.716463 -0.358834 -1.847191
v -0.701725 -0.365289 -1.811588
v -0.750852 -0.359077 -1.822601
v -0.735729 -0.364598 -1.789699
v -0.664323 -0.346571 -1.660439
v -0.694664 -0.349160 -1.647879
v -0.807668 -0.356947 -1.776453
v -0.793752 -0.361143 -1.747264
v -0.832441 -0.352007 -1.754128
v -0.819691 -0.355742 -1.726403
v -0.855927 -0.342743 -1.732079
v -0.844564 -0.346065 -1.705520
v -0.586261 -0.225220 -1.362426
v -0.628880 -0.217062 -1.353706
v -0.608996 -0.294414 -1.418272
v -0.646986 -0.291003 -1.407729
v -0.717476 -0.191189 -1.358579
v -0.758550 -0.175057 -1.374791
v -0.793906 -0.159046 -1.398061
v -0.727456 -0.271347 -1.400496
v -0.767438 -0.254032 -1.408144
v -0.803367 -0.234315 -1.424297
v -0.627790 -0.322843 -1.486684
v -0.660565 -0.323816 -1.477263
v -0.642982 -0.332687 -1.554001
v -0.672973 -0.335455 -1.544650
v -0.889400 -0.075286 -1.659892
v -0.920836 -0.152476 -1.652892
v -0.886838 -0.081179 -1.624012
v -0.915105 -0.154442 -1.622463
v -0.927963 -0.232815 -1.660117
v -0.899677 -0.305106 -1.690014
v -0.920764 -0.234522 -1.633444
v -0.890989 -0.307429 -1.664603
v -0.868412 -0.116556 -1.483077
v -0.879947 -0.186759 -1.499610
v -0.052883 0.022600 -1.773927
v -0.204684 0.118280 -1.749494
v -0.169867 0.100073 -1.766804
v -0.208134 0.042673 -1.576529
v -0.171614 0.031424 -1.611596
v 0.186782 -0.106837 -1.964526
v 0.177363 -0.056716 -1.964660
v 0.155968 -0.016895 -1.969759
v 0.157753 -0.113805 -1.918108
v 0.148786 -0.065902 -1.919786
v 0.128794 -0.027430 -1.926437
v 0.059223 0.068336 -1.988109
v 0.037299 0.056619 -1.948516
v 0.025366 -0.141371 -1.716128
v 0.017381 -0.097471 -1.724877
v 0.004703 -0.061381 -1.736562
v -0.273533 0.261366 -1.950814
v -0.283935 0.244116 -1.899969
v -0.313338 0.174789 -1.680272
v -0.167898 0.157040 -2.000678
v -0.175377 0.152177 -1.953088
v -0.120220 0.139604 -2.001729
v -0.132453 0.131097 -1.958935
v -0.379689 -0.147451 -1.420817
v -0.370128 -0.102452 -1.425672
v -0.361106 -0.059153 -1.435631
v -0.216357 -0.151622 -1.495005
v -0.156290 -0.151711 -1.522689
v -0.208574 -0.105175 -1.497593
v -0.149595 -0.104027 -1.524584
v -0.202546 -0.061696 -1.504626
v -0.146640 -0.060882 -1.532441
v -0.331181 0.073038 -1.489659
v -0.368973 -0.375310 -1.771530
v -0.322640 -0.385864 -1.786847
v -0.114156 -0.388329 -1.784053
v -0.192001 -0.407197 -1.804683
v -0.332901 -0.342215 -1.615167
v -0.362041 -0.355600 -1.671259
v -0.283618 -0.352488 -1.640309
v -0.318578 -0.366250 -1.691948
v -0.506474 -0.383521 -1.932793
v -0.508972 -0.389451 -1.889262
v -0.324084 -0.418334 -1.977013
v -0.267404 -0.402245 -1.986676
v -0.335292 -0.412617 -1.934207
v -0.278687 -0.413971 -1.946529
v -0.508626 -0.348624 -1.720830
v 0.149710 -0.217109 -1.984497
v 0.129710 -0.224471 -1.934224
v 0.074602 -0.285177 -2.002794
v 0.061355 -0.303150 -1.954823
v 0.010865 -0.252347 -1.722011
v -0.043660 -0.337349 -1.752002
v -0.010388 -0.332784 -2.009798
v -0.025508 -0.348494 -1.966916
v -0.106693 -0.364387 -2.006927
v -0.121661 -0.374563 -1.966651
v -0.406970 -0.240338 -1.438453
v -0.442995 -0.297828 -1.489452
v -0.473664 -0.321172 -1.549460
v -0.494356 -0.330882 -1.612594
v -0.245863 -0.250237 -1.514568
v -0.290608 -0.313088 -1.561459
v -0.186557 -0.255038 -1.543232
v -0.235390 -0.321266 -1.589254
v -0.063239 0.212369 -2.172031
v -0.025706 0.194586 -2.174801
v -0.040982 0.204578 -2.227232
v -0.009568 0.189427 -2.229344
v 0.111455 0.111725 -2.195189
v 0.091077 0.117491 -2.257609
v -0.019929 0.152101 -2.307176
v 0.011829 0.139634 -2.306107
v -0.242019 0.285094 -2.037345
v -0.135825 0.179812 -2.068444
v -0.086385 0.163743 -2.068118
v -0.160333 0.287292 -2.161882
v -0.130558 0.267817 -2.219377
v 0.214683 -0.093894 -2.065912
v 0.206971 -0.042818 -2.061940
v 0.186352 -0.001726 -2.061449
v 0.189389 -0.069694 -2.252548
v 0.127904 -0.053689 -2.323845
v 0.185421 -0.023376 -2.240724
v 0.129837 -0.013097 -2.313115
v 0.173024 0.015758 -2.228210
v 0.125921 0.023359 -2.300225
v 0.095941 0.091564 -2.062264
v -0.162278 0.038010 -2.379449
v -0.146189 0.074943 -2.370052
v -0.132975 0.109904 -2.358041
v -0.113596 0.205115 -2.301704
v -0.030066 -0.007202 -2.383099
v -0.021925 0.028098 -2.375193
v -0.017072 0.061698 -2.363637
v 0.012708 -0.020550 -2.380825
v 0.019492 0.015586 -2.373057
v 0.022382 0.049665 -2.361476
v -0.229878 0.503816 -2.129086
v -0.206024 0.475333 -2.195062
v -0.245687 0.524199 -2.135068
v -0.218635 0.497504 -2.196685
v -0.239690 0.416063 -2.306420
v -0.254960 0.448222 -2.310903
v -0.340976 0.584188 -2.232221
v -0.317366 0.528405 -2.275611
v -0.301296 0.444592 -2.003719
v -0.216851 0.417317 -2.139038
v -0.192284 0.387124 -2.204079
v -0.304739 0.540136 -2.010052
v -0.316952 0.562408 -2.022167
v -0.302281 0.161812 -2.366125
v -0.273564 0.193184 -2.356925
v -0.250587 0.224550 -2.347153
v -0.358526 0.289179 -2.345827
v -0.375431 0.329611 -2.334661
v -0.332961 0.316040 -2.349941
v -0.351395 0.356036 -2.343183
v -0.309879 0.340929 -2.344563
v -0.328942 0.380218 -2.343816
v -0.199689 0.316938 -2.298577
v -0.572673 0.588538 -2.193846
v -0.542971 0.609503 -2.186164
v -0.515060 0.629462 -2.176942
v -0.403165 0.664365 -2.103273
v -0.470542 0.503014 -2.276445
v -0.444409 0.522378 -2.269382
v -0.421211 0.539566 -2.263315
v -0.429796 0.441985 -2.305884
v -0.406595 0.464914 -2.307807
v -0.384386 0.482839 -2.300936
v -0.851452 0.039012 -2.235060
v -0.831417 0.086076 -2.241657
v -0.778618 0.054222 -2.276904
v -0.762723 0.093247 -2.271689
v -0.733630 0.213490 -2.226707
v -0.687888 0.188291 -2.240498
v -0.686793 0.080780 -2.283445
v -0.678437 0.115537 -2.269509
v -1.063518 -0.110013 -2.163378
v -0.974603 0.029934 -2.152929
v -0.943788 0.082525 -2.155794
v -0.906137 -0.092113 -2.232960
v -0.813740 -0.068724 -2.269082
v -0.655037 0.479287 -2.182353
v -0.686947 0.435406 -2.176603
v -0.552481 0.406166 -2.246876
v -0.511965 0.349353 -2.265450
v -0.584061 0.367891 -2.234384
v -0.544363 0.315086 -2.251400
v -0.852523 0.253593 -2.180936
v -0.434800 0.077423 -2.353572
v -0.488341 0.052696 -2.341197
v -0.714268 -0.034939 -2.314860
v -0.459472 0.203514 -2.306615
v -0.500578 0.175305 -2.293599
v -0.469512 0.243065 -2.293819
v -0.507450 0.213630 -2.280082
v -1.043902 0.024874 -1.992450
v -1.035838 0.024618 -1.967926
v -1.022279 0.026799 -1.946347
v -1.012625 0.068500 -1.998621
v -1.007556 0.065805 -1.975458
v -0.997552 0.065735 -1.954990
v -0.980539 0.043883 -1.913027
v -0.962149 0.082590 -1.923618
v -0.931153 0.211787 -2.003101
v -0.933007 0.194544 -1.979556
v -0.934229 0.175059 -1.959806
v -1.138502 -0.103210 -2.074439
v -1.147745 -0.100317 -2.038625
v -1.139988 -0.094606 -1.968037
v -1.124548 -0.090989 -1.937731
v -1.103369 -0.085866 -1.911938
v -1.033872 0.029075 -2.074947
v -1.042848 0.027799 -2.047040
v -0.999297 0.078997 -2.077183
v -1.008395 0.075878 -2.050292
v -0.888783 0.016890 -1.799566
v -0.919105 -0.005380 -1.815410
v -0.850446 0.161435 -1.848030
v -0.841249 0.213419 -1.860763
v -0.875287 0.131537 -1.861851
v -0.865069 0.181396 -1.874014
v -1.048485 -0.068703 -1.872621
v -0.735621 0.486728 -2.084387
v -0.768670 0.444827 -2.086521
v -0.758059 0.475962 -2.046531
v -0.791817 0.436351 -2.050358
v -0.910594 0.249187 -2.089857
v -0.920633 0.239450 -2.059072
v -0.797814 0.436664 -1.969899
v -0.832427 0.402691 -1.974950
v -0.816015 0.408877 -1.933704
v -0.839194 0.367056 -1.944457
v -0.820615 0.363763 -1.909332
v -0.843625 0.324861 -1.920784
v -0.587671 0.191173 -1.576824
v -0.622434 0.178663 -1.572799
v -0.654480 0.163247 -1.568909
v -0.734101 0.097459 -1.540832
v -0.625712 0.084979 -1.434935
v -0.660431 0.083143 -1.444975
v -0.690985 0.082015 -1.461272
v -0.416060 0.350084 -1.821030
v -0.453444 0.352397 -1.784447
v -0.427668 0.323967 -1.779676
v -0.465453 0.328022 -1.746291
v -0.536135 0.340317 -1.726583
v -0.579290 0.315859 -1.716144
v -0.618501 0.287895 -1.707844
v -0.550055 0.308087 -1.703263
v -0.591368 0.284656 -1.693289
v -0.628861 0.257889 -1.684840
v -0.472566 0.215811 -1.597320
v -0.512403 0.209342 -1.589029
v -0.840179 0.006205 -1.667743
v -0.843733 -0.008020 -1.630566
v -0.814483 0.044735 -1.670108
v -0.819893 0.027404 -1.635057
v -0.789775 0.082083 -1.673348
v -0.795997 0.062239 -1.640509
v -0.841524 -0.045202 -1.482218
v -0.821484 -0.014487 -1.490361
v -0.800867 0.014754 -1.500966
v -0.713327 0.190296 -1.688050
v -0.720477 0.164680 -1.661374
v -0.564329 -0.127466 -1.351979
v -0.554254 -0.083238 -1.360767
v -0.543995 -0.041207 -1.374056
v -0.607181 -0.119725 -1.346277
v -0.596317 -0.076532 -1.355549
v -0.585198 -0.035575 -1.368897
v -0.510372 0.087108 -1.434772
v -0.549890 0.087606 -1.430121
v -0.694406 -0.100641 -1.355863
v -0.681521 -0.060727 -1.364073
v -0.668280 -0.022622 -1.375500
v -0.734915 -0.090357 -1.372595
v -0.721573 -0.052274 -1.379352
v -0.707817 -0.015588 -1.388985
v -0.770403 -0.079916 -1.395479
v -0.757139 -0.043326 -1.400781
v -0.743406 -0.007733 -1.408691
v -0.472565 0.493462 -1.836495
v -0.471193 0.517752 -1.846551
v -0.505418 0.478291 -1.812667
v -0.502612 0.500557 -1.825986
v -0.540403 0.462121 -1.792981
v -0.535156 0.483779 -1.808118
v -0.561417 0.596732 -1.892280
v -0.585425 0.566914 -1.870747
v -0.605672 0.535831 -1.849213
v -0.649832 0.405032 -1.772221
v -0.640917 0.442985 -1.781185
v -0.393135 0.439996 -1.891583
v -0.425496 0.433995 -1.857272
v -0.383457 0.531219 -1.916262
v -0.384462 0.558716 -1.921586
v -0.411925 0.520573 -1.888716
v -0.411848 0.547794 -1.894388
v -0.495569 0.415888 -1.793713
v -0.534343 0.403898 -1.765495
v -0.575569 0.382620 -1.750725
v -0.655140 0.597337 -2.073274
v -0.674743 0.580488 -2.030859
v -0.631250 0.626911 -2.064621
v -0.650096 0.607937 -2.021835
v -0.601131 0.646681 -2.051357
v -0.623893 0.631257 -2.008834
v -0.709342 0.527943 -1.952187
v -0.726339 0.495196 -1.916765
v -0.744157 0.459869 -1.883168
v -0.683599 0.552015 -1.944688
v -0.700020 0.518260 -1.910475
v -0.717026 0.482363 -1.878080
v -0.657841 0.572260 -1.935485
v -0.674248 0.537955 -1.903198
v -0.690727 0.501992 -1.872489
v -0.480238 0.654990 -1.981101
v -0.507373 0.642576 -1.946599
v -0.809671 0.106507 -1.759687
v -0.786342 0.143505 -1.753402
v -0.763241 0.181244 -1.749124
v -0.682918 0.289855 -1.742813
v -0.781202 0.258505 -1.811059
v -0.759036 0.290878 -1.801787
v -0.736054 0.322323 -1.793497
v -0.773016 0.311890 -1.824596
v -0.750819 0.342847 -1.814854
v -0.727775 0.372075 -1.805758
vn -0.0646 -0.9962 -0.0584
vn 0.9097 -0.3951 0.1274
vn -0.0188 0.1305 -0.9913
vn -0.7174 0.3021 -0.6278
vn 0.3376 -0.2285 0.9131
vn 0.7915 0.2851 0.5406
vn -0.6733 0.4776 -0.5644
vn -0.7953 0.5281 0.2976
vn -0.1267 -0.9796 -0.1559
vn -0.0629 -0.8571 -0.5114
vn -0.1355 -0.9777 -0.1604
vn 0.1870 -0.9583 -0.2163
vn 0.8436 -0.4547 -0.2855
vn 0.4320 -0.2488 -0.8669
vn 0.0147 0.0441 -0.9989
vn 0.3112 -0.9474 0.0754
vn 0.1702 -0.9813 -0.0899
vn -0.2404 0.1877 -0.9524
vn -0.3741 0.0381 -0.9266
vn -0.3578 0.2051 -0.9110
vn 0.0339 -0.9977 0.0589
vn -0.3766 -0.8547 0.3574
vn -0.9581 0.2469 0.1454
vn -0.7279 0.3958 0.5599
vn -0.5601 0.5367 0.6311
vn 0.0208 -0.9861 0.1646
vn 0.0565 -0.9908 0.1229
vn -0.0980 -0.0251 0.9949
vn -0.6801 0.1937 0.7071
vn -0.8715 0.4597 0.1711
vn 0.3046 0.8423 0.4447
vn 0.6771 0.5979 0.4290
vn 0.8493 -0.2084 0.4851
vn 0.6921 -0.1634 0.7031
vn 0.3913 -0.2877 0.8741
vn 0.5838 0.7066 0.3999
vn 0.8105 0.5066 -0.2941
vn 0.8429 0.2236 0.4894
vn 0.7672 0.0678 0.6378
vn 0.5665 0.7265 0.3890
vn -0.3376 0.1591 -0.9277
vn -0.4449 0.0230 -0.8953
vn -0.4129 0.2338 -0.8803
vn -0.6493 0.4859 -0.5850
vn -0.5939 0.5018 -0.6289
vn -0.7546 0.6547 0.0429
vn -0.7408 0.3277 0.5864
vn -0.7447 0.3359 0.5767
vn 0.5269 0.4771 0.7034
vn -0.3935 0.5317 0.7500
vn 0.2247 -0.8080 -0.5446
vn 0.1014 -0.9537 -0.2833
vn 0.1474 -0.7741 -0.6157
vn 0.2497 -0.9079 -0.3367
vn 0.0855 -0.8061 -0.5856
vn 0.2119 -0.9732 -0.0898
vn 0.2018 -0.9199 -0.3362
vn 0.0087 -0.8763 -0.4817
vn -0.3966 -0.7552 0.5220
vn 0.2579 -0.9217 0.2899
vn -0.0985 -0.7829 0.6143
vn -0.2653 -0.9218 0.2827
vn -0.3519 -0.8921 0.2835
vn 0.0337 -0.9961 0.0816
vn 0.0862 -0.9891 0.1196
vn -0.4676 -0.8613 0.1985
vn 0.4474 0.8385 0.3111
vn 0.6245 0.7407 0.2477
vn -0.1229 -0.9682 0.2179
vn -0.0984 -0.9715 0.2159
vn 0.0919 -0.9955 -0.0222
vn -0.1169 -0.9750 0.1891
vn 0.4715 0.8023 -0.3660
vn 0.5647 0.6565 0.5000
vn 0.4555 0.8440 0.2831
vn 0.4628 0.7989 -0.3843
vn 0.5682 0.6647 -0.4851
vn 0.8688 0.1257 0.4789
vn 0.9445 0.2100 -0.2526
vn 0.6894 0.7239 0.0267
vn -0.4778 0.2510 -0.8418
vn -0.3097 0.1959 -0.9304
vn -0.2882 0.1916 -0.9382
vn -0.2564 0.3449 -0.9029
vn -0.3266 0.1729 -0.9292
vn -0.7723 0.6347 0.0254
vn -0.6094 0.5794 0.5412
vn -0.6214 0.4643 0.6311
vn -0.7577 0.3351 0.5600
vn -0.8282 0.5584 -0.0482
vn -0.0528 0.7432 0.6669
vn -0.5337 0.7320 0.4234
vn -0.0299 0.5872 0.8089
vn 0.6066 0.2041 0.7683
vn 0.2689 0.6181 0.7387
vn -0.0922 0.3704 0.9243
vn -0.0889 -0.9918 -0.0923
vn -0.1510 -0.9516 -0.2678
vn -0.1308 -0.9000 -0.4158
vn 0.0247 -0.7464 -0.6650
vn 0.0610 -0.4635 -0.8840
vn 0.0351 -0.1772 -0.9836
vn -0.0048 0.0269 -0.9996
vn -0.2191 -0.9677 -0.1244
vn 0.1374 -0.9706 -0.1979
vn 0.2076 -0.9518 -0.2257
vn 0.2748 -0.9338 -0.2292
vn 0.4227 -0.8739 -0.2402
vn 0.5633 -0.8089 -0.1688
vn 0.7594 -0.6504 -0.0175
vn 0.9002 -0.4346 -0.0269
vn 0.7262 -0.4244 -0.5409
vn 0.5947 -0.3533 -0.7222
vn 0.2005 -0.1012 -0.9744
vn 0.0418 0.0021 -0.9991
vn 0.0310 0.0889 -0.9956
vn 0.1293 -0.9908 0.0386
vn 0.2479 -0.9655 0.0796
vn 0.2999 -0.9539 0.0068
vn -0.1063 -0.9756 -0.1922
vn -0.4926 -0.7944 -0.3553
vn -0.7646 -0.3904 -0.5128
vn -0.7982 0.0130 -0.6023
vn -0.2011 0.1788 -0.9631
vn -0.2477 0.2315 -0.9408
vn -0.3441 0.0729 -0.9361
vn -0.3445 0.0923 -0.9343
vn -0.3225 0.1501 -0.9346
vn -0.4836 0.2691 -0.8329
vn 0.0201 -0.9998 -0.0055
vn 0.0504 -0.9985 0.0235
vn -0.0176 -0.9935 0.1124
vn -0.1060 -0.9772 0.1841
vn -0.2280 -0.9359 0.2687
vn -0.5936 -0.6571 0.4646
vn -0.8292 -0.2189 0.5143
vn -0.8747 0.2439 0.4188
vn -0.8236 0.4684 0.3198
vn -0.9137 0.2752 -0.2991
vn -0.9676 0.2499 -0.0358
vn -0.9211 0.2488 0.2993
vn -0.8749 0.2617 0.4075
vn -0.8252 0.2994 0.4790
vn -0.5829 0.4987 0.6415
vn -0.6192 0.5410 0.5691
vn -0.7062 0.5341 0.4647
vn -0.1489 -0.9825 -0.1120
vn -0.1031 -0.9946 -0.0122
vn 0.0658 -0.9810 0.1826
vn 0.0597 -0.9921 0.1105
vn 0.0968 -0.9707 0.2199
vn 0.1900 -0.8407 0.5071
vn 0.2902 -0.5376 0.7917
vn 0.2118 -0.1567 0.9647
vn 0.0646 -0.0890 0.9939
vn -0.2769 0.0407 0.9600
vn -0.4426 0.0989 0.8912
vn -0.5755 0.1436 0.8051
vn -0.8264 0.3287 0.4573
vn -0.8514 0.5094 0.1251
vn -0.8379 0.5222 0.1590
vn 0.9673 -0.0694 0.2440
vn 0.9069 0.2818 0.3132
vn 0.7324 0.5747 0.3651
vn 0.4757 0.7698 0.4255
vn 0.2577 0.8580 0.4444
vn 0.3877 0.8057 0.4478
vn 0.8082 0.3953 0.4364
vn 0.8895 -0.3475 0.2966
vn 0.8553 -0.2818 0.4349
vn 0.8309 -0.1465 0.5367
vn 0.4673 -0.2421 0.8503
vn 0.3932 -0.2893 0.8728
vn 0.3907 -0.2742 0.8788
vn 0.3457 -0.0176 0.9382
vn 0.3394 0.1237 0.9325
vn 0.3247 0.2496 0.9123
vn 0.3364 0.5432 0.7693
vn 0.4300 0.7500 0.5027
vn 0.6806 0.5956 0.4266
vn 0.7421 0.4666 0.4813
vn 0.0790 0.1833 -0.9799
vn 0.1097 0.2242 -0.9683
vn 0.2213 0.2999 -0.9279
vn 0.5291 0.4515 -0.7185
vn 0.8984 0.4311 0.0835
vn 0.8803 0.3138 0.3559
vn 0.8268 0.2113 0.5212
vn 0.7797 0.1123 0.6161
vn 0.7505 0.3004 0.5887
vn 0.6748 0.5647 0.4752
vn 0.2051 0.9741 0.0954
vn -0.2413 0.9191 -0.3115
vn -0.4151 0.7772 -0.4729
vn -0.5618 0.6409 -0.5230
vn -0.1497 0.1696 -0.9741
vn -0.4430 0.1227 -0.8881
vn -0.4504 0.0719 -0.8899
vn -0.4296 0.0274 -0.9026
vn -0.4022 0.1098 -0.9089
vn -0.5244 0.3561 -0.7735
vn -0.6471 0.4554 -0.6114
vn -0.6918 0.4516 -0.5634
vn -0.7452 0.3785 -0.5490
vn -0.6957 0.4328 -0.5733
vn -0.6128 0.4440 -0.6537
vn -0.6632 0.4312 -0.6117
vn -0.7571 0.5762 -0.3078
vn -0.7702 0.6295 -0.1028
vn -0.7261 0.6672 0.1662
vn -0.7036 0.6522 0.2822
vn -0.7252 0.5055 0.4674
vn -0.7277 0.2768 0.6276
vn -0.7280 0.2840 0.6240
vn -0.7704 0.4541 0.4475
vn 0.7068 0.3446 0.6178
vn 0.6259 0.4120 0.6622
vn 0.3018 0.5201 0.7990
vn -0.0288 0.5129 0.8580
vn -0.2221 0.5043 0.8345
vn -0.6178 0.5417 0.5700
vn -0.7698 0.5164 0.3753
vn -0.8088 0.5110 0.2912
vn -0.8095 0.5227 0.2672
vn 0.1691 -0.9103 -0.3778
vn 0.1737 -0.8414 -0.5117
vn 0.4053 -0.8494 -0.3379
vn 0.3694 -0.8663 -0.3363
vn 0.1053 -0.6832 -0.7226
vn 0.0549 -0.5101 -0.8584
vn 0.1687 -0.9281 -0.3319
vn 0.1910 -0.9251 -0.3281
vn 0.1102 -0.8019 -0.5872
vn 0.0886 -0.7845 -0.6138
vn 0.2909 -0.7737 -0.5628
vn 0.3221 -0.7247 -0.6091
vn 0.2615 -0.8502 -0.4570
vn 0.2744 -0.8771 -0.3942
vn -0.1465 -0.9612 -0.2337
vn 0.1555 -0.8141 -0.5595
vn -0.0276 -0.9770 -0.2115
vn 0.0066 -0.0976 -0.9952
vn 0.0188 -0.2882 -0.9574
vn 0.3665 -0.4926 -0.7893
vn 0.3439 -0.6318 -0.6946
vn 0.2016 -0.9417 -0.2692
vn 0.6598 -0.6817 -0.3161
vn 0.4879 -0.8076 -0.3312
vn 0.2478 -0.9503 -0.1884
vn -0.1665 -0.5658 -0.8076
vn -0.0655 -0.7726 -0.6315
vn 0.0845 -0.8412 -0.5340
vn -0.1101 -0.6010 -0.7916
vn 0.0738 -0.9351 -0.3466
vn 0.1429 -0.9684 -0.2043
vn 0.1159 -0.8441 -0.5235
vn 0.1595 -0.8855 -0.4364
vn 0.0076 -0.6858 -0.7278
vn -0.1113 -0.4566 -0.8827
vn 0.0722 -0.8425 -0.5338
vn 0.2763 -0.9611 0.0012
vn 0.2285 -0.9486 -0.2190
vn 0.0227 -0.9950 -0.0978
vn 0.1281 -0.9891 -0.0728
vn -0.3275 0.0558 -0.9432
vn -0.2679 -0.2289 -0.9359
vn -0.3127 -0.0408 -0.9490
vn -0.2293 -0.2021 -0.9521
vn -0.1327 -0.8738 -0.4679
vn -0.0627 -0.8841 -0.4631
vn -0.2550 0.0498 -0.9657
vn -0.2423 -0.2469 -0.9383
vn 0.1936 -0.9136 0.3575
vn 0.1175 -0.8965 0.4272
vn 0.0217 -0.8563 0.5159
vn -0.7071 -0.6622 0.2480
vn -0.4106 -0.8688 0.2768
vn -0.2769 -0.6199 0.7342
vn -0.4934 -0.2783 0.8241
vn 0.0039 -0.9522 0.3055
vn -0.2723 -0.7759 0.5691
vn -0.5196 -0.6296 0.5776
vn -0.6974 -0.3667 0.6157
vn -0.3683 -0.8000 0.4736
vn -0.3359 -0.8470 0.4119
vn -0.3055 -0.8856 0.3499
vn 0.1688 -0.9693 0.1786
vn 0.2536 -0.9369 0.2408
vn -0.1847 -0.8329 0.5216
vn -0.0627 -0.7954 0.6028
vn 0.3186 -0.9370 0.1431
vn 0.3038 -0.9285 0.2133
vn -0.5737 0.4017 0.7138
vn -0.5849 0.1112 0.8035
vn -0.8129 0.1004 0.5737
vn -0.8020 -0.0959 0.5896
vn -0.0154 -0.9964 0.0829
vn -0.1861 -0.9582 0.2174
vn -0.9812 0.0213 0.1919
vn -0.9402 -0.2664 0.2123
vn 0.1061 -0.9821 0.1556
vn -0.9001 -0.3030 0.3131
vn -0.6888 -0.6761 0.2616
vn 0.0467 -0.9848 0.1672
vn -0.0331 -0.9306 0.3644
vn -0.3027 -0.9409 0.1518
vn -0.1563 -0.9811 0.1143
vn -0.0418 -0.9950 0.0903
vn -0.2277 -0.9432 0.2419
vn -0.0935 -0.9766 0.1938
vn 0.0153 -0.9885 0.1505
vn -0.4833 -0.7926 0.3719
vn -0.6418 -0.5687 0.5144
vn -0.3482 -0.8828 0.3154
vn 0.0696 -0.9913 0.1119
vn 0.0710 -0.9937 0.0868
vn 0.1159 -0.9881 0.1015
vn 0.1204 -0.9874 0.1026
vn -0.0822 -0.9951 -0.0554
vn -0.0841 -0.9946 -0.0600
vn -0.1207 -0.3300 0.9362
vn -0.1063 -0.7074 0.6988
vn -0.7212 0.0139 0.6926
vn -0.7268 -0.2541 0.6381
vn -0.5247 -0.8305 0.1870
vn -0.5717 -0.8160 0.0855
vn -0.9171 0.3317 0.2211
vn -0.9525 0.0913 0.2905
vn 0.5134 0.7520 0.4133
vn 0.5775 0.7526 0.3164
vn 0.4816 0.8421 0.2430
vn 0.5550 0.8019 0.2212
vn 0.5376 0.5853 0.6069
vn 0.5126 0.7951 0.3241
vn 0.6022 0.6812 0.4164
vn 0.3161 0.8564 0.4083
vn 0.3674 0.8615 0.3505
vn 0.8328 0.0790 0.5480
vn 0.7562 0.3429 0.5573
vn 0.6464 0.5665 0.5111
vn 0.6503 0.6936 0.3099
vn 0.7047 0.6625 0.2539
vn 0.6735 0.7035 0.2271
vn 0.4096 -0.0903 0.9078
vn 0.4071 0.0480 0.9121
vn 0.4501 0.2336 0.8619
vn 0.7259 0.0684 0.6844
vn 0.7378 0.2502 0.6269
vn 0.7028 0.4699 0.5341
vn -0.1223 -0.9738 0.1918
vn -0.0616 -0.9912 0.1172
vn -0.0011 -0.9510 0.3092
vn -0.0905 -0.9746 0.2048
vn 0.2372 -0.9677 -0.0858
vn 0.3946 -0.9189 0.0045
vn -0.1135 -0.9724 0.2039
vn -0.0663 -0.9870 0.1465
vn -0.0397 -0.9621 0.2698
vn 0.1316 -0.9226 0.3625
vn -0.1394 -0.9671 0.2126
vn -0.1429 -0.9687 0.2031
vn -0.1579 -0.9870 -0.0303
vn -0.1220 -0.9833 0.1353
vn 0.1992 -0.9601 -0.1962
vn 0.1981 -0.9662 -0.1649
vn -0.0484 -0.9762 0.2114
vn 0.7902 -0.4863 0.3730
vn 0.6197 -0.7610 0.1921
vn 0.5885 -0.4869 0.6454
vn 0.3680 -0.7841 0.4997
vn -0.0425 -0.9862 0.1600
vn 0.3179 -0.5617 0.7639
vn 0.1626 -0.8272 0.5378
vn 0.4126 0.7940 0.4465
vn 0.3686 0.8498 0.3767
vn 0.2980 0.6424 -0.7061
vn 0.6832 0.7202 0.1210
vn 0.5505 0.8321 -0.0673
vn 0.5768 0.7786 0.2472
vn 0.5349 0.8329 -0.1422
vn 0.5290 0.8448 0.0809
vn 0.5592 0.6144 -0.5566
vn 0.3816 0.8373 -0.3915
vn 0.3901 0.8330 -0.3923
vn 0.5933 0.5520 0.5858
vn 0.3537 0.8380 0.4154
vn 0.7501 0.4364 0.4970
vn 0.9700 -0.0710 -0.2326
vn 0.9439 0.2934 -0.1515
vn 0.8578 0.5116 -0.0497
vn 0.5006 0.0367 -0.8649
vn 0.5392 0.2212 -0.8126
vn 0.5730 0.3806 -0.7259
vn 0.6163 0.7003 -0.3601
vn 0.0362 0.1604 -0.9864
vn 0.0659 0.2618 -0.9629
vn 0.1370 0.4082 -0.9025
vn 0.9262 0.1149 0.3592
vn 0.9820 0.1391 0.1275
vn 0.3071 0.8380 -0.4510
vn 0.6628 0.2102 -0.7187
vn 0.7587 0.6097 0.2293
vn 0.8275 0.4329 0.3574
vn 0.7800 0.5003 -0.3759
vn 0.9187 0.2603 -0.2971
vn 0.2468 0.5629 -0.7888
vn 0.6264 0.7097 -0.3224
vn 0.6793 0.7169 -0.1571
vn 0.8640 0.0697 0.4987
vn 0.9218 0.3067 -0.2372
vn 0.8238 0.0951 0.5588
vn -0.1297 0.1349 -0.9823
vn 0.0820 0.1285 -0.9883
vn 0.2865 0.1399 -0.9478
vn -0.4126 0.0509 -0.9095
vn -0.2665 0.2029 -0.9422
vn -0.0517 0.3884 -0.9201
vn 0.6491 0.7271 0.2235
vn -0.2591 0.4492 -0.8550
vn -0.1718 0.5421 -0.8226
vn -0.0907 0.6540 -0.7510
vn -0.5394 0.2083 -0.8159
vn -0.5006 0.2181 -0.8377
vn -0.2649 0.1270 -0.9559
vn -0.2687 0.1295 -0.9545
vn -0.1808 0.3031 -0.9356
vn -0.3351 0.2858 -0.8978
vn -0.2934 0.2832 -0.9131
vn -0.2784 0.3402 -0.8982
vn -0.4514 0.1086 -0.8857
vn -0.4611 0.1569 -0.8734
vn -0.1420 0.3074 -0.9409
vn -0.0897 0.3616 -0.9280
vn -0.1750 0.3112 -0.9341
vn -0.5448 0.3722 -0.7515
vn -0.4077 0.2668 -0.8733
vn -0.4539 0.1027 -0.8851
vn -0.3986 0.1158 -0.9098
vn -0.4428 0.0450 -0.8955
vn -0.4031 0.0929 -0.9104
vn -0.4339 0.3476 -0.8312
vn -0.2387 0.2838 -0.9287
vn -0.4043 0.0737 -0.9117
vn -0.4062 0.2269 -0.8852
vn -0.3650 0.3000 -0.8814
vn -0.7477 0.6359 0.1913
vn -0.7055 0.6242 0.3358
vn -0.6557 0.6041 0.4528
vn -0.6607 0.3826 0.6458
vn -0.7034 0.3418 0.6232
vn -0.8849 0.4656 0.0067
vn -0.5854 0.5353 0.6089
vn -0.8060 0.3536 0.4747
vn -0.8447 0.3814 0.3756
vn -0.8661 0.4525 0.2127
vn -0.8424 0.5381 0.0274
vn -0.7937 0.6080 0.0197
vn -0.6877 0.4763 0.5479
vn -0.6483 0.5363 0.5404
vn -0.7294 0.3996 0.5552
vn -0.8522 0.5189 0.0674
vn -0.6098 0.5816 0.5385
vn -0.7375 0.5713 -0.3602
vn -0.7724 0.6176 -0.1483
vn -0.7255 0.3654 0.5832
vn -0.6811 0.4049 0.6100
vn -0.7633 0.3001 0.5721
vn -0.7648 0.3054 0.5674
vn -0.5787 0.5457 0.6061
vn -0.7089 0.5773 -0.4052
vn -0.7681 0.5938 -0.2395
vn -0.7414 0.6705 -0.0258
vn -0.7324 0.6785 -0.0577
vn -0.1895 0.7482 0.6359
vn -0.3014 0.7537 0.5840
vn -0.4132 0.7494 0.5173
vn -0.0548 0.6514 0.7568
vn -0.6688 0.6840 0.2912
vn -0.0938 0.7907 0.6049
vn -0.4957 0.7692 0.4032
vn -0.4997 0.7263 0.4719
vn 0.3987 0.6188 0.6769
vn 0.1419 0.7146 0.6850
vn -0.4906 0.6193 0.6129
vn -0.5288 0.6754 0.5141
vn 0.3898 0.7584 0.5223
vn 0.1761 0.7507 0.6368
vn -0.8269 0.5404 0.1557
vn -0.7956 0.5840 0.1610
vn -0.7580 0.6225 0.1947
vn -0.6431 0.3214 0.6951
vn -0.6315 0.4098 0.6582
vn -0.5883 0.5608 0.5826
vn -0.0696 0.1556 0.9854
vn -0.0438 0.2688 0.9622
vn -0.0311 0.3941 0.9185
vn 0.5818 0.1986 0.7887
vn 0.4832 0.3527 0.8013
vn -0.3856 0.3336 0.8602
vn -0.1197 0.8091 0.5754
vn 0.1840 0.4258 0.8859
vn 0.3988 0.3639 0.8418
vn 0.5283 0.2698 0.8050
vn 0.0216 0.5813 0.8134
vn 0.0800 0.5749 0.8143
vn 0.1475 0.5696 0.8086
vn -0.2827 0.6216 0.7305
vn 0.0078 0.5521 0.8337
vn 0.0040 0.4600 0.8879
vn 0.7104 0.0971 0.6971
vn 0.6634 0.1496 0.7332
vn 0.4701 0.7218 0.5079
vn 0.3812 0.6841 0.6219
vn 0.5914 0.3102 0.7444
vn -0.7421 0.6604 0.1146
vn -0.7047 0.6840 0.1885
vn -0.5325 0.7789 0.3315
vn -0.6912 0.4059 0.5979
vn -0.6338 0.4945 0.5948
vn -0.5236 0.5787 0.6252
vn -0.2354 0.3908 0.8899
vn -0.7331 0.3246 0.5977
vn -0.7034 0.3246 0.6324
vn -0.6080 0.3325 0.7210
vn 0.1619 -0.8943 -0.4170
vn 0.1231 -0.8447 -0.5208
vn 0.1491 -0.8983 -0.4132
vn 0.1259 -0.8580 -0.4979
vn 0.0240 -0.5406 -0.8409
vn 0.1504 -0.6301 -0.7618
vn 0.0546 -0.6977 -0.7143
vn 0.1201 -0.7258 -0.6773
vn 0.3893 -0.8250 -0.4096
vn 0.3773 -0.8425 -0.3845
vn 0.3690 -0.7792 -0.5067
vn 0.3610 -0.8117 -0.4592
vn -0.2079 -0.9652 -0.1585
vn -0.0328 -0.9433 -0.3303
vn 0.0686 -0.8763 -0.4769
vn 0.1892 -0.9501 -0.2478
vn 0.1898 -0.9460 -0.2627
vn 0.0356 -0.0390 -0.9986
vn 0.0691 -0.2342 -0.9697
vn 0.0214 -0.1514 -0.9882
vn 0.1799 -0.3036 -0.9357
vn 0.0137 -0.3394 -0.9405
vn 0.1743 -0.4832 -0.8580
vn 0.1270 -0.4803 -0.8678
vn 0.1723 -0.6911 -0.7019
vn 0.7277 -0.6734 -0.1305
vn 0.5320 -0.8148 -0.2301
vn 0.4214 -0.8610 -0.2850
vn 0.3264 -0.9020 -0.2827
vn 0.5638 -0.6530 -0.5057
vn 0.4408 -0.7735 -0.4554
vn 0.4701 -0.5946 -0.6523
vn 0.3974 -0.7132 -0.5775
vn 0.1924 -0.9370 -0.2916
vn 0.1366 -0.9047 -0.4035
vn -0.0890 -0.5196 -0.8498
vn -0.1016 -0.4681 -0.8778
vn 0.0611 -0.7770 -0.6266
vn 0.0265 -0.7198 -0.6937
vn -0.1301 -0.5061 -0.8526
vn -0.0080 -0.7265 -0.6871
vn 0.0847 -0.9962 -0.0219
vn 0.2006 -0.9796 0.0144
vn 0.2920 -0.9523 -0.0888
vn -0.0345 -0.9769 -0.2111
vn 0.0586 -0.9798 -0.1910
vn -0.0867 -0.9342 -0.3461
vn -0.0055 -0.9430 -0.3328
vn -0.5094 0.0506 -0.8590
vn -0.4937 -0.3259 -0.8063
vn -0.2739 0.0366 -0.9611
vn -0.2859 0.0019 -0.9583
vn -0.2108 -0.1890 -0.9591
vn -0.2128 -0.1818 -0.9600
vn -0.2686 -0.7265 -0.6326
vn 0.0541 -0.9174 -0.3942
vn -0.1411 0.0769 -0.9870
vn -0.1055 -0.1489 -0.9832
vn -0.1956 0.1002 -0.9756
vn -0.1865 -0.1932 -0.9633
vn -0.1299 -0.5001 -0.8562
vn -0.1634 -0.7677 -0.6197
vn -0.1804 -0.5686 -0.8026
vn -0.1247 -0.7857 -0.6059
vn -0.3256 -0.0328 -0.9449
vn -0.2533 -0.2406 -0.9370
vn -0.0676 -0.9248 0.3743
vn -0.1232 -0.8956 0.4274
vn -0.1841 -0.8500 0.4935
vn -0.6256 -0.3248 0.7093
vn -0.4346 -0.6169 0.6561
vn -0.7205 -0.5801 0.3800
vn -0.4422 -0.8203 0.3627
vn -0.7228 -0.4914 0.4859
vn -0.4766 -0.7585 0.4444
vn -0.7150 -0.4142 0.5633
vn -0.5071 -0.6884 0.5186
vn 0.1671 -0.9816 0.0922
vn 0.1850 -0.9735 0.1344
vn 0.2696 -0.9529 0.1386
vn 0.2725 -0.9433 0.1896
vn 0.1243 -0.9625 0.2410
vn 0.0491 -0.9453 0.3226
vn -0.0550 -0.9065 0.4186
vn 0.2122 -0.9271 0.3090
vn 0.1455 -0.9069 0.3953
vn 0.0534 -0.8670 0.4955
vn 0.2406 -0.9639 0.1136
vn 0.1173 -0.9679 0.2224
vn -0.7172 0.4602 0.5233
vn -0.6214 0.4449 0.6449
vn -0.7309 0.2143 0.6479
vn -0.6099 0.1885 0.7697
vn -0.6772 0.2545 0.6904
vn -0.7141 -0.0212 0.6998
vn -0.6257 -0.2490 0.7393
vn -0.4786 -0.2522 0.8411
vn -0.3812 -0.6537 0.6537
vn -0.2426 -0.6265 0.7407
vn -0.9696 -0.0175 -0.2442
vn -0.9040 -0.3768 -0.2020
vn -0.9999 -0.0071 0.0096
vn -0.9446 -0.3271 0.0288
vn -0.6311 -0.7709 -0.0866
vn -0.3001 -0.9532 0.0373
vn -0.6820 -0.7240 0.1037
vn -0.3847 -0.9033 0.1900
vn -0.9387 0.0395 0.3424
vn -0.9077 -0.2018 0.3678
vn -0.8937 0.0457 0.4463
vn -0.8658 -0.1477 0.4782
vn -0.8569 0.0502 0.5130
vn -0.8294 -0.1129 0.5472
vn 0.0398 -0.9840 0.1738
vn -0.0641 -0.9763 0.2069
vn -0.1981 -0.9465 0.2547
vn -0.1671 -0.8841 0.4365
vn -0.3300 -0.8041 0.4946
vn -0.4942 -0.6959 0.5210
vn -0.0447 -0.9737 0.2236
vn -0.1751 -0.9419 0.2866
vn -0.3296 -0.8805 0.3407
vn -0.7551 -0.4394 0.4865
vn -0.5516 -0.7330 0.3981
vn -0.0828 -0.9915 -0.1008
vn -0.0561 -0.9970 -0.0533
vn -0.0608 -0.9946 -0.0838
vn -0.0505 -0.9965 -0.0668
vn 0.1284 -0.9788 0.1599
vn 0.1366 -0.9791 0.1507
vn -0.1413 -0.9899 -0.0111
vn -0.1559 -0.9870 -0.0388
vn -0.2393 -0.9697 0.0482
vn -0.2667 -0.9638 -0.0043
vn -0.3707 -0.9214 0.1170
vn -0.4097 -0.9114 0.0392
vn 0.1827 -0.4770 0.8597
vn 0.0425 -0.4080 0.9120
vn 0.1341 -0.8127 0.5671
vn 0.0320 -0.7702 0.6369
vn -0.3048 -0.2372 0.9224
vn -0.4774 -0.1420 0.8671
vn -0.6152 -0.0583 0.7862
vn -0.2785 -0.6141 0.7384
vn -0.4549 -0.4967 0.7391
vn -0.6061 -0.3742 0.7018
vn 0.1031 -0.9642 0.2441
vn 0.0567 -0.9531 0.2974
vn 0.1053 -0.9890 0.1038
vn 0.0966 -0.9873 0.1262
vn -0.8774 0.4460 0.1769
vn -0.9430 0.2329 0.2377
vn -0.8980 0.4189 0.1348
vn -0.9651 0.2025 0.1663
vn -0.9346 -0.1949 0.2975
vn -0.7374 -0.6214 0.2648
vn -0.9622 -0.2013 0.1836
vn -0.7822 -0.6065 0.1426
vn -0.8558 0.1558 0.4933
vn -0.8491 -0.0977 0.5192
vn 0.5716 0.7127 0.4067
vn 0.5650 0.7717 0.2921
vn 0.5349 0.7911 0.2966
vn 0.5532 0.6434 0.5291
vn 0.5798 0.6749 0.4564
vn 0.9061 -0.0305 0.4220
vn 0.8199 0.2976 0.4891
vn 0.6475 0.5770 0.4978
vn 0.8491 0.0203 0.5278
vn 0.7657 0.3242 0.5555
vn 0.6245 0.5798 0.5233
vn 0.4415 0.7682 0.4636
vn 0.4581 0.7690 0.4458
vn 0.8124 0.1207 0.5705
vn 0.7569 0.3413 0.5573
vn 0.6795 0.5345 0.5027
vn 0.7879 0.4980 0.3622
vn 0.7282 0.6045 0.3230
vn 0.5512 0.7408 0.3839
vn 0.4713 0.8461 0.2491
vn 0.5300 0.8247 0.1975
vn 0.3121 0.8919 0.3273
vn 0.4004 0.8802 0.2548
vn 0.4044 -0.0683 0.9120
vn 0.3989 0.0733 0.9141
vn 0.3998 0.2139 0.8913
vn 0.4128 -0.0984 0.9055
vn 0.5252 -0.0458 0.8497
vn 0.4150 0.0415 0.9089
vn 0.5700 0.1090 0.8144
vn 0.4775 0.3055 0.8238
vn 0.6048 0.3890 0.6949
vn 0.4655 0.5415 0.7001
vn -0.1458 -0.9695 0.1969
vn -0.1399 -0.9733 0.1817
vn 0.3254 -0.9300 0.1706
vn 0.1075 -0.9868 0.1211
vn -0.0058 -0.9350 0.3545
vn -0.1069 -0.9650 0.2395
vn 0.0146 -0.9234 0.3836
vn -0.0945 -0.9600 0.2635
vn -0.1998 -0.9764 -0.0824
vn -0.1292 -0.9896 0.0635
vn 0.0423 -0.9949 -0.0915
vn 0.1991 -0.9627 -0.1832
vn -0.0522 -0.9905 0.1270
vn 0.0970 -0.9946 -0.0370
vn -0.0349 -0.9787 0.2021
vn 0.7808 -0.6151 0.1101
vn 0.7896 -0.5523 0.2673
vn 0.5940 -0.7982 -0.1004
vn 0.6130 -0.7887 0.0469
vn 0.7670 -0.4582 0.4492
vn 0.5740 -0.7592 0.3068
vn 0.4020 -0.8932 -0.2013
vn 0.3842 -0.9178 -0.1000
vn 0.2472 -0.9492 -0.1945
vn 0.2504 -0.9553 -0.1570
vn 0.3248 -0.5660 0.7578
vn 0.1840 -0.8460 0.5003
vn 0.0428 -0.9675 0.2493
vn -0.0266 -0.9878 0.1533
vn 0.3193 -0.5506 0.7713
vn 0.1642 -0.8063 0.5682
vn 0.3616 -0.5213 0.7730
vn 0.1891 -0.7888 0.5848
vn 0.4626 0.8635 0.2010
vn 0.4208 0.8931 0.1591
vn 0.4511 0.8872 -0.0966
vn 0.4187 0.9013 -0.1111
vn 0.7300 0.6755 -0.1042
vn 0.7041 0.6287 -0.3302
vn 0.2764 0.6623 -0.6964
vn 0.3474 0.6447 -0.6809
vn 0.7786 0.3507 0.5204
vn 0.3500 0.7498 0.5615
vn 0.2861 0.8274 0.4833
vn 0.7520 0.5864 0.3012
vn 0.7277 0.6858 -0.0097
vn 0.9949 -0.0842 0.0561
vn 0.9539 0.2831 0.0998
vn 0.8166 0.5512 0.1714
vn 0.8499 -0.0483 -0.5247
vn 0.6886 -0.0095 -0.7251
vn 0.8559 0.2786 -0.4356
vn 0.7135 0.2425 -0.6574
vn 0.8287 0.4672 -0.3082
vn 0.7354 0.4103 -0.5393
vn 0.5772 0.7564 0.3078
vn 0.0439 0.1812 -0.9825
vn 0.0704 0.2560 -0.9641
vn 0.1582 0.3726 -0.9144
vn 0.3847 0.5788 -0.7191
vn 0.0702 0.1350 -0.9884
vn 0.1021 0.2535 -0.9619
vn 0.1614 0.4168 -0.8946
vn 0.2463 0.0917 -0.9648
vn 0.2896 0.2336 -0.9282
vn 0.3259 0.3984 -0.8573
vn 0.8806 0.4012 0.2523
vn 0.9486 0.3104 0.0621
vn 0.7807 0.6161 0.1048
vn 0.8143 0.5780 -0.0531
vn 0.6281 0.1947 -0.7534
vn 0.4682 0.3618 -0.8062
vn 0.2612 0.7327 -0.6284
vn 0.2057 0.6585 -0.7239
vn 0.8250 0.0730 0.5605
vn 0.9187 0.1212 0.3758
vn 0.9670 0.2148 0.1371
vn 0.7957 0.3968 0.4576
vn 0.7220 0.5996 0.3453
vn 0.0395 0.1631 -0.9858
vn 0.1446 0.1707 -0.9747
vn 0.2836 0.2098 -0.9357
vn -0.3065 0.1032 -0.9463
vn -0.3929 0.0563 -0.9178
vn -0.0689 0.0970 -0.9929
vn -0.2103 0.0963 -0.9729
vn 0.2182 0.1128 -0.9694
vn 0.0822 0.1948 -0.9774
vn 0.6472 0.3022 -0.6999
vn -0.3683 0.5578 -0.7437
vn -0.2617 0.6632 -0.7012
vn -0.1464 0.8061 -0.5734
vn 0.2838 0.9426 -0.1761
vn -0.2721 0.3244 -0.9059
vn -0.1582 0.4678 -0.8695
vn -0.0839 0.5550 -0.8276
vn -0.3639 0.1586 -0.9178
vn -0.2187 0.3676 -0.9039
vn -0.0843 0.5042 -0.8595
vn -0.5049 0.1354 -0.8525
vn -0.4236 0.2575 -0.8685
vn -0.3987 0.1876 -0.8977
vn -0.2510 0.3224 -0.9127
vn -0.2510 0.2859 -0.9248
vn -0.1770 0.2828 -0.9427
vn -0.1406 0.3782 -0.9150
vn -0.1391 0.3619 -0.9218
vn -0.4981 0.3659 -0.7862
vn -0.6015 0.3319 -0.7267
vn -0.6169 0.2717 -0.7387
vn -0.3884 0.1854 -0.9026
vn -0.4095 0.1140 -0.9051
vn -0.5503 0.2584 -0.7940
vn -0.4951 0.2703 -0.8258
vn -0.4180 0.0221 -0.9082
vn -0.4239 0.0095 -0.9057
vn -0.3662 0.0402 -0.9297
vn -0.3785 0.0379 -0.9248
vn -0.5023 0.3457 -0.7926
vn -0.3053 0.2225 -0.9259
vn -0.3101 0.2978 -0.9029
vn -0.2810 0.1570 -0.9468
vn -0.4459 0.1852 -0.8757
vn -0.3989 0.2613 -0.8790
vn -0.4540 0.1186 -0.8831
vn -0.4130 0.1872 -0.8913
vn -0.7728 0.6089 0.1793
vn -0.7360 0.5950 0.3230
vn -0.6910 0.5698 0.4447
vn -0.8207 0.5419 0.1812
vn -0.7833 0.5312 0.3230
vn -0.7356 0.5085 0.4475
vn -0.6295 0.4725 0.6169
vn -0.6682 0.4165 0.6165
vn -0.8703 0.4504 0.1996
vn -0.8330 0.4353 0.3415
vn -0.7873 0.4156 0.4553
vn -0.7864 0.5072 -0.3526
vn -0.8463 0.5201 -0.1147
vn -0.8208 0.5216 0.2329
vn -0.7652 0.5353 0.3578
vn -0.6981 0.5631 0.4423
vn -0.7662 0.5419 -0.3453
vn -0.7942 0.5903 -0.1444
vn -0.8216 0.4698 -0.3228
vn -0.8452 0.5185 -0.1294
vn -0.7188 0.4866 0.4965
vn -0.6451 0.5159 0.5637
vn -0.7267 0.2978 0.6191
vn -0.7369 0.2823 0.6142
vn -0.7026 0.3241 0.6335
vn -0.7268 0.2979 0.6189
vn -0.5543 0.5717 0.6049
vn -0.7337 0.5637 -0.3794
vn -0.6920 0.5807 -0.4289
vn -0.7515 0.6356 -0.1770
vn -0.7180 0.6577 -0.2276
vn -0.8098 0.4747 -0.3449
vn -0.8601 0.4757 -0.1843
vn -0.7357 0.6663 0.1218
vn -0.7979 0.5806 0.1622
vn -0.7760 0.5402 0.3255
vn -0.8314 0.4019 0.3837
vn -0.7897 0.3624 0.4951
vn -0.8040 0.3305 0.4944
vn -0.1837 0.7986 0.5732
vn -0.2833 0.7993 0.5300
vn -0.3846 0.7909 0.4760
vn -0.6266 0.7102 0.3209
vn -0.1602 0.6746 0.7206
vn -0.2701 0.6940 0.6674
vn -0.3688 0.7121 0.5974
vn 0.6521 0.5143 0.5570
vn 0.5558 0.5738 0.6015
vn 0.5674 0.6506 0.5048
vn 0.4188 0.7007 0.5776
vn 0.0083 0.6447 0.7644
vn -0.2008 0.5991 0.7751
vn -0.3381 0.6113 0.7156
vn -0.1345 0.6775 0.7231
vn -0.2684 0.6769 0.6854
vn -0.3931 0.6814 0.6175
vn 0.2081 0.7677 0.6061
vn 0.0100 0.7802 0.6254
vn -0.8195 0.5497 0.1620
vn -0.8241 0.5512 0.1301
vn -0.8138 0.5525 0.1800
vn -0.8082 0.5706 0.1454
vn -0.7855 0.5646 0.2533
vn -0.7781 0.5948 0.2019
vn -0.7833 0.4628 0.4149
vn -0.7611 0.5416 0.3568
vn -0.7150 0.6241 0.3153
vn -0.6738 0.6021 0.4283
vn -0.6831 0.6429 0.3465
vn 0.2207 0.0509 0.9740
vn 0.2213 0.1858 0.9574
vn 0.2124 0.3063 0.9280
vn 0.0816 0.1080 0.9908
vn 0.0941 0.2330 0.9679
vn 0.0921 0.3539 0.9307
vn 0.1777 0.5860 0.7906
vn 0.0458 0.6236 0.7804
vn -0.2375 0.1996 0.9507
vn -0.2000 0.2990 0.9330
vn -0.1686 0.4313 0.8863
vn -0.3967 0.2339 0.8876
vn -0.3531 0.3194 0.8794
vn -0.3071 0.4638 0.8310
vn -0.5290 0.2566 0.8089
vn -0.4851 0.3299 0.8098
vn -0.4274 0.4936 0.7574
vn 0.4901 0.2855 0.8236
vn 0.3768 0.3945 0.8381
vn 0.3642 0.3880 0.8466
vn 0.2682 0.4653 0.8436
vn 0.2106 0.4863 0.8480
vn 0.1519 0.5261 0.8368
vn -0.2151 0.7214 0.6582
vn -0.2521 0.6904 0.6781
vn -0.2742 0.6670 0.6927
vn -0.3383 0.3504 0.8734
vn -0.2856 0.4720 0.8341
vn 0.7226 0.1734 0.6692
vn 0.6631 0.2435 0.7079
vn 0.6948 0.1707 0.6987
vn 0.6258 0.4664 0.6252
vn 0.6458 0.1456 0.7495
vn 0.5703 0.3653 0.7357
vn 0.4802 0.3861 0.7876
vn 0.2481 0.4318 0.8672
vn 0.0180 0.3825 0.9238
vn -0.7204 0.6514 -0.2382
vn -0.7601 0.6494 -0.0255
vn -0.6023 0.7784 -0.1769
vn -0.7045 0.7078 0.0532
vn -0.3527 0.9353 -0.0298
vn -0.4638 0.8646 0.1933
vn -0.7122 0.6636 0.2290
vn -0.6763 0.6658 0.3150
vn -0.6797 0.6167 0.3971
vn -0.6783 0.6736 0.2937
vn -0.6460 0.6667 0.3717
vn -0.6233 0.6553 0.4267
vn -0.5452 0.7231 0.4242
vn -0.5354 0.6931 0.4827
vn -0.5158 0.6739 0.5290
vn 0.1104 0.9503 0.2910
vn 0.0081 0.8999 0.4361
vn -0.7816 0.4287 0.4531
vn -0.7673 0.4177 0.4866
vn -0.6963 0.4240 0.5791
vn -0.4886 0.4256 0.7616
vn -0.7063 0.2828 0.6490
vn -0.6710 0.2868 0.6838
vn -0.5698 0.2940 0.7674
vn -0.6983 0.2812 0.6583
vn -0.6431 0.2993 0.7048
vn -0.5288 0.3518 0.7724
vt 0.239319 0.127625
vt 0.259799 0.143274
vt 0.257573 0.157366
vt 0.238180 0.143877
vt 0.236068 0.204403
vt 0.252932 0.204296
vt 0.259389 0.226854
vt 0.239971 0.231837
vt 0.257686 0.193650
vt 0.251630 0.193008
vt 0.255158 0.170284
vt 0.263463 0.176886
vt 0.228665 0.120220
vt 0.227976 0.137558
vt 0.235451 0.189603
vt 0.236931 0.159587
vt 0.269518 0.151906
vt 0.266626 0.165153
vt 0.227209 0.154459
vt 0.226377 0.186756
vt 0.297460 0.181684
vt 0.291457 0.193849
vt 0.275249 0.173981
vt 0.278994 0.161285
vt 0.260435 0.201072
vt 0.271095 0.185063
vt 0.284865 0.204518
vt 0.268709 0.221424
vt 0.306659 0.214263
vt 0.298001 0.224779
vt 0.690231 0.794447
vt 0.714836 0.796634
vt 0.725313 0.825618
vt 0.696982 0.826427
vt 0.268107 0.248761
vt 0.278639 0.242336
vt 0.198520 0.255284
vt 0.234794 0.258313
vt 0.240943 0.284822
vt 0.199214 0.286262
vt 0.230016 0.231967
vt 0.226957 0.202649
vt 0.288683 0.100384
vt 0.285370 0.132140
vt 0.274243 0.122068
vt 0.275900 0.090382
vt 0.242131 0.058931
vt 0.264164 0.080154
vt 0.263232 0.112436
vt 0.240918 0.094243
vt 0.308170 0.153428
vt 0.259616 0.296363
vt 0.254206 0.281452
vt 0.279194 0.270417
vt 0.286553 0.282524
vt 0.246103 0.256665
vt 0.195512 0.055996
vt 0.182762 0.048391
vt 0.183963 0.000285
vt 0.198810 0.013774
vt 0.194751 0.098844
vt 0.182306 0.092112
vt 0.367734 0.163781
vt 0.350876 0.195859
vt 0.330065 0.174984
vt 0.341676 0.142432
vt 0.229802 0.084528
vt 0.231611 0.047949
vt 0.331876 0.222082
vt 0.314876 0.202405
vt 0.194985 0.118374
vt 0.182619 0.112040
vt 0.195625 0.174451
vt 0.195252 0.137721
vt 0.183178 0.131755
vt 0.183810 0.169065
vt 0.290831 0.262947
vt 0.312212 0.244473
vt 0.341130 0.231582
vt 0.361326 0.206352
vt 0.195856 0.191815
vt 0.315733 0.121038
vt 0.184329 0.220417
vt 0.197217 0.225080
vt 0.184356 0.251790
vt 0.322185 0.233770
vt 0.298772 0.274136
vt 0.320905 0.254308
vt 0.331117 0.243275
vt 0.244849 0.301083
vt 0.199186 0.304951
vt 0.639510 0.849485
vt 0.672896 0.856480
vt 0.676242 0.872840
vt 0.641175 0.867433
vt 0.607053 0.856657
vt 0.607428 0.837296
vt 0.183231 0.284431
vt 0.182306 0.303782
vt 0.036791 0.095529
vt 0.055915 0.130758
vt 0.050064 0.145776
vt 0.028687 0.109012
vt 0.141436 0.056929
vt 0.141950 0.072349
vt 0.121433 0.071637
vt 0.119114 0.057591
vt 0.183829 0.186673
vt 0.100564 0.077761
vt 0.106240 0.102725
vt 0.098579 0.106438
vt 0.091638 0.084021
vt 0.173230 0.067284
vt 0.162188 0.062246
vt 0.165381 0.018325
vt 0.178561 0.023182
vt 0.067565 0.128381
vt 0.084271 0.092531
vt 0.092782 0.114067
vt 0.080348 0.151491
vt 0.098391 0.122503
vt 0.087821 0.162277
vt 0.080118 0.081193
vt 0.087823 0.072375
vt 0.124372 0.102032
vt 0.100814 0.114555
vt 0.123434 0.135402
vt 0.105688 0.127878
vt 0.107331 0.115204
vt 0.124433 0.118394
vt 0.061745 0.116635
vt 0.233290 0.697719
vt 0.214503 0.695886
vt 0.219178 0.685271
vt 0.240061 0.685136
vt 0.142397 0.105946
vt 0.142277 0.124114
vt 0.141967 0.143116
vt 0.097027 0.065477
vt 0.062359 0.142846
vt 0.076218 0.166735
vt 0.072004 0.182707
vt 0.057112 0.158185
vt 0.096489 0.172202
vt 0.117493 0.189357
vt 0.074939 0.039341
vt 0.066585 0.048793
vt 0.139242 0.014910
vt 0.110305 0.019062
vt 0.106484 0.006404
vt 0.138503 0.000285
vt 0.140346 0.203322
vt 0.044472 0.082741
vt 0.000285 0.124631
vt 0.021714 0.096774
vt 0.013033 0.139678
vt 0.030444 0.084286
vt 0.038503 0.072190
vt 0.039673 0.177794
vt 0.160922 0.113217
vt 0.161565 0.078318
vt 0.061155 0.038963
vt 0.069555 0.029222
vt 0.161355 0.151871
vt 0.160980 0.132083
vt 0.047738 0.190320
vt 0.064400 0.215171
vt 0.080321 0.194504
vt 0.073494 0.227377
vt 0.084106 0.178096
vt 0.136307 0.279759
vt 0.139507 0.242613
vt 0.165795 0.256453
vt 0.163731 0.297979
vt 0.181735 0.008736
vt 0.167657 0.003404
vt 0.084762 0.031071
vt 0.989381 0.346274
vt 0.986418 0.360761
vt 0.961572 0.361822
vt 0.962594 0.349025
vt 0.171195 0.118075
vt 0.172168 0.083345
vt 0.171397 0.136845
vt 0.180000 0.261364
vt 0.181735 0.308108
vt 0.079475 0.020289
vt 0.295146 0.674783
vt 0.258452 0.671668
vt 0.272211 0.643287
vt 0.311912 0.642694
vt 0.089828 0.205821
vt 0.083880 0.239399
vt 0.139902 0.223165
vt 0.165319 0.235305
vt 0.113284 0.226360
vt 0.109695 0.260418
vt 0.164092 0.214341
vt 0.115341 0.207918
vt 0.944365 0.475341
vt 0.911939 0.463055
vt 0.915682 0.443918
vt 0.944366 0.450772
vt 0.178810 0.240012
vt 0.177092 0.218933
vt 0.093167 0.188813
vt 0.919461 0.425503
vt 0.944234 0.426665
vt 0.940542 0.396946
vt 0.914225 0.403254
vt 0.910645 0.396207
vt 0.938951 0.387628
vt 0.172131 0.156573
vt 0.972121 0.526926
vt 0.971139 0.511554
vt 0.995739 0.518412
vt 0.999715 0.539866
vt 0.912182 0.423896
vt 0.906487 0.440791
vt 0.942111 0.406338
vt 0.917566 0.410073
vt 0.919701 0.417326
vt 0.943417 0.416076
vt 0.907087 0.388853
vt 0.937565 0.378112
vt 0.914499 0.417926
vt 0.911009 0.413553
vt 0.906763 0.407689
vt 0.902487 0.401201
vt 0.898383 0.394225
vt 0.891895 0.454678
vt 0.897904 0.436510
vt 0.901695 0.458981
vt 0.882621 0.424962
vt 0.895099 0.407641
vt 0.900294 0.414038
vt 0.890026 0.431163
vt 0.897072 0.352109
vt 0.901151 0.372609
vt 0.890902 0.378210
vt 0.884796 0.358120
vt 0.905866 0.419701
vt 0.875416 0.418031
vt 0.890191 0.400705
vt 0.982322 0.432802
vt 0.963758 0.429052
vt 0.962965 0.417150
vt 0.981945 0.420266
vt 0.967737 0.483849
vt 0.965236 0.456374
vt 0.984481 0.461145
vt 0.989301 0.488785
vt 0.882485 0.450035
vt 0.873166 0.444896
vt 0.863630 0.439086
vt 0.964830 0.320526
vt 0.949006 0.352855
vt 0.949891 0.327055
vt 0.984319 0.373778
vt 0.961011 0.373686
vt 0.948857 0.364567
vt 0.935932 0.357350
vt 0.935741 0.333487
vt 0.999715 0.306405
vt 0.949087 0.375533
vt 0.936558 0.368073
vt 0.982179 0.397311
vt 0.981871 0.408677
vt 0.962136 0.406196
vt 0.961438 0.395524
vt 0.960998 0.384800
vt 0.950741 0.395945
vt 0.949770 0.385882
vt 0.951875 0.406018
vt 0.982955 0.385810
vt 0.952951 0.416399
vt 0.898501 0.479560
vt 0.909775 0.484309
vt 0.903872 0.381122
vt 0.894523 0.386604
vt 0.819210 0.407399
vt 0.843416 0.425252
vt 0.829758 0.449201
vt 0.802002 0.434326
vt 0.958443 0.506037
vt 0.956016 0.479731
vt 0.945861 0.500349
vt 0.959446 0.520567
vt 0.946892 0.514336
vt 0.800089 0.007124
vt 0.813978 0.014019
vt 0.807131 0.045542
vt 0.794311 0.041920
vt 0.954677 0.453516
vt 0.909655 0.497504
vt 0.897398 0.492549
vt 0.822190 0.462738
vt 0.793838 0.448172
vt 0.644247 0.131065
vt 0.675349 0.172844
vt 0.663085 0.185018
vt 0.637769 0.154405
vt 0.953783 0.427677
vt 0.743336 0.205959
vt 0.718436 0.228854
vt 0.709555 0.213499
vt 0.732929 0.190290
vt 0.860940 0.402153
vt 0.880971 0.384875
vt 0.885502 0.393180
vt 0.868246 0.410448
vt 0.853746 0.432543
vt 0.842337 0.455407
vt 0.854311 0.460940
vt 0.909151 0.135012
vt 0.900899 0.144337
vt 0.886401 0.126111
vt 0.892615 0.118151
vt 0.865718 0.465843
vt 0.876650 0.470402
vt 0.835898 0.469075
vt 0.849220 0.474334
vt 0.872057 0.364341
vt 0.844242 0.381495
vt 0.879584 0.133987
vt 0.866912 0.118824
vt 0.871718 0.112002
vt 0.887465 0.474916
vt 0.861810 0.478991
vt 0.981881 0.118854
vt 0.961726 0.146011
vt 0.947610 0.134555
vt 0.966727 0.108943
vt 0.885536 0.487932
vt 0.873788 0.483412
vt 0.824800 0.099828
vt 0.843028 0.105349
vt 0.841017 0.114022
vt 0.824234 0.110173
vt 0.859657 0.113101
vt 0.855829 0.119506
vt 0.827432 0.079217
vt 0.848564 0.088243
vt 0.845602 0.096914
vt 0.825870 0.089640
vt 0.867672 0.098868
vt 0.863611 0.106246
vt 0.840025 0.123291
vt 0.824224 0.120956
vt 0.852569 0.124754
vt 0.898585 0.109906
vt 0.881140 0.096857
vt 0.886099 0.087993
vt 0.904579 0.100979
vt 0.840456 0.133461
vt 0.855407 0.130626
vt 0.863176 0.148108
vt 0.844799 0.155622
vt 0.871855 0.141561
vt 0.861651 0.125316
vt 0.891866 0.153292
vt 0.882076 0.161408
vt 0.871759 0.168191
vt 0.851014 0.177366
vt 0.876386 0.104775
vt 0.827459 0.158153
vt 0.824797 0.132600
vt 0.924200 0.115661
vt 0.939976 0.092108
vt 0.896991 0.066106
vt 0.876464 0.081573
vt 0.886608 0.059276
vt 0.831005 0.182794
vt 0.840056 0.029102
vt 0.864513 0.044580
vt 0.855591 0.068700
vt 0.832232 0.056306
vt 0.829521 0.068177
vt 0.805776 0.059207
vt 0.793639 0.056360
vt 0.805174 0.071766
vt 0.805101 0.083490
vt 0.805421 0.094794
vt 0.793673 0.069383
vt 0.781710 0.055650
vt 0.782387 0.068713
vt 0.781642 0.040993
vt 0.851878 0.078916
vt 0.871933 0.090710
vt 0.527281 0.567226
vt 0.545897 0.538830
vt 0.557965 0.550719
vt 0.540238 0.579194
vt 0.880533 0.189755
vt 0.856966 0.199422
vt 0.794237 0.081415
vt 0.795180 0.092928
vt 0.806017 0.106096
vt 0.796349 0.104361
vt 0.783579 0.080678
vt 0.806795 0.117739
vt 0.833838 0.206455
vt 0.797591 0.116093
vt 0.786892 0.103228
vt 0.788641 0.114665
vt 0.785139 0.092034
vt 0.938218 0.145827
vt 0.916804 0.125522
vt 0.928055 0.156610
vt 0.799666 0.157553
vt 0.798704 0.128843
vt 0.807622 0.130363
vt 0.808901 0.158534
vt 0.950995 0.158195
vt 0.939146 0.169674
vt 0.791073 0.155386
vt 0.799114 0.185414
vt 0.789418 0.183331
vt 0.905022 0.175801
vt 0.916923 0.166755
vt 0.892763 0.183457
vt 0.926088 0.180100
vt 0.912322 0.188975
vt 0.898488 0.196237
vt 0.885032 0.202213
vt 0.797206 0.214003
vt 0.809625 0.185589
vt 0.809505 0.212094
vt 0.917454 0.078940
vt 0.277339 0.576172
vt 0.282104 0.544965
vt 0.291170 0.547102
vt 0.287517 0.579446
vt 0.785674 0.213243
vt 0.522047 0.513812
vt 0.498158 0.485665
vt 0.516104 0.464783
vt 0.538019 0.488567
vt 0.781642 0.234520
vt 0.796233 0.230198
vt 0.809260 0.226449
vt 0.834635 0.219352
vt 0.511053 0.423940
vt 0.528394 0.443540
vt 0.496601 0.437937
vt 0.790140 0.127098
vt 0.815107 0.823390
vt 0.795676 0.791970
vt 0.807419 0.782293
vt 0.827875 0.814089
vt 0.751088 0.818799
vt 0.735726 0.789092
vt 0.859687 0.212038
vt 0.717354 0.761864
vt 0.796964 0.736101
vt 0.783919 0.748201
vt 0.757234 0.713847
vt 0.769763 0.700350
vt 0.693710 0.740160
vt 0.676784 0.790647
vt 0.680694 0.730539
vt 0.697727 0.693768
vt 0.711786 0.706481
vt 0.704807 0.857906
vt 0.736151 0.854491
vt 0.741693 0.868051
vt 0.709025 0.872175
vt 0.667092 0.821323
vt 0.662858 0.785677
vt 0.682194 0.824557
vt 0.667335 0.721224
vt 0.773218 0.758437
vt 0.747462 0.725101
vt 0.531473 0.431149
vt 0.530915 0.402285
vt 0.554106 0.414221
vt 0.552115 0.446988
vt 0.683382 0.681678
vt 0.771741 0.861629
vt 0.765147 0.847765
vt 0.811419 0.845855
vt 0.803137 0.831076
vt 0.837314 0.829070
vt 0.823951 0.838335
vt 0.784899 0.800137
vt 0.842405 0.802692
vt 0.821023 0.770779
vt 0.862495 0.832720
vt 0.846589 0.844052
vt 0.852660 0.817575
vt 0.832276 0.853244
vt 0.819005 0.860479
vt 0.643705 0.883756
vt 0.605721 0.877848
vt 0.777715 0.875020
vt 0.747076 0.880761
vt 0.613548 0.687631
vt 0.640719 0.703860
vt 0.634464 0.773468
vt 0.605721 0.759362
vt 0.763742 0.767353
vt 0.739179 0.735117
vt 0.639526 0.613633
vt 0.667398 0.633138
vt 0.660923 0.646563
vt 0.633211 0.627391
vt 0.588001 0.310588
vt 0.591078 0.353256
vt 0.576781 0.349732
vt 0.572797 0.310959
vt 0.606639 0.798426
vt 0.636523 0.811652
vt 0.679998 0.887074
vt 0.688965 0.858024
vt 0.696903 0.656142
vt 0.689757 0.669141
vt 0.591831 0.396593
vt 0.578458 0.389858
vt 0.509933 0.396524
vt 0.506175 0.381742
vt 0.528695 0.386413
vt 0.553188 0.396491
vt 0.692516 0.873434
vt 0.713849 0.884705
vt 0.696483 0.886439
vt 0.520261 0.337525
vt 0.515111 0.307378
vt 0.543315 0.309334
vt 0.547792 0.342568
vt 0.727879 0.683105
vt 0.719347 0.695482
vt 0.655197 0.659929
vt 0.627703 0.641239
vt 0.674981 0.619045
vt 0.647131 0.599362
vt 0.705110 0.641992
vt 0.712341 0.669125
vt 0.704606 0.681833
vt 0.737772 0.668829
vt 0.721227 0.654886
vt 0.224470 0.673827
vt 0.235788 0.649471
vt 0.259989 0.644977
vt 0.246998 0.672021
vt 0.468298 0.763066
vt 0.481864 0.746847
vt 0.484756 0.753267
vt 0.472584 0.769397
vt 0.515782 0.419129
vt 0.560108 0.510977
vt 0.570419 0.480696
vt 0.581328 0.490104
vt 0.571185 0.521812
vt 0.475632 0.388340
vt 0.495778 0.382271
vt 0.500375 0.397491
vt 0.481609 0.405467
vt 0.525963 0.370075
vt 0.551645 0.378456
vt 0.502321 0.366211
vt 0.548832 0.461692
vt 0.477210 0.454556
vt 0.417233 0.441567
vt 0.433914 0.433192
vt 0.451639 0.473320
vt 0.435443 0.484427
vt 0.429991 0.313040
vt 0.437866 0.344770
vt 0.410798 0.354840
vt 0.401589 0.321274
vt 0.495127 0.335153
vt 0.489357 0.306406
vt 0.470272 0.371203
vt 0.491373 0.366508
vt 0.582340 0.532241
vt 0.569927 0.561653
vt 0.590226 0.435980
vt 0.585188 0.472959
vt 0.574055 0.464189
vt 0.578197 0.428419
vt 0.453764 0.398998
vt 0.460485 0.418004
vt 0.447851 0.380217
vt 0.605151 0.309181
vt 0.605116 0.358439
vt 0.604876 0.403225
vt 0.578728 0.409599
vt 0.591404 0.416550
vt 0.602199 0.443725
vt 0.596339 0.481529
vt 0.603938 0.423616
vt 0.553654 0.590244
vt 0.421071 0.392314
vt 0.395232 0.361062
vt 0.385578 0.327051
vt 0.474977 0.508615
vt 0.501097 0.540153
vt 0.515362 0.582559
vt 0.488545 0.554446
vt 0.542821 0.606185
vt 0.528616 0.595127
vt 0.276036 0.704083
vt 0.243073 0.698974
vt 0.250752 0.685536
vt 0.285897 0.689291
vt 0.592279 0.499145
vt 0.461157 0.521769
vt 0.729756 0.388511
vt 0.725811 0.445321
vt 0.715558 0.438662
vt 0.719074 0.387527
vt 0.723062 0.475009
vt 0.711911 0.465558
vt 0.760327 0.465032
vt 0.787340 0.478760
vt 0.788332 0.518315
vt 0.760255 0.501749
vt 0.477350 0.306570
vt 0.483466 0.335283
vt 0.461113 0.338236
vt 0.454244 0.308464
vt 0.405176 0.399144
vt 0.282731 0.617020
vt 0.327314 0.612331
vt 0.427044 0.412488
vt 0.410781 0.419916
vt 0.206037 0.713912
vt 0.220213 0.720717
vt 0.228442 0.723873
vt 0.200903 0.710892
vt 0.205052 0.696057
vt 0.187609 0.718750
vt 0.185374 0.700074
vt 0.208682 0.686101
vt 0.213174 0.675226
vt 0.192508 0.726765
vt 0.206142 0.739525
vt 0.166587 0.743403
vt 0.161090 0.732547
vt 0.190324 0.771591
vt 0.181554 0.762935
vt 0.213962 0.744892
vt 0.187160 0.689756
vt 0.154745 0.696766
vt 0.155169 0.709258
vt 0.120331 0.716158
vt 0.133257 0.714373
vt 0.139925 0.741206
vt 0.126932 0.745533
vt 0.155469 0.683726
vt 0.190107 0.678817
vt 0.444703 0.723571
vt 0.450340 0.746711
vt 0.419618 0.774862
vt 0.406233 0.751401
vt 0.258194 0.732950
vt 0.242466 0.759662
vt 0.326936 0.645303
vt 0.350304 0.613227
vt 0.307772 0.677697
vt 0.246448 0.626676
vt 0.270324 0.620013
vt 0.160373 0.778291
vt 0.145355 0.753961
vt 0.156659 0.748616
vt 0.171852 0.770377
vt 0.270512 0.736349
vt 0.288390 0.706957
vt 0.298535 0.692023
vt 0.144666 0.711982
vt 0.151123 0.736888
vt 0.201357 0.820508
vt 0.169706 0.789610
vt 0.181000 0.780266
vt 0.211790 0.807573
vt 0.223579 0.651807
vt 0.234427 0.629639
vt 0.146756 0.655433
vt 0.143848 0.684676
vt 0.131625 0.685159
vt 0.132953 0.653743
vt 0.139222 0.621500
vt 0.155047 0.626702
vt 0.220201 0.795500
vt 0.188410 0.834947
vt 0.155784 0.800192
vt 0.201003 0.846650
vt 0.214179 0.831728
vt 0.224930 0.817828
vt 0.233391 0.804508
vt 0.146556 0.787112
vt 0.132224 0.759600
vt 0.255168 0.764420
vt 0.169223 0.630067
vt 0.208960 0.632909
vt 0.198344 0.655476
vt 0.159864 0.656496
vt 0.118303 0.651792
vt 0.118387 0.612331
vt 0.118428 0.684943
vt 0.515879 0.736413
vt 0.493398 0.746322
vt 0.490746 0.739316
vt 0.513347 0.726626
vt 0.543824 0.710983
vt 0.544675 0.724950
vt 0.132009 0.700055
vt 0.143738 0.698623
vt 0.118960 0.700760
vt 0.465038 0.755971
vt 0.479793 0.739098
vt 0.496883 0.763309
vt 0.519207 0.765643
vt 0.513000 0.785592
vt 0.487412 0.779688
vt 0.499989 0.757579
vt 0.458280 0.764780
vt 0.462292 0.771707
vt 0.488845 0.731058
vt 0.467331 0.777963
vt 0.482344 0.788580
vt 0.542488 0.696423
vt 0.511080 0.716107
vt 0.544735 0.750615
vt 0.519850 0.755558
vt 0.551109 0.838630
vt 0.550630 0.799029
vt 0.561930 0.799345
vt 0.563845 0.840370
vt 0.474513 0.697420
vt 0.476524 0.720073
vt 0.459051 0.737841
vt 0.455175 0.715027
vt 0.575349 0.785724
vt 0.562201 0.786365
vt 0.563655 0.759856
vt 0.576962 0.757707
vt 0.540872 0.798639
vt 0.508800 0.795815
vt 0.541830 0.786953
vt 0.543987 0.763119
vt 0.662007 0.088879
vt 0.648403 0.120049
vt 0.636399 0.106902
vt 0.649161 0.073668
vt 0.501645 0.668080
vt 0.506761 0.692640
vt 0.485864 0.711056
vt 0.483568 0.688073
vt 0.406716 0.785311
vt 0.385578 0.763763
vt 0.434514 0.792391
vt 0.423818 0.802132
vt 0.551199 0.786760
vt 0.553062 0.761558
vt 0.556538 0.618302
vt 0.564064 0.651687
vt 0.550302 0.658702
vt 0.542210 0.628177
vt 0.565652 0.685079
vt 0.553429 0.690553
vt 0.441247 0.799223
vt 0.431527 0.809378
vt 0.465127 0.816995
vt 0.448558 0.805053
vt 0.439707 0.815103
vt 0.457072 0.828024
vt 0.566013 0.716791
vt 0.564753 0.745980
vt 0.553706 0.748403
vt 0.554410 0.720872
vt 0.538429 0.666475
vt 0.530450 0.637842
vt 0.577353 0.606756
vt 0.580391 0.646088
vt 0.580142 0.680468
vt 0.565922 0.701176
vt 0.554144 0.706092
vt 0.579613 0.712904
vt 0.577979 0.743213
vt 0.580065 0.696972
vt 0.612633 0.033691
vt 0.600996 0.073211
vt 0.578549 0.056409
vt 0.589155 0.013476
vt 0.493457 0.830108
vt 0.539116 0.837178
vt 0.636644 0.059292
vt 0.624417 0.094696
vt 0.575296 0.799502
vt 0.578009 0.841872
vt 0.580391 0.858035
vt 0.565479 0.857408
vt 0.551764 0.855737
vt 0.538310 0.854503
vt 0.485984 0.844869
vt 0.792561 0.325980
vt 0.792236 0.341504
vt 0.762606 0.337384
vt 0.762171 0.322684
vt 0.783961 0.000285
vt 0.627166 0.146025
vt 0.632728 0.119150
vt 0.621136 0.108035
vt 0.616187 0.137432
vt 0.636893 0.167718
vt 0.626130 0.160679
vt 0.614874 0.153653
vt 0.681768 0.226966
vt 0.700847 0.219211
vt 0.635789 0.226416
vt 0.627105 0.176755
vt 0.638100 0.182127
vt 0.648361 0.228239
vt 0.656294 0.187637
vt 0.671338 0.228762
vt 0.681490 0.165038
vt 0.594171 0.121143
vt 0.598298 0.088222
vt 0.667022 0.079088
vt 0.707485 0.128712
vt 0.700643 0.138347
vt 0.615371 0.170656
vt 0.622617 0.223865
vt 0.595296 0.000285
vt 0.618566 0.022036
vt 0.641967 0.048867
vt 0.572906 0.107058
vt 0.576381 0.072402
vt 0.716832 0.248895
vt 0.694586 0.256043
vt 0.688169 0.241556
vt 0.708961 0.234267
vt 0.654251 0.063659
vt 0.221253 0.516030
vt 0.233549 0.486165
vt 0.239312 0.497672
vt 0.228318 0.526967
vt 0.753418 0.220598
vt 0.726962 0.243609
vt 0.592767 0.139125
vt 0.571361 0.125778
vt 0.597062 0.236905
vt 0.625535 0.241301
vt 0.628634 0.258393
vt 0.598734 0.256410
vt 0.595439 0.217152
vt 0.591908 0.158139
vt 0.742237 0.270199
vt 0.771812 0.246350
vt 0.761476 0.210112
vt 0.781071 0.234871
vt 0.751032 0.195872
vt 0.740415 0.180460
vt 0.693783 0.285214
vt 0.682548 0.257986
vt 0.706808 0.282896
vt 0.731073 0.275517
vt 0.676877 0.243383
vt 0.569909 0.145462
vt 0.278738 0.509888
vt 0.271950 0.505831
vt 0.274170 0.475045
vt 0.279983 0.467512
vt 0.568680 0.250958
vt 0.568891 0.229428
vt 0.568558 0.208140
vt 0.604912 0.292382
vt 0.569275 0.298064
vt 0.636386 0.289893
vt 0.651501 0.288892
vt 0.642977 0.258949
vt 0.656744 0.259193
vt 0.666110 0.287943
vt 0.309648 0.581476
vt 0.310541 0.546980
vt 0.320543 0.545036
vt 0.321179 0.580250
vt 0.250653 0.467169
vt 0.265948 0.498921
vt 0.262201 0.513150
vt 0.244898 0.482490
vt 0.639287 0.242799
vt 0.652450 0.243768
vt 0.292829 0.529590
vt 0.284309 0.528393
vt 0.286226 0.511547
vt 0.294262 0.511533
vt 0.276307 0.525432
vt 0.300703 0.547700
vt 0.301774 0.529374
vt 0.273595 0.541119
vt 0.265695 0.535415
vt 0.268920 0.520395
vt 0.302760 0.510312
vt 0.258414 0.527842
vt 0.289721 0.404189
vt 0.295078 0.456329
vt 0.287054 0.461645
vt 0.279836 0.413949
vt 0.263484 0.438029
vt 0.271114 0.425244
vt 0.792312 0.577258
vt 0.763060 0.555768
vt 0.762395 0.538845
vt 0.790999 0.557654
vt 0.303887 0.451340
vt 0.242233 0.583798
vt 0.250690 0.556859
vt 0.258948 0.564851
vt 0.251350 0.592160
vt 0.300619 0.396233
vt 0.321776 0.611402
vt 0.308028 0.611761
vt 0.295111 0.610540
vt 0.298346 0.581218
vt 0.344972 0.573080
vt 0.350304 0.604624
vt 0.283056 0.608010
vt 0.271835 0.604062
vt 0.341266 0.537767
vt 0.340312 0.518591
vt 0.320462 0.525705
vt 0.320751 0.505511
vt 0.340326 0.498559
vt 0.261321 0.598691
vt 0.267823 0.571322
vt 0.226292 0.432210
vt 0.233614 0.415574
vt 0.241574 0.441721
vt 0.234815 0.458010
vt 0.214421 0.504761
vt 0.228114 0.474117
vt 0.311015 0.528025
vt 0.311609 0.508246
vt 0.307690 0.325130
vt 0.310686 0.355334
vt 0.298141 0.363694
vt 0.294666 0.334385
vt 0.218923 0.448730
vt 0.201258 0.533655
vt 0.209630 0.543991
vt 0.202928 0.480395
vt 0.217726 0.554350
vt 0.182306 0.512304
vt 0.249600 0.383312
vt 0.256281 0.410378
vt 0.259816 0.424249
vt 0.246001 0.454657
vt 0.239714 0.470513
vt 0.321164 0.317122
vt 0.323433 0.348063
vt 0.488011 0.213939
vt 0.475697 0.225490
vt 0.470508 0.214981
vt 0.481143 0.203145
vt 0.323272 0.442233
vt 0.345479 0.434636
vt 0.526489 0.211870
vt 0.517187 0.231507
vt 0.509257 0.220235
vt 0.515693 0.200160
vt 0.527932 0.262073
vt 0.521078 0.269243
vt 0.506509 0.246302
vt 0.512098 0.239506
vt 0.349737 0.337277
vt 0.349259 0.354951
vt 0.324094 0.365349
vt 0.348752 0.373653
vt 0.324433 0.383534
vt 0.350304 0.305635
vt 0.311743 0.372081
vt 0.312475 0.389552
vt 0.299526 0.379711
vt 0.282180 0.344795
vt 0.286021 0.373102
vt 0.274740 0.383495
vt 0.270329 0.356255
vt 0.313315 0.446630
vt 0.264889 0.396188
vt 0.259059 0.368698
vt 0.287700 0.388220
vt 0.277215 0.398487
vt 0.267932 0.410649
vt 0.701749 0.455766
vt 0.706234 0.431618
vt 0.698176 0.423684
vt 0.692699 0.445566
vt 0.708786 0.388134
vt 0.699439 0.391035
vt 0.677115 0.423854
vt 0.685675 0.404242
vt 0.736772 0.451870
vt 0.735018 0.484184
vt 0.740747 0.390605
vt 0.792067 0.356735
vt 0.790669 0.405970
vt 0.763647 0.397019
vt 0.763140 0.351608
vt 0.724674 0.350215
vt 0.712177 0.351792
vt 0.700270 0.354670
vt 0.737435 0.349752
vt 0.689359 0.359054
vt 0.672046 0.447331
vt 0.690142 0.470661
vt 0.690405 0.483566
vt 0.671170 0.459885
vt 0.647048 0.412735
vt 0.643642 0.425098
vt 0.793267 0.598792
vt 0.762387 0.570501
vt 0.750249 0.543665
vt 0.749215 0.527765
vt 0.747589 0.493097
vt 0.736018 0.516426
vt 0.750469 0.557673
vt 0.738748 0.545021
vt 0.737352 0.531471
vt 0.711181 0.493711
vt 0.723216 0.505150
vt 0.724651 0.519569
vt 0.712255 0.507455
vt 0.700822 0.495479
vt 0.700131 0.482216
vt 0.726441 0.532604
vt 0.714516 0.520332
vt 0.702884 0.508169
vt 0.692137 0.496162
vt 0.630310 0.390085
vt 0.644413 0.368943
vt 0.651015 0.379689
vt 0.638789 0.401426
vt 0.748270 0.458454
vt 0.752007 0.393490
vt 0.661170 0.350969
vt 0.666320 0.361623
vt 0.681334 0.337252
vt 0.685567 0.348299
vt 0.624283 0.401872
vt 0.634200 0.413616
vt 0.657345 0.390521
vt 0.637181 0.358261
vt 0.621615 0.378668
vt 0.605721 0.401687
vt 0.614054 0.389474
vt 0.620410 0.415272
vt 0.631802 0.426960
vt 0.642251 0.438290
vt 0.671080 0.372158
vt 0.654867 0.340152
vt 0.676365 0.325525
vt 0.671923 0.472584
vt 0.501169 0.208875
vt 0.504882 0.188437
vt 0.762081 0.306405
vt 0.793267 0.309336
vt 0.749197 0.336562
vt 0.748175 0.322335
vt 0.750220 0.350254
vt 0.735827 0.336654
vt 0.734109 0.322989
vt 0.747301 0.306456
vt 0.732331 0.307793
vt 0.449806 0.218908
vt 0.453653 0.231055
vt 0.421609 0.227260
vt 0.420481 0.211803
vt 0.719990 0.324838
vt 0.722442 0.337778
vt 0.709357 0.340014
vt 0.706253 0.327833
vt 0.696957 0.343521
vt 0.693273 0.331967
vt 0.717270 0.310431
vt 0.688922 0.319493
vt 0.702633 0.314403
vt 0.490883 0.206256
vt 0.482912 0.195153
vt 0.465751 0.205165
vt 0.473544 0.192943
vt 0.474314 0.184487
vt 0.494352 0.224852
vt 0.481008 0.236160
vt 0.498279 0.217445
vt 0.492663 0.197409
vt 0.462311 0.197873
vt 0.465146 0.183894
vt 0.474688 0.297040
vt 0.466338 0.267399
vt 0.491621 0.258148
vt 0.503970 0.282315
vt 0.465128 0.174738
vt 0.473811 0.175058
vt 0.464013 0.164842
vt 0.483546 0.186039
vt 0.419528 0.196007
vt 0.446927 0.206440
vt 0.418922 0.179984
vt 0.445741 0.193812
vt 0.422717 0.242386
vt 0.457859 0.242884
vt 0.445071 0.157300
vt 0.445923 0.169706
vt 0.415905 0.129466
vt 0.417198 0.146922
vt 0.414595 0.111840
vt 0.443483 0.144160
vt 0.534998 0.254283
vt 0.531257 0.187186
vt 0.517207 0.175863
vt 0.549764 0.235738
vt 0.503653 0.164631
vt 0.567300 0.211809
vt 0.493791 0.176680
vt 0.482163 0.165047
vt 0.490133 0.153322
vt 0.477814 0.141439
vt 0.486300 0.246940
vt 0.500457 0.235614
vt 0.505271 0.228509
vt 0.399285 0.300709
vt 0.401240 0.266810
vt 0.413068 0.270188
vt 0.412285 0.304165
vt 0.408204 0.137706
vt 0.410313 0.173383
vt 0.401087 0.165563
vt 0.399027 0.127889
vt 0.471008 0.153437
vt 0.466544 0.128637
vt 0.460301 0.141150
vt 0.456534 0.115499
vt 0.404763 0.064332
vt 0.405642 0.100587
vt 0.396442 0.089494
vt 0.395651 0.051953
vt 0.400793 0.017620
vt 0.409334 0.032329
vt 0.424524 0.272106
vt 0.425136 0.305835
vt 0.401442 0.250623
vt 0.412773 0.254730
vt 0.385578 0.295417
vt 0.388233 0.261546
vt 0.423748 0.257165
vt 0.389003 0.244684
vt 0.389736 0.227544
vt 0.401549 0.234158
vt 0.412359 0.239053
vt 0.401531 0.217374
vt 0.401381 0.200334
vt 0.411176 0.206720
vt 0.411818 0.223034
vt 0.401250 0.183000
vt 0.410600 0.190104
vt 0.390348 0.210146
vt 0.390799 0.192539
vt 0.391240 0.174656
vt 0.391199 0.156138
vt 0.462123 0.254915
vt 0.413364 0.077242
vt 0.416936 0.046506
vt 0.439131 0.088359
vt 0.440156 0.116200
vt 0.385008 0.176056
vt 0.385578 0.040833
vt 0.389254 0.000285
vt 0.386646 0.078844
vt 0.397697 0.108684
vt 0.406892 0.119182
vt 0.388003 0.098204
vt 0.389393 0.117658
s 1
usemtl Material.001
f 225/1/225 226/2/226 526/3/526 525/4/525
f 534/5/534 536/6/536 535/7/535 533/8/533
f 51/9/51 237/10/237 528/11/528 233/12/233
f 52/13/52 225/1/225 525/4/525 232/14/232
f 237/10/237 238/15/238 527/16/527 528/11/528
f 226/2/226 53/17/53 234/18/234 526/3/526
f 526/3/526 234/18/234 233/12/233 528/11/528
f 231/19/231 527/16/527 238/15/238 54/20/54
f 230/21/230 529/22/529 531/23/531 229/24/229
f 232/14/232 525/4/525 527/16/527 231/19/231
f 235/25/235 532/26/532 530/27/530 236/28/236
f 532/26/532 235/25/235 51/9/51 233/12/233
f 546/29/546 547/30/547 530/27/530 529/22/529
f 687/31/687 334/32/334 67/33/67 331/34/331
f 557/35/557 535/7/535 236/28/236 245/36/245
f 551/37/551 248/38/248 247/39/247 550/40/550
f 531/23/531 532/26/532 233/12/233 234/18/234
f 229/24/229 531/23/531 234/18/234 53/17/53
f 237/10/237 536/6/536 534/5/534 238/15/238
f 227/41/227 228/42/228 534/5/534 533/8/533
f 100/43/100 549/44/549 240/45/240 10/46/10
f 535/7/535 536/6/536 235/25/235 236/28/236
f 228/42/228 54/20/54 238/15/238 534/5/534
f 98/47/98 99/48/99 539/49/539 538/50/538
f 536/6/536 237/10/237 51/9/51 235/25/235
f 229/24/229 549/44/549 548/51/548 230/21/230
f 112/52/112 554/53/554 556/54/556 113/55/113
f 248/38/248 227/41/227 533/8/533 555/56/555
f 539/49/539 226/2/226 225/1/225 538/50/538
f 537/57/537 104/58/104 1/59/1 97/60/97
f 104/58/104 537/57/537 241/61/241 11/62/11
f 555/56/555 557/35/557 556/54/556 554/53/554
f 10/46/10 240/45/240 539/49/539 99/48/99
f 240/45/240 53/17/53 226/2/226 539/49/539
f 103/63/103 542/64/542 543/65/543 102/66/102
f 538/50/538 239/67/239 9/68/9 98/47/98
f 239/67/239 538/50/538 225/1/225 52/13/52
f 242/69/242 243/70/243 543/65/543 542/64/542
f 241/61/241 52/13/52 232/14/232 540/71/540
f 11/62/11 241/61/241 540/71/540 105/72/105
f 54/20/54 246/73/246 541/74/541 231/19/231
f 106/75/106 541/74/541 246/73/246 12/76/12
f 244/77/244 245/36/245 547/30/547 545/78/545
f 105/72/105 540/71/540 541/74/541 106/75/106
f 15/79/15 242/69/242 542/64/542 116/80/116
f 246/73/246 54/20/54 228/42/228 553/81/553
f 548/51/548 549/44/549 100/43/100 101/82/101
f 108/83/108 552/84/552 551/37/551 109/85/109
f 549/44/549 229/24/229 53/17/53 240/45/240
f 545/78/545 547/30/547 546/29/546 544/86/544
f 14/87/14 244/77/244 545/78/545 114/88/114
f 15/79/15 115/89/115 544/86/544 242/69/242
f 115/89/115 114/88/114 545/78/545 544/86/544
f 547/30/547 245/36/245 236/28/236 530/27/530
f 242/69/242 544/86/544 546/29/546 243/70/243
f 550/40/550 247/39/247 13/90/13 111/91/111
f 543/65/543 548/51/548 101/82/101 102/66/102
f 230/21/230 548/51/548 543/65/543 243/70/243
f 702/92/702 343/93/343 342/94/342 701/95/701
f 181/96/181 180/97/180 702/92/702 701/95/701
f 109/85/109 551/37/551 550/40/550 110/98/110
f 2/99/2 110/98/110 550/40/550 111/91/111
f 567/100/567 264/101/264 263/102/263 566/103/566
f 266/104/266 577/105/577 560/106/560 253/107/253
f 555/56/555 533/8/533 535/7/535 557/35/557
f 553/81/553 228/42/228 227/41/227 552/84/552
f 107/108/107 553/81/553 552/84/552 108/83/108
f 107/108/107 12/76/12 246/73/246 553/81/553
f 552/84/552 227/41/227 248/38/248 551/37/551
f 562/109/562 563/110/563 256/111/256 257/112/257
f 247/39/247 248/38/248 555/56/555 554/53/554
f 13/90/13 247/39/247 554/53/554 112/52/112
f 556/54/556 557/35/557 245/36/245 244/77/244
f 20/113/20 265/114/265 573/115/573 129/116/129
f 113/55/113 556/54/556 244/77/244 14/87/14
f 255/117/255 558/118/558 559/119/559 254/120/254
f 254/120/254 559/119/559 260/121/260 58/122/58
f 249/123/249 57/124/57 257/112/257 558/118/558
f 561/125/561 563/110/563 562/109/562 560/106/560
f 559/119/559 256/111/256 55/126/55 260/121/260
f 564/127/564 565/128/565 258/129/258 259/130/259
f 56/131/56 249/123/249 558/118/558 255/117/255
f 256/111/256 559/119/559 558/118/558 257/112/257
f 258/129/258 563/110/563 561/125/561 259/130/259
f 752/132/752 754/133/754 753/134/753 751/135/751
f 578/136/578 268/137/268 259/130/259 561/125/561
f 590/138/590 564/127/564 259/130/259 268/137/268
f 253/107/253 560/106/560 562/109/562 252/139/252
f 563/110/563 258/129/258 55/126/55 256/111/256
f 570/140/570 572/141/572 571/142/571 569/143/569
f 252/139/252 562/109/562 257/112/257 57/124/57
f 251/144/251 565/128/565 564/127/564 250/145/250
f 262/146/262 57/124/57 249/123/249 568/147/568
f 260/121/260 565/128/565 251/144/251 58/122/58
f 574/148/574 579/149/579 121/150/121 122/151/122
f 565/128/565 260/121/260 55/126/55 258/129/258
f 574/148/574 266/104/266 253/107/253 579/149/579
f 564/127/564 590/138/590 272/152/272 250/145/250
f 261/153/261 56/131/56 264/101/264 567/100/567
f 1/154/1 117/155/117 566/103/566 97/156/97
f 117/155/117 118/157/118 567/100/567 566/103/566
f 118/157/118 16/158/16 261/153/261 567/100/567
f 566/103/566 263/102/263 9/159/9 97/156/97
f 576/160/576 578/136/578 577/105/577 575/161/575
f 119/162/119 17/163/17 262/146/262 568/147/568
f 265/114/265 266/104/266 574/148/574 573/115/573
f 589/164/589 590/138/590 268/137/268 267/165/267
f 16/158/16 119/162/119 568/147/568 261/153/261
f 254/120/254 572/141/572 570/140/570 255/117/255
f 9/159/9 263/102/263 569/143/569 98/166/98
f 99/167/99 571/142/571 269/168/269 10/169/10
f 263/102/263 264/101/264 570/140/570 569/143/569
f 264/101/264 56/131/56 255/117/255 570/140/570
f 569/143/569 571/142/571 99/167/99 98/166/98
f 572/141/572 254/120/254 58/122/58 270/170/270
f 571/142/571 572/141/572 270/170/270 269/168/269
f 102/171/102 582/172/582 581/173/581 103/174/103
f 4/175/4 129/116/129 573/115/573 123/176/123
f 252/139/252 580/177/580 579/149/579 253/107/253
f 123/176/123 573/115/573 574/148/574 122/151/122
f 130/178/130 131/179/131 603/180/603 602/181/602
f 580/177/580 252/139/252 57/124/57 262/146/262
f 127/182/127 576/160/576 575/161/575 128/183/128
f 267/165/267 268/137/268 578/136/578 576/160/576
f 20/113/20 128/183/128 575/161/575 265/114/265
f 577/105/577 578/136/578 561/125/561 560/106/560
f 127/182/127 19/184/19 267/165/267 576/160/576
f 265/114/265 575/161/575 577/105/577 266/104/266
f 581/173/581 124/185/124 3/186/3 103/174/103
f 121/150/121 579/149/579 580/177/580 120/187/120
f 385/188/385 74/189/74 387/190/387 759/191/759
f 120/187/120 580/177/580 262/146/262 17/163/17
f 10/169/10 269/168/269 586/192/586 100/193/100
f 581/173/581 582/172/582 584/194/584 583/195/583
f 100/193/100 586/192/586 585/196/585 101/197/101
f 583/195/583 584/194/584 272/152/272 271/198/271
f 582/172/582 585/196/585 587/199/587 584/194/584
f 584/194/584 587/199/587 250/145/250 272/152/272
f 294/200/294 619/201/619 594/202/594 279/203/279
f 272/152/272 590/138/590 589/164/589 271/198/271
f 125/204/125 583/195/583 271/198/271 18/205/18
f 124/185/124 581/173/581 583/195/583 125/204/125
f 585/196/585 586/192/586 588/206/588 587/199/587
f 587/199/587 588/206/588 251/144/251 250/145/250
f 585/196/585 582/172/582 102/171/102 101/197/101
f 586/192/586 269/168/269 270/170/270 588/206/588
f 588/206/588 270/170/270 58/122/58 251/144/251
f 594/202/594 595/207/595 278/208/278 279/203/279
f 274/209/274 592/210/592 591/211/591 273/212/273
f 271/198/271 589/164/589 126/213/126 18/205/18
f 146/214/146 614/215/614 138/216/138 8/217/8
f 126/213/126 589/164/589 267/165/267 19/184/19
f 282/218/282 595/207/595 594/202/594 283/219/283
f 275/220/275 593/221/593 592/210/592 274/209/274
f 281/222/281 593/221/593 275/220/275 61/223/61
f 273/212/273 591/211/591 280/224/280 60/225/60
f 593/221/593 281/222/281 59/226/59 284/227/284
f 592/210/592 593/221/593 284/227/284 285/228/285
f 591/211/591 592/210/592 285/228/285 286/229/286
f 280/224/280 591/211/591 286/229/286 62/230/62
f 278/208/278 595/207/595 281/222/281 61/223/61
f 637/231/637 600/232/600 283/219/283 296/233/296
f 596/234/596 597/235/597 599/236/599 598/237/598
f 595/207/595 282/218/282 59/226/59 281/222/281
f 119/238/119 612/239/612 297/240/297 17/241/17
f 619/201/619 296/233/296 283/219/283 594/202/594
f 598/237/598 599/236/599 601/242/601 600/232/600
f 276/243/276 277/244/277 597/235/597 596/234/596
f 135/245/135 622/246/622 289/247/289 22/248/22
f 600/232/600 601/242/601 282/218/282 283/219/283
f 277/244/277 62/230/62 286/229/286 597/235/597
f 597/235/597 286/229/286 285/228/285 599/236/599
f 599/236/599 285/228/285 284/227/284 601/242/601
f 601/242/601 284/227/284 59/226/59 282/218/282
f 616/249/616 620/250/620 136/251/136 137/252/137
f 635/253/635 598/237/598 600/232/600 637/231/637
f 633/254/633 596/234/596 598/237/598 635/253/635
f 300/255/300 276/243/276 596/234/596 633/254/633
f 117/256/117 602/181/602 604/257/604 118/258/118
f 21/259/21 287/260/287 603/180/603 131/179/131
f 602/181/602 603/180/603 605/261/605 604/257/604
f 118/258/118 604/257/604 291/262/291 16/263/16
f 1/264/1 130/178/130 602/181/602 117/256/117
f 603/180/603 287/260/287 288/265/288 605/261/605
f 605/261/605 288/265/288 60/225/60 292/266/292
f 604/257/604 605/261/605 292/266/292 291/262/291
f 612/239/612 119/238/119 16/263/16 291/262/291
f 133/267/133 134/268/134 608/269/608 607/270/607
f 22/248/22 289/247/289 608/269/608 134/268/134
f 606/271/606 607/270/607 610/272/610 609/273/609
f 607/270/607 608/269/608 611/274/611 610/272/610
f 138/216/138 614/215/614 616/249/616 137/252/137
f 606/271/606 287/260/287 21/259/21 132/275/132
f 608/269/608 289/247/289 290/276/290 611/274/611
f 611/274/611 290/276/290 61/223/61 275/220/275
f 610/272/610 611/274/611 275/220/275 274/209/274
f 609/273/609 610/272/610 274/209/274 273/212/273
f 288/265/288 609/273/609 273/212/273 60/225/60
f 287/260/287 606/271/606 609/273/609 288/265/288
f 295/277/295 296/233/296 619/201/619 618/278/618
f 292/266/292 613/279/613 612/239/612 291/262/291
f 280/224/280 613/279/613 292/266/292 60/225/60
f 613/279/613 280/224/280 62/230/62 298/280/298
f 612/239/612 613/279/613 298/280/298 297/240/297
f 122/281/122 625/282/625 624/283/624 123/284/123
f 615/285/615 617/286/617 616/249/616 614/215/614
f 293/287/293 294/200/294 617/286/617 615/285/615
f 136/251/136 620/250/620 622/246/622 135/245/135
f 146/214/146 145/288/145 615/285/615 614/215/614
f 145/288/145 25/289/25 293/287/293 615/285/615
f 147/290/147 148/291/148 650/292/650 649/293/649
f 279/203/279 621/294/621 617/286/617 294/200/294
f 617/286/617 621/294/621 620/250/620 616/249/616
f 618/278/618 619/201/619 294/200/294 293/287/293
f 144/295/144 24/296/24 295/277/295 618/278/618
f 624/283/624 139/297/139 4/298/4 123/284/123
f 818/299/818 821/300/821 822/301/822 820/302/820
f 144/295/144 618/278/618 293/287/293 25/289/25
f 621/294/621 623/303/623 622/246/622 620/250/620
f 278/208/278 623/303/623 621/294/621 279/203/279
f 623/303/623 278/208/278 61/223/61 290/276/290
f 622/246/622 623/303/623 290/276/290 289/247/289
f 831/304/831 438/305/438 82/306/82 441/307/441
f 628/308/628 629/309/629 631/310/631 630/311/630
f 624/283/624 625/282/625 627/312/627 626/313/626
f 630/311/630 631/310/631 277/244/277 276/243/276
f 626/313/626 627/312/627 300/255/300 299/314/299
f 625/282/625 628/308/628 630/311/630 627/312/627
f 627/312/627 630/311/630 276/243/276 300/255/300
f 322/315/322 668/316/668 641/317/641 305/318/305
f 632/319/632 633/254/633 635/253/635 634/320/634
f 140/321/140 626/313/626 299/314/299 23/322/23
f 139/297/139 624/283/624 626/313/626 140/321/140
f 17/241/17 297/240/297 629/309/629 120/323/120
f 120/323/120 629/309/629 628/308/628 121/324/121
f 628/308/628 625/282/625 122/281/122 121/324/121
f 629/309/629 297/240/297 298/280/298 631/310/631
f 631/310/631 298/280/298 62/230/62 277/244/277
f 642/325/642 645/326/645 644/327/644 641/317/641
f 634/320/634 635/253/635 637/231/637 636/328/636
f 299/314/299 300/255/300 633/254/633 632/319/632
f 23/322/23 299/314/299 632/319/632 141/329/141
f 636/328/636 637/231/637 296/233/296 295/277/295
f 5/330/5 154/331/154 661/332/661 153/333/153
f 143/334/143 636/328/636 295/277/295 24/296/24
f 142/335/142 634/320/634 636/328/636 143/334/143
f 141/329/141 632/319/632 634/320/634 142/335/142
f 307/336/307 639/337/639 640/338/640 306/339/306
f 639/337/639 310/340/310 309/341/309 640/338/640
f 64/342/64 301/343/301 638/344/638 308/345/308
f 301/343/301 65/346/65 311/347/311 638/344/638
f 306/339/306 640/338/640 314/348/314 66/349/66
f 640/338/640 309/341/309 63/350/63 314/348/314
f 672/351/672 674/352/674 673/353/673 671/354/671
f 648/355/648 312/356/312 313/357/313 647/358/647
f 643/359/643 646/360/646 645/326/645 642/325/642
f 312/356/312 646/360/646 643/359/643 313/357/313
f 668/316/668 669/361/669 642/325/642 641/317/641
f 669/361/669 670/362/670 643/359/643 642/325/642
f 670/362/670 324/363/324 313/357/313 643/359/643
f 313/357/313 324/363/324 684/364/684 647/358/647
f 305/318/305 641/317/641 644/327/644 304/365/304
f 646/360/646 312/356/312 63/350/63 309/341/309
f 645/326/645 646/360/646 309/341/309 310/340/310
f 644/327/644 645/326/645 310/340/310 311/347/311
f 304/365/304 644/327/644 311/347/311 65/346/65
f 302/366/302 303/367/303 648/355/648 647/358/647
f 314/348/314 648/355/648 303/367/303 66/349/66
f 63/350/63 312/356/312 648/355/648 314/348/314
f 153/333/153 661/332/661 663/368/663 152/369/152
f 150/370/150 673/353/673 317/371/317 27/372/27
f 647/358/647 684/364/684 328/373/328 302/366/302
f 26/374/26 149/375/149 653/376/653 315/377/315
f 148/291/148 26/374/26 315/377/315 650/292/650
f 650/292/650 315/377/315 316/378/316 652/379/652
f 649/293/649 650/292/650 652/379/652 651/380/651
f 149/375/149 27/372/27 317/371/317 653/376/653
f 652/379/652 316/378/316 64/342/64 320/381/320
f 656/382/656 308/345/308 307/336/307 658/383/658
f 651/380/651 652/379/652 320/381/320 319/384/319
f 131/385/131 651/380/651 319/384/319 21/386/21
f 130/387/130 649/293/649 651/380/651 131/385/131
f 315/377/315 653/376/653 654/388/654 316/378/316
f 653/376/653 317/371/317 318/389/318 654/388/654
f 316/378/316 654/388/654 301/343/301 64/342/64
f 654/388/654 318/389/318 65/346/65 301/343/301
f 734/390/734 736/391/736 735/392/735 733/393/733
f 684/364/684 324/363/324 323/394/323 683/395/683
f 655/396/655 656/382/656 658/383/658 657/397/657
f 658/383/658 307/336/307 306/339/306 660/398/660
f 657/397/657 658/383/658 660/398/660 659/399/659
f 320/381/320 64/342/64 308/345/308 656/382/656
f 21/386/21 319/384/319 655/396/655 132/400/132
f 319/384/319 320/381/320 656/382/656 655/396/655
f 660/398/660 306/339/306 66/349/66 326/401/326
f 327/402/327 328/373/328 684/364/684 683/395/683
f 659/399/659 660/398/660 326/401/326 325/403/325
f 134/404/134 659/399/659 325/403/325 22/405/22
f 133/406/133 657/397/657 659/399/659 134/404/134
f 132/400/132 655/396/655 657/397/657 133/406/133
f 662/407/662 664/408/664 663/368/663 661/332/661
f 321/409/321 322/315/322 664/408/664 662/407/662
f 679/410/679 680/411/680 682/412/682 681/413/681
f 154/331/154 155/414/155 662/407/662 661/332/661
f 155/414/155 28/415/28 321/409/321 662/407/662
f 136/416/136 679/410/679 676/417/676 137/418/137
f 305/318/305 672/351/672 664/408/664 322/315/322
f 664/408/664 672/351/672 671/354/671 663/368/663
f 666/419/666 669/361/669 668/316/668 665/420/665
f 667/421/667 670/362/670 669/361/669 666/419/666
f 323/394/323 324/363/324 670/362/670 667/421/667
f 28/415/28 156/422/156 665/420/665 321/409/321
f 156/422/156 157/423/157 666/419/666 665/420/665
f 157/423/157 158/424/158 667/421/667 666/419/666
f 158/424/158 29/425/29 323/394/323 667/421/667
f 321/409/321 665/420/665 668/316/668 322/315/322
f 675/426/675 676/417/676 678/427/678 677/428/677
f 304/365/304 674/352/674 672/351/672 305/318/305
f 663/368/663 671/354/671 151/429/151 152/369/152
f 671/354/671 673/353/673 150/370/150 151/429/151
f 674/352/674 304/365/304 65/346/65 318/389/318
f 673/353/673 674/352/674 318/389/318 317/371/317
f 858/430/858 447/431/447 446/432/446 857/433/857
f 137/418/137 676/417/676 675/426/675 138/434/138
f 368/435/368 738/436/738 720/437/720 355/438/355
f 8/439/8 138/434/138 675/426/675 161/440/161
f 678/427/678 328/373/328 327/402/327 677/428/677
f 676/417/676 679/410/679 681/413/681 678/427/678
f 678/427/678 681/413/681 302/366/302 328/373/328
f 160/441/160 677/428/677 327/402/327 30/442/30
f 358/443/358 721/444/721 720/437/720 359/445/359
f 161/440/161 675/426/675 677/428/677 160/441/160
f 135/446/135 680/411/680 679/410/679 136/416/136
f 326/401/326 66/349/66 303/367/303 682/412/682
f 682/412/682 303/367/303 302/366/302 681/413/681
f 135/446/135 22/405/22 325/403/325 680/411/680
f 680/411/680 325/403/325 326/401/326 682/412/682
f 694/447/694 339/448/339 338/449/338 693/450/693
f 329/451/329 67/33/67 334/32/334 685/452/685
f 683/395/683 159/453/159 30/442/30 327/402/327
f 159/453/159 683/395/683 323/394/323 29/425/29
f 334/32/334 335/454/335 685/452/685
f 171/455/171 698/456/698 347/457/347 34/458/34
f 689/459/689 687/31/687 686/460/686 688/461/688
f 715/462/715 716/463/716 689/459/689 688/461/688
f 689/459/689 335/454/335 334/32/334 687/31/687
f 707/464/707 337/465/337 336/466/336 706/467/706
f 68/468/68 330/469/330 686/460/686 332/470/332
f 333/471/333 688/461/688 686/460/686 330/469/330
f 699/472/699 348/473/348 347/457/347 698/456/698
f 338/449/338 339/448/339 699/472/699 698/456/698
f 357/474/357 719/475/719 351/476/351 71/477/71
f 346/478/346 715/462/715 688/461/688 333/471/333
f 696/479/696 336/466/336 337/465/337 697/480/697
f 692/481/692 696/479/696 697/480/697 695/482/695
f 690/483/690 691/484/691 694/447/694 693/450/693
f 691/484/691 692/481/692 695/482/695 694/447/694
f 695/482/695 340/485/340 339/448/339 694/447/694
f 170/486/170 693/450/693 338/449/338 33/487/33
f 2/488/2 162/489/162 690/483/690 169/490/169
f 162/489/162 163/491/163 691/484/691 690/483/690
f 163/491/163 164/492/164 692/481/692 691/484/691
f 337/465/337 67/33/67 329/451/329 697/480/697
f 169/490/169 690/483/690 693/450/693 170/486/170
f 701/95/701 168/493/168 6/494/6 181/96/181
f 697/480/697 329/451/329 340/485/340 695/482/695
f 164/492/164 165/495/165 696/479/696 692/481/692
f 165/495/165 31/496/31 336/466/336 696/479/696
f 178/497/178 717/498/717 703/499/703 179/500/179
f 339/448/339 340/485/340 700/501/700 699/472/699
f 340/485/340 329/451/329 685/452/685 700/501/700
f 700/501/700 349/502/349 348/473/348 699/472/699
f 685/452/685 335/454/335 349/502/349 700/501/700
f 175/503/175 708/504/708 709/505/709 176/506/176
f 147/507/147 726/508/726 727/509/727 148/510/148
f 36/511/36 341/512/341 702/92/702 180/97/180
f 168/493/168 701/95/701 342/94/342 32/513/32
f 341/512/341 68/468/68 343/93/343 702/92/702
f 179/500/179 703/499/703 341/512/341 36/511/36
f 705/514/705 332/470/332 331/34/331 707/464/707
f 703/499/703 330/469/330 68/468/68 341/512/341
f 708/504/708 344/515/344 345/516/345 709/505/709
f 726/508/726 362/517/362 363/518/363 727/509/727
f 719/475/719 360/519/360 361/520/361 718/521/718
f 350/522/350 351/476/351 719/475/719 718/521/718
f 704/523/704 705/514/705 707/464/707 706/467/706
f 166/524/166 706/467/706 336/466/336 31/496/31
f 67/33/67 337/465/337 707/464/707 331/34/331
f 343/93/343 68/468/68 332/470/332 705/514/705
f 32/513/32 342/94/342 704/523/704 167/525/167
f 342/94/342 343/93/343 705/514/705 704/523/704
f 732/526/732 149/527/149 26/528/26 366/529/366
f 712/530/712 347/457/347 348/473/348 714/531/714
f 167/525/167 704/523/704 706/467/706 166/524/166
f 176/506/176 709/505/709 710/532/710 177/533/177
f 709/505/709 345/516/345 346/478/346 710/532/710
f 174/534/174 708/504/708 175/503/175 5/535/5
f 35/536/35 344/515/344 708/504/708 174/534/174
f 717/498/717 178/497/178 177/533/177 710/532/710
f 710/532/710 346/478/346 333/471/333 717/498/717
f 711/537/711 712/530/712 714/531/714 713/538/713
f 714/531/714 348/473/348 349/502/349 716/463/716
f 713/538/713 714/531/714 716/463/716 715/462/715
f 34/458/34 347/457/347 712/530/712 172/539/172
f 35/536/35 173/540/173 711/537/711 344/515/344
f 173/540/173 172/539/172 712/530/712 711/537/711
f 716/463/716 349/502/349 335/454/335 689/459/689
f 345/516/345 713/538/713 715/462/715 346/478/346
f 344/515/344 711/537/711 713/538/713 345/516/345
f 717/498/717 333/471/333 330/469/330 703/499/703
f 378/541/378 763/542/763 762/543/762 379/544/379
f 784/545/784 785/546/785 787/547/787 786/548/786
f 69/549/69 360/519/360 719/475/719 357/474/357
f 740/550/740 742/551/742 741/552/741 739/553/739
f 722/554/722 723/555/723 725/556/725 724/557/724
f 718/521/718 356/558/356 70/559/70 350/522/350
f 356/558/356 718/521/718 361/520/361 72/560/72
f 720/437/720 721/444/721 354/561/354 355/438/355
f 738/436/738 370/562/370 359/445/359 720/437/720
f 172/563/172 749/564/749 369/565/369 34/566/34
f 354/561/354 721/444/721 357/474/357 71/477/71
f 721/444/721 358/443/358 69/549/69 357/474/357
f 152/567/152 744/568/744 743/569/743 153/570/153
f 149/527/149 732/526/732 371/571/371 27/572/27
f 352/573/352 353/574/353 723/555/723 722/554/722
f 69/549/69 358/443/358 725/556/725 360/519/360
f 735/392/735 739/553/739 108/575/108 109/576/109
f 725/556/725 358/443/358 359/445/359 724/557/724
f 353/574/353 72/560/72 361/520/361 723/555/723
f 723/555/723 361/520/361 360/519/360 725/556/725
f 729/577/729 364/578/364 365/579/365 731/580/731
f 748/581/748 722/554/722 724/557/724 750/582/750
f 373/583/373 352/573/352 722/554/722 748/581/748
f 1/584/1 104/585/104 726/508/726 147/507/147
f 104/585/104 11/586/11 362/517/362 726/508/726
f 356/558/356 732/526/732 366/529/366 70/559/70
f 148/510/148 727/509/727 366/529/366 26/528/26
f 363/518/363 70/559/70 366/529/366 727/509/727
f 731/580/731 351/476/351 350/522/350 730/587/730
f 728/588/728 729/577/729 731/580/731 730/587/730
f 106/589/106 12/590/12 364/578/364 729/577/729
f 750/582/750 370/562/370 369/565/369 749/564/749
f 11/586/11 105/591/105 728/588/728 362/517/362
f 105/591/105 106/589/106 729/577/729 728/588/728
f 365/579/365 71/477/71 351/476/351 731/580/731
f 363/518/363 730/587/730 350/522/350 70/559/70
f 110/592/110 733/393/733 735/392/735 109/576/109
f 362/517/362 728/588/728 730/587/730 363/518/363
f 72/560/72 371/571/371 732/526/732 356/558/356
f 744/568/744 373/583/373 372/593/372 743/569/743
f 743/569/743 174/594/174 5/595/5 153/570/153
f 737/596/737 738/436/738 368/435/368 367/597/367
f 367/597/367 368/435/368 736/391/736 734/390/734
f 170/598/170 33/599/33 367/597/367 734/390/734
f 2/600/2 169/601/169 733/393/733 110/592/110
f 169/601/169 170/598/170 734/390/734 733/393/733
f 761/602/761 375/603/375 374/604/374 760/605/760
f 108/575/108 739/553/739 741/552/741 107/606/107
f 355/438/355 740/550/740 736/391/736 368/435/368
f 736/391/736 740/550/740 739/553/739 735/392/735
f 369/565/369 370/562/370 738/436/738 737/596/737
f 33/599/33 171/607/171 737/596/737 367/597/367
f 171/607/171 34/566/34 369/565/369 737/596/737
f 887/608/887 883/609/883 884/610/884 888/611/888
f 474/612/474 475/613/475 884/610/884 883/609/883
f 354/561/354 742/551/742 740/550/740 355/438/355
f 742/551/742 354/561/354 71/477/71 365/579/365
f 900/614/900 179/615/179 36/616/36 486/617/486
f 741/552/741 742/551/742 365/579/365 364/578/364
f 107/606/107 741/552/741 364/578/364 12/590/12
f 150/618/150 746/619/746 745/620/745 151/621/151
f 174/594/174 743/569/743 372/593/372 35/622/35
f 746/619/746 353/574/353 352/573/352 745/620/745
f 759/191/759 387/190/387 38/623/38 188/624/188
f 132/275/132 133/267/133 607/270/607 606/271/606
f 747/625/747 748/581/748 750/582/750 749/564/749
f 568/147/568 249/123/249 56/131/56 261/153/261
f 27/572/27 371/571/371 746/619/746 150/618/150
f 371/571/371 72/560/72 353/574/353 746/619/746
f 745/620/745 744/568/744 152/567/152 151/621/151
f 745/620/745 352/573/352 373/583/373 744/568/744
f 750/582/750 724/557/724 359/445/359 370/562/370
f 372/593/372 373/583/373 748/581/748 747/625/747
f 35/622/35 372/593/372 747/625/747 173/626/173
f 243/70/243 546/29/546 529/22/529 230/21/230
f 379/544/379 751/135/751 753/134/753 378/541/378
f 173/626/173 747/625/747 749/564/749 172/563/172
f 380/627/380 754/133/754 752/132/752 381/628/381
f 375/603/375 75/629/75 381/628/381 752/132/752
f 74/189/74 374/604/374 751/135/751 379/544/379
f 374/604/374 375/603/375 752/132/752 751/135/751
f 754/133/754 380/627/380 73/630/73 383/631/383
f 73/630/73 382/632/382 758/633/758 383/631/383
f 753/134/753 754/133/754 383/631/383 384/634/384
f 378/541/378 753/134/753 384/634/384 76/635/76
f 756/636/756 380/627/380 381/628/381 755/637/755
f 772/638/772 393/639/393 382/632/382 756/636/756
f 73/630/73 380/627/380 756/636/756 382/632/382
f 390/640/390 771/641/771 755/637/755 377/642/377
f 377/642/377 755/637/755 381/628/381 75/629/75
f 757/643/757 384/634/384 383/631/383 758/633/758
f 780/644/780 757/643/757 758/633/758 783/645/783
f 114/646/114 781/647/781 391/648/391 14/649/14
f 760/605/760 374/604/374 74/189/74 385/188/385
f 397/650/397 376/651/376 757/643/757 780/644/780
f 376/651/376 76/635/76 384/634/384 757/643/757
f 38/652/38 409/653/409 792/654/792 188/655/188
f 75/629/75 386/656/386 773/657/773 377/642/377
f 168/658/168 759/191/759 188/624/188 6/659/6
f 32/660/32 385/188/385 759/191/759 168/658/168
f 762/543/762 763/542/763 186/661/186 187/662/187
f 767/663/767 768/664/768 770/665/770 769/666/769
f 386/656/386 75/629/75 375/603/375 761/602/761
f 31/667/31 386/656/386 761/602/761 166/668/166
f 32/660/32 167/669/167 760/605/760 385/188/385
f 167/669/167 166/668/166 761/602/761 760/605/760
f 782/670/782 392/671/392 391/648/391 781/647/781
f 764/672/764 388/673/388 389/674/389 765/675/765
f 38/623/38 387/190/387 762/543/762 187/662/187
f 387/190/387 74/189/74 379/544/379 762/543/762
f 186/661/186 763/542/763 394/676/394 37/677/37
f 763/542/763 378/541/378 76/635/76 394/676/394
f 775/678/775 396/679/396 395/680/395 774/681/774
f 182/682/182 183/683/183 775/678/775 774/681/774
f 765/675/765 389/674/389 390/640/390 766/684/766
f 111/685/111 13/686/13 388/673/388 764/672/764
f 2/687/2 111/685/111 764/672/764 162/688/162
f 766/684/766 390/640/390 377/642/377 773/657/773
f 163/689/163 765/675/765 766/684/766 164/690/164
f 162/688/162 764/672/764 765/675/765 163/689/163
f 769/666/769 770/665/770 772/638/772 771/641/771
f 112/691/112 113/692/113 768/664/768 767/663/767
f 13/686/13 112/691/112 767/663/767 388/673/388
f 771/641/771 772/638/772 756/636/756 755/637/755
f 113/692/113 14/649/14 391/648/391 768/664/768
f 768/664/768 391/648/391 392/671/392 770/665/770
f 770/665/770 392/671/392 393/639/393 772/638/772
f 389/674/389 769/666/769 771/641/771 390/640/390
f 388/673/388 767/663/767 769/666/769 389/674/389
f 766/684/766 773/657/773 165/693/165 164/690/164
f 165/693/165 773/657/773 386/656/386 31/667/31
f 184/694/184 185/695/185 777/696/777 776/697/776
f 540/71/540 232/14/232 231/19/231 541/74/541
f 183/683/183 184/694/184 776/697/776 775/678/775
f 774/681/774 116/698/116 3/699/3 182/682/182
f 776/697/776 397/650/397 396/679/396 775/678/775
f 116/698/116 774/681/774 395/680/395 15/700/15
f 185/695/185 37/677/37 394/676/394 777/696/777
f 394/676/394 76/635/76 376/651/376 777/696/777
f 777/696/777 376/651/376 397/650/397 776/697/776
f 789/701/789 404/702/404 405/703/405 788/704/788
f 804/705/804 805/706/805 789/701/789 788/704/788
f 778/707/778 779/708/779 782/670/782 781/647/781
f 779/708/779 780/644/780 783/645/783 782/670/782
f 783/645/783 393/639/393 392/671/392 782/670/782
f 758/633/758 382/632/382 393/639/393 783/645/783
f 15/700/15 395/680/395 778/707/778 115/709/115
f 395/680/395 396/679/396 779/708/779 778/707/778
f 396/679/396 397/650/397 780/644/780 779/708/779
f 530/27/530 532/26/532 531/23/531 529/22/529
f 115/709/115 778/707/778 781/647/781 114/646/114
f 398/710/398 399/711/399 785/546/785 784/545/784
f 407/712/407 791/713/791 790/714/790 408/715/408
f 77/716/77 407/712/407 787/547/787 404/702/404
f 78/717/78 398/710/398 784/545/784 403/718/403
f 407/712/407 408/715/408 786/548/786 787/547/787
f 399/711/399 79/719/79 405/703/405 785/546/785
f 785/546/785 405/703/405 404/702/404 787/547/787
f 402/720/402 786/548/786 408/715/408 80/721/80
f 414/722/414 804/705/804 788/704/788 401/723/401
f 403/718/403 784/545/784 786/548/786 402/720/402
f 805/706/805 417/724/417 406/725/406 789/701/789
f 401/723/401 788/704/788 405/703/405 79/719/79
f 77/716/77 404/702/404 789/701/789 406/725/406
f 808/726/808 420/727/420 419/728/419 807/729/807
f 186/730/186 794/731/794 793/732/793 187/733/187
f 200/734/200 811/735/811 814/736/814 199/737/199
f 421/738/421 400/739/400 790/714/790 813/740/813
f 400/739/400 80/721/80 408/715/408 790/714/790
f 816/741/816 791/713/791 406/725/406 417/724/417
f 791/713/791 407/712/407 77/716/77 406/725/406
f 827/742/827 423/743/423 422/744/422 826/745/826
f 185/746/185 806/747/806 410/748/410 37/749/37
f 794/731/794 399/711/399 398/710/398 793/732/793
f 792/654/792 189/750/189 6/751/6 188/655/188
f 189/750/189 792/654/792 411/752/411 39/753/39
f 812/754/812 815/755/815 814/736/814 811/735/811
f 37/749/37 410/748/410 794/731/794 186/730/186
f 410/748/410 79/719/79 399/711/399 794/731/794
f 182/756/182 797/757/797 798/758/798 183/759/183
f 793/732/793 409/653/409 38/652/38 187/733/187
f 409/653/409 793/732/793 398/710/398 78/717/78
f 797/757/797 412/760/412 413/761/413 798/758/798
f 411/752/411 78/717/78 403/718/403 795/762/795
f 39/753/39 411/752/411 795/762/795 190/763/190
f 80/721/80 418/764/418 796/765/796 402/720/402
f 191/766/191 796/765/796 418/764/418 40/767/40
f 801/768/801 415/769/415 416/770/416 803/771/803
f 190/763/190 795/762/795 796/765/796 191/766/191
f 183/759/183 798/758/798 799/772/799 184/773/184
f 798/758/798 413/761/413 414/722/414 799/772/799
f 3/774/3 196/775/196 797/757/797 182/756/182
f 196/775/196 41/776/41 412/760/412 797/757/797
f 806/747/806 185/746/185 184/773/184 799/772/799
f 799/772/799 414/722/414 401/723/401 806/747/806
f 800/777/800 801/768/801 803/771/803 802/778/802
f 803/771/803 416/770/416 417/724/417 805/706/805
f 802/778/802 803/771/803 805/706/805 804/705/804
f 198/779/198 42/780/42 415/769/415 801/768/801
f 41/776/41 197/781/197 800/777/800 412/760/412
f 197/781/197 198/779/198 801/768/801 800/777/800
f 413/761/413 802/778/802 804/705/804 414/722/414
f 412/760/412 800/777/800 802/778/802 413/761/413
f 79/719/79 410/748/410 806/747/806 401/723/401
f 825/782/825 436/783/436 20/784/20 129/785/129
f 810/786/810 400/739/400 421/738/421 809/787/809
f 435/788/435 81/789/81 436/783/436 825/782/825
f 809/787/809 421/738/421 420/727/420 808/726/808
f 807/729/807 419/728/419 43/790/43 201/791/201
f 7/792/7 195/793/195 807/729/807 201/791/201
f 195/793/195 194/794/194 808/726/808 807/729/807
f 194/794/194 193/795/193 809/787/809 808/726/808
f 418/764/418 80/721/80 400/739/400 810/786/810
f 810/786/810 809/787/809 193/795/193 192/796/192
f 40/767/40 418/764/418 810/786/810 192/796/192
f 175/797/175 176/798/176 914/799/914 913/800/913
f 649/293/649 130/387/130 1/801/1 147/290/147
f 813/740/813 816/741/816 815/755/815 812/754/812
f 790/714/790 791/713/791 816/741/816 813/740/813
f 43/790/43 419/728/419 811/735/811 200/734/200
f 419/728/419 420/727/420 812/754/812 811/735/811
f 420/727/420 421/738/421 813/740/813 812/754/812
f 815/755/815 816/741/816 417/724/417 416/770/416
f 814/736/814 815/755/815 416/770/416 415/769/415
f 199/737/199 814/736/814 415/769/415 42/780/42
f 818/299/818 820/302/820 819/802/819 817/803/817
f 431/804/431 817/803/817 819/802/819 430/805/430
f 81/789/81 422/744/422 817/803/817 431/804/431
f 422/744/422 423/743/423 818/299/818 817/803/817
f 819/802/819 820/302/820 433/806/433 434/807/434
f 430/805/430 819/802/819 434/807/434 85/808/85
f 425/809/425 822/301/822 821/300/821 424/810/424
f 429/811/429 823/812/823 824/813/824 428/814/428
f 432/815/432 822/301/822 425/809/425 83/816/83
f 424/810/424 821/300/821 427/817/427 82/306/82
f 430/805/430 829/818/829 828/819/828 431/804/431
f 423/743/423 427/817/427 821/300/821 818/299/818
f 204/820/204 205/821/205 836/822/836 827/742/827
f 432/815/432 824/813/824 433/806/433
f 824/813/824 432/815/432 83/816/83 428/814/428
f 426/823/426 85/808/85 434/807/434 823/812/823
f 823/812/823 434/807/434 433/806/433 824/813/824
f 836/822/836 427/817/427 423/743/423 827/742/827
f 84/824/84 426/823/426 823/812/823 429/811/429
f 4/825/4 202/826/202 825/782/825 129/785/129
f 202/826/202 44/827/44 435/788/435 825/782/825
f 828/819/828 829/818/829 127/828/127 128/829/128
f 832/830/832 833/831/833 835/832/835 834/833/834
f 826/745/826 422/744/422 81/789/81 435/788/435
f 44/827/44 203/834/203 826/745/826 435/788/435
f 203/834/203 204/820/204 827/742/827 826/745/826
f 865/835/865 466/836/466 88/837/88 469/838/469
f 830/839/830 437/840/437 438/305/438 831/304/831
f 20/784/20 436/783/436 828/819/828 128/829/128
f 436/783/436 81/789/81 431/804/431 828/819/828
f 127/828/127 829/818/829 443/841/443 19/842/19
f 829/818/829 430/805/430 85/808/85 443/841/443
f 838/843/838 445/844/445 444/845/444 837/846/837
f 442/847/442 839/848/839 426/823/426 84/824/84
f 43/849/43 437/840/437 830/839/830 201/850/201
f 834/833/834 835/832/835 425/809/425 424/810/424
f 830/839/830 207/851/207 7/852/7 201/850/201
f 427/817/427 836/822/836 441/307/441 82/306/82
f 206/853/206 831/304/831 441/307/441 45/854/45
f 207/851/207 830/839/830 831/304/831 206/853/206
f 42/855/42 439/856/439 833/831/833 199/857/199
f 199/857/199 833/831/833 832/830/832 200/858/200
f 832/830/832 437/840/437 43/849/43 200/858/200
f 833/831/833 439/856/439 440/859/440 835/832/835
f 835/832/835 440/859/440 83/816/83 425/809/425
f 438/305/438 834/833/834 424/810/424 82/306/82
f 437/840/437 832/830/832 834/833/834 438/305/438
f 19/842/19 443/841/443 839/848/839 126/860/126
f 441/307/441 836/822/836 205/821/205 45/854/45
f 849/861/849 458/862/458 460/863/460 854/864/854
f 9/68/9 239/67/239 537/57/537 97/60/97
f 124/865/124 125/866/125 838/843/838 837/846/837
f 18/867/18 442/847/442 838/843/838 125/866/125
f 837/846/837 196/868/196 3/869/3 124/865/124
f 442/847/442 84/824/84 445/844/445 838/843/838
f 18/867/18 126/860/126 839/848/839 442/847/442
f 196/868/196 837/846/837 444/845/444 41/870/41
f 197/871/197 840/872/840 842/873/842 198/874/198
f 443/841/443 85/808/85 426/823/426 839/848/839
f 856/875/856 464/876/464 463/877/463 855/878/855
f 450/879/450 851/880/851 850/881/850 449/882/449
f 41/870/41 444/845/444 840/872/840 197/871/197
f 840/872/840 841/883/841 843/884/843 842/873/842
f 843/884/843 440/859/440 439/856/439 842/873/842
f 83/816/83 440/859/440 843/884/843 428/814/428
f 198/874/198 842/873/842 439/856/439 42/855/42
f 444/845/444 445/844/445 841/883/841 840/872/840
f 445/844/445 84/824/84 429/811/429 841/883/841
f 841/883/841 429/811/429 428/814/428 843/884/843
f 844/885/844 845/886/845 848/887/848 847/888/847
f 845/886/845 846/889/846 849/861/849 848/887/848
f 86/890/86 446/432/446 844/885/844 457/891/457
f 446/432/446 447/431/447 845/886/845 844/885/844
f 447/431/447 448/892/448 846/889/846 845/886/845
f 448/892/448 87/893/87 459/894/459 846/889/846
f 846/889/846 459/894/459 458/862/458 849/861/849
f 457/891/457 844/885/844 847/888/847 456/895/456
f 449/882/449 850/881/850 452/896/452 88/837/88
f 455/897/455 852/898/852 853/899/853 454/900/454
f 460/863/460 851/880/851 450/879/450 89/901/89
f 851/880/851 460/863/460 458/862/458
f 850/881/850 851/880/851 458/862/458 459/894/459
f 452/896/452 850/881/850 459/894/459 87/893/87
f 453/902/453 854/864/854 460/863/460 89/901/89
f 181/903/181 890/904/890 892/905/892 180/906/180
f 456/895/456 847/888/847 852/898/852 451/907/451
f 848/887/848 853/899/853 852/898/852 847/888/847
f 849/861/849 854/864/854 853/899/853 848/887/848
f 144/908/144 870/909/870 462/910/462 24/911/24
f 90/912/90 451/907/451 852/898/852 455/897/455
f 454/900/454 853/899/853 854/864/854 453/902/453
f 139/913/139 140/914/140 856/875/856 855/878/855
f 23/915/23 461/916/461 856/875/856 140/914/140
f 855/878/855 202/917/202 4/918/4 139/913/139
f 461/916/461 86/890/86 464/876/464 856/875/856
f 141/919/141 142/920/142 858/430/858 857/433/857
f 855/878/855 463/877/463 44/921/44 202/917/202
f 203/922/203 860/923/860 862/924/862 204/925/204
f 142/920/142 143/926/143 859/927/859 858/430/858
f 24/911/24 462/910/462 859/927/859 143/926/143
f 859/927/859 448/892/448 447/431/447 858/430/858
f 462/910/462 87/893/87 448/892/448 859/927/859
f 214/928/214 213/929/213 867/930/867 866/931/866
f 857/433/857 461/916/461 23/915/23 141/919/141
f 461/916/461 857/433/857 446/432/446 86/890/86
f 864/932/864 465/933/465 466/836/466 865/835/865
f 44/921/44 463/877/463 860/923/860 203/922/203
f 860/923/860 861/934/861 863/935/863 862/924/862
f 209/936/209 873/937/873 472/938/472 46/939/46
f 463/877/463 464/876/464 861/934/861 860/923/860
f 464/876/464 86/890/86 457/891/457 861/934/861
f 861/934/861 457/891/457 456/895/456 863/935/863
f 866/931/866 465/933/465 48/940/48 214/928/214
f 146/941/146 864/932/864 865/835/865 145/942/145
f 48/940/48 465/933/465 864/932/864 215/943/215
f 145/942/145 865/835/865 469/838/469 25/944/25
f 215/943/215 864/932/864 146/941/146 8/945/8
f 452/896/452 870/909/870 469/838/469 88/837/88
f 870/909/870 144/908/144 25/944/25 469/838/469
f 47/946/47 467/947/467 867/930/867 213/929/213
f 867/930/867 467/947/467 468/948/468 869/949/869
f 866/931/866 867/930/867 869/949/869 868/950/868
f 208/951/208 871/952/871 873/937/873 209/936/209
f 869/949/869 468/948/468 89/901/89 450/879/450
f 931/953/931 506/954/506 505/955/505 933/956/933
f 868/950/868 869/949/869 450/879/450 449/882/449
f 466/836/466 868/950/868 449/882/449 88/837/88
f 465/933/465 866/931/866 868/950/868 466/836/466
f 862/924/862 875/957/875 205/958/205 204/925/204
f 870/909/870 452/896/452 87/893/87 462/910/462
f 941/959/941 510/960/510 511/961/511 942/962/942
f 190/963/190 191/964/191 944/965/944 943/966/943
f 207/967/207 206/968/206 872/969/872 871/952/871
f 45/970/45 470/971/470 872/969/872 206/968/206
f 871/952/871 208/951/208 7/972/7 207/967/207
f 871/952/871 872/969/872 874/973/874 873/937/873
f 205/958/205 875/957/875 470/971/470 45/970/45
f 872/969/872 470/971/470 471/974/471 874/973/874
f 874/973/874 471/974/471 90/912/90 473/975/473
f 873/937/873 874/973/874 473/975/473 472/938/472
f 210/976/210 877/977/877 879/978/879 211/979/211
f 471/974/471 876/980/876 451/907/451 90/912/90
f 863/935/863 876/980/876 875/957/875 862/924/862
f 863/935/863 456/895/456 451/907/451 876/980/876
f 820/302/820 822/301/822 432/815/432 433/806/433
f 470/971/470 875/957/875 876/980/876 471/974/471
f 211/979/211 879/978/879 881/981/881 212/982/212
f 877/977/877 878/983/878 880/984/880 879/978/879
f 46/939/46 472/938/472 877/977/877 210/976/210
f 879/978/879 880/984/880 882/985/882 881/981/881
f 212/982/212 881/981/881 467/947/467 47/946/47
f 472/938/472 473/975/473 878/983/878 877/977/877
f 473/975/473 90/912/90 455/897/455 878/983/878
f 878/983/878 455/897/455 454/900/454 880/984/880
f 880/984/880 454/900/454 453/902/453 882/985/882
f 882/985/882 453/902/453 89/901/89 468/948/468
f 881/981/881 882/985/882 468/948/468 467/947/467
f 475/613/475 476/986/476 885/987/885 884/610/884
f 480/988/480 885/987/885 476/986/476 92/989/92
f 888/611/888 884/610/884 885/987/885 889/990/889
f 889/990/889 885/987/885 480/988/480 481/991/481
f 478/992/478 886/993/886 480/988/480 92/989/92
f 883/609/883 479/994/479 91/995/91 474/612/474
f 477/996/477 479/994/479 883/609/883 887/608/887
f 886/993/886 481/991/481 480/988/480
f 308/345/308 638/344/638 639/337/639 307/336/307
f 177/997/177 178/998/178 919/999/919 915/1000/915
f 923/1001/923 887/608/887 888/611/888 926/1002/926
f 926/1002/926 888/611/888 889/990/889 929/1003/929
f 496/1004/496 477/996/477 887/608/887 923/1001/923
f 929/1003/929 889/990/889 481/991/481 493/1005/493
f 912/1006/912 485/1007/485 484/1008/484 911/1009/911
f 907/1010/907 912/1006/912 911/1009/911 906/1011/906
f 6/1012/6 216/1013/216 890/904/890 181/903/181
f 890/904/890 891/1014/891 893/1015/893 892/905/892
f 893/1015/893 487/1016/487 486/617/486 892/905/892
f 483/1017/483 91/995/91 487/1016/487 893/1015/893
f 180/906/180 892/905/892 486/617/486 36/616/36
f 216/1013/216 217/1018/217 891/1014/891 890/904/890
f 217/1018/217 49/1019/49 482/1020/482 891/1014/891
f 891/1014/891 482/1020/482 483/1017/483 893/1015/893
f 898/1021/898 475/613/475 474/612/474 897/1022/897
f 894/1023/894 895/1024/895 898/1021/898 897/1022/897
f 895/1024/895 896/1025/896 899/1026/899 898/1021/898
f 899/1026/899 476/986/476 475/613/475 898/1021/898
f 485/1007/485 92/989/92 476/986/476 899/1026/899
f 49/1019/49 218/1027/218 894/1023/894 482/1020/482
f 218/1027/218 219/1028/219 895/1024/895 894/1023/894
f 219/1028/219 220/1029/220 896/1025/896 895/1024/895
f 220/1029/220 50/1030/50 484/1008/484 896/1025/896
f 896/1025/896 484/1008/484 485/1007/485 899/1026/899
f 483/1017/483 897/1022/897 474/612/474 91/995/91
f 903/1031/903 488/1032/488 489/1033/489 905/1034/905
f 482/1020/482 894/1023/894 897/1022/897 483/1017/483
f 486/617/486 487/1016/487 901/1035/901 900/614/900
f 479/994/479 901/1035/901 487/1016/487 91/995/91
f 919/999/919 900/614/900 901/1035/901 920/1036/920
f 920/1036/920 901/1035/901 479/994/479 477/996/477
f 488/1032/488 908/1037/908 909/1038/909 489/1033/489
f 638/344/638 311/347/311 310/340/310 639/337/639
f 908/1037/908 491/1039/491 492/1040/492 909/1038/909
f 902/1041/902 903/1031/903 905/1034/905 904/1042/904
f 905/1034/905 489/1033/489 490/1043/490 907/1010/907
f 904/1042/904 905/1034/905 907/1010/907 906/1011/906
f 30/1044/30 488/1032/488 903/1031/903 160/1045/160
f 8/1046/8 161/1047/161 902/1041/902 224/1048/224
f 161/1047/161 160/1045/160 903/1031/903 902/1041/902
f 907/1010/907 490/1043/490 478/992/478 912/1006/912
f 223/1049/223 904/1042/904 906/1011/906 222/1050/222
f 224/1048/224 902/1041/902 904/1042/904 223/1049/223
f 489/1033/489 909/1038/909 910/1051/910 490/1043/490
f 909/1038/909 492/1040/492 493/1005/493 910/1051/910
f 159/1052/159 908/1037/908 488/1032/488 30/1044/30
f 29/1053/29 491/1039/491 908/1037/908 159/1052/159
f 490/1043/490 910/1051/910 886/993/886 478/992/478
f 910/1051/910 493/1005/493 481/991/481 886/993/886
f 92/989/92 485/1007/485 912/1006/912 478/992/478
f 409/653/409 78/717/78 411/752/411 792/654/792
f 906/1011/906 911/1009/911 221/1054/221 222/1050/222
f 221/1054/221 911/1009/911 484/1008/484 50/1030/50
f 942/962/942 511/961/511 94/1055/94 514/1056/514
f 176/798/176 177/997/177 915/1000/915 914/799/914
f 913/800/913 154/1057/154 5/1058/5 175/797/175
f 913/800/913 914/799/914 917/1059/917 916/1060/916
f 914/799/914 915/1000/915 918/1061/918 917/1059/917
f 178/998/178 179/615/179 900/614/900 919/999/919
f 917/1059/917 918/1061/918 496/1004/496 495/1062/495
f 916/1060/916 917/1059/917 495/1062/495 494/1063/494
f 155/1064/155 916/1060/916 494/1063/494 28/1065/28
f 154/1057/154 913/800/913 916/1060/916 155/1064/155
f 915/1000/915 919/999/919 920/1036/920 918/1061/918
f 918/1061/918 920/1036/920 477/996/477 496/1004/496
f 937/1066/937 505/955/505 506/954/506 936/1067/936
f 962/1068/962 963/1069/963 937/1066/937 936/1067/936
f 921/1070/921 922/1071/922 925/1072/925 924/1073/924
f 922/1071/922 923/1001/923 926/1002/926 925/1072/925
f 924/1073/924 925/1072/925 928/1074/928 927/1075/927
f 925/1072/925 926/1002/926 929/1003/929 928/1074/928
f 28/1065/28 494/1063/494 921/1070/921 156/1076/156
f 494/1063/494 495/1062/495 922/1071/922 921/1070/921
f 495/1062/495 496/1004/496 923/1001/923 922/1071/922
f 928/1074/928 929/1003/929 493/1005/493 492/1040/492
f 927/1075/927 928/1074/928 492/1040/492 491/1039/491
f 158/1077/158 927/1075/927 491/1039/491 29/1053/29
f 157/1078/157 924/1073/924 927/1075/927 158/1077/158
f 156/1076/156 921/1070/921 924/1073/924 157/1078/157
f 930/1079/930 931/953/931 933/956/933 932/1080/932
f 933/956/933 505/955/505 504/1081/504 935/1082/935
f 932/1080/932 933/956/933 935/1082/935 934/1083/934
f 498/1084/498 95/1085/95 506/954/506 931/953/931
f 94/1055/94 497/1086/497 930/1079/930 503/1087/503
f 497/1086/497 498/1084/498 931/953/931 930/1079/930
f 935/1082/935 504/1081/504 93/1088/93 508/1089/508
f 192/1090/192 965/1091/965 512/1092/512 40/1093/40
f 934/1083/934 935/1082/935 508/1089/508 509/1094/509
f 501/1095/501 934/1083/934 509/1094/509 96/1096/96
f 502/1097/502 932/1080/932 934/1083/934 501/1095/501
f 503/1087/503 930/1079/930 932/1080/932 502/1097/502
f 963/1069/963 964/1098/964 938/1099/938 937/1066/937
f 964/1098/964 520/1100/520 507/1101/507 938/1099/938
f 938/1099/938 504/1081/504 505/955/505 937/1066/937
f 93/1088/93 504/1081/504 938/1099/938 507/1101/507
f 517/1102/517 962/1068/962 936/1067/936 500/1103/500
f 500/1103/500 936/1067/936 506/954/506 95/1085/95
f 939/1104/939 509/1094/509 508/1089/508 940/1105/940
f 973/1106/973 939/1104/939 940/1105/940 976/1107/976
f 524/1108/524 499/1109/499 939/1104/939 973/1106/973
f 499/1109/499 96/1096/96 509/1094/509 939/1104/939
f 239/67/239 52/13/52 241/61/241 537/57/537
f 507/1101/507 520/1100/520 976/1107/976 940/1105/940
f 93/1088/93 507/1101/507 940/1105/940 508/1089/508
f 943/966/943 510/960/510 39/1110/39 190/963/190
f 216/1111/216 941/959/941 942/962/942 217/1112/217
f 39/1110/39 510/960/510 941/959/941 189/1113/189
f 217/1112/217 942/962/942 514/1056/514 49/1114/49
f 6/1115/6 189/1113/189 941/959/941 216/1111/216
f 947/1116/947 503/1087/503 502/1097/502 948/1117/948
f 218/1118/218 947/1116/947 948/1117/948 219/1119/219
f 191/964/191 40/1093/40 512/1092/512 944/965/944
f 944/965/944 512/1092/512 513/1120/513 946/1121/946
f 943/966/943 944/965/944 946/1121/946 945/1122/945
f 195/1123/195 950/1124/950 952/1125/952 194/1126/194
f 946/1121/946 513/1120/513 95/1085/95 498/1084/498
f 975/1127/975 519/1128/519 518/1129/518 974/1130/974
f 945/1122/945 946/1121/946 498/1084/498 497/1086/497
f 511/961/511 945/1122/945 497/1086/497 94/1055/94
f 510/960/510 943/966/943 945/1122/945 511/961/511
f 219/1119/219 948/1117/948 949/1131/949 220/1132/220
f 948/1117/948 502/1097/502 501/1095/501 949/1131/949
f 49/1114/49 514/1056/514 947/1116/947 218/1118/218
f 514/1056/514 94/1055/94 503/1087/503 947/1116/947
f 220/1132/220 949/1131/949 521/1133/521 50/1134/50
f 949/1131/949 501/1095/501 96/1096/96 521/1133/521
f 968/1135/968 523/1136/523 522/1137/522 967/1138/967
f 224/1139/224 223/1140/223 968/1135/968 967/1138/967
f 194/1126/194 952/1125/952 954/1141/954 193/1142/193
f 950/1124/950 951/1143/951 953/1144/953 952/1125/952
f 7/1145/7 208/1146/208 950/1124/950 195/1123/195
f 952/1125/952 953/1144/953 955/1147/955 954/1141/954
f 965/1091/965 192/1090/192 193/1142/193 954/1141/954
f 208/1146/208 209/1148/209 951/1143/951 950/1124/950
f 209/1148/209 46/1149/46 515/1150/515 951/1143/951
f 951/1143/951 515/1150/515 516/1151/516 953/1144/953
f 953/1144/953 516/1151/516 517/1102/517 955/1147/955
f 956/1152/956 957/1153/957 960/1154/960 959/1155/959
f 957/1153/957 958/1156/958 961/1157/961 960/1154/960
f 959/1155/959 960/1154/960 963/1069/963 962/1068/962
f 960/1154/960 961/1157/961 964/1098/964 963/1069/963
f 46/1149/46 210/1158/210 956/1152/956 515/1150/515
f 210/1158/210 211/1159/211 957/1153/957 956/1152/956
f 211/1159/211 212/1160/212 958/1156/958 957/1153/957
f 212/1160/212 47/1161/47 518/1129/518 958/1156/958
f 958/1156/958 518/1129/518 519/1128/519 961/1157/961
f 961/1157/961 519/1128/519 520/1100/520 964/1098/964
f 516/1151/516 959/1155/959 962/1068/962 517/1102/517
f 515/1150/515 956/1152/956 959/1155/959 516/1151/516
f 955/1147/955 966/1162/966 965/1091/965 954/1141/954
f 966/1162/966 955/1147/955 517/1102/517 500/1103/500
f 966/1162/966 513/1120/513 512/1092/512 965/1091/965
f 95/1085/95 513/1120/513 966/1162/966 500/1103/500
f 969/1163/969 222/1164/222 221/1165/221 970/1166/970
f 116/80/116 542/64/542 103/63/103 3/1167/3
f 223/1140/223 222/1164/222 969/1163/969 968/1135/968
f 967/1138/967 215/1168/215 8/1169/8 224/1139/224
f 969/1163/969 524/1108/524 523/1136/523 968/1135/968
f 215/1168/215 967/1138/967 522/1137/522 48/1170/48
f 50/1134/50 521/1133/521 970/1166/970 221/1165/221
f 332/470/332 686/460/686 687/31/687 331/34/331
f 521/1133/521 96/1096/96 499/1109/499 970/1166/970
f 525/4/525 526/3/526 528/11/528 527/16/527
f 970/1166/970 499/1109/499 524/1108/524 969/1163/969
f 698/456/698 171/455/171 33/487/33 338/449/338
f 971/1171/971 972/1172/972 975/1127/975 974/1130/974
f 972/1172/972 973/1106/973 976/1107/976 975/1127/975
f 976/1107/976 520/1100/520 519/1128/519 975/1127/975
f 48/1170/48 522/1137/522 971/1171/971 214/1173/214
f 522/1137/522 523/1136/523 972/1172/972 971/1171/971
f 523/1136/523 524/1108/524 973/1106/973 972/1172/972
f 213/1174/213 974/1130/974 518/1129/518 47/1161/47
f 214/1173/214 971/1171/971 974/1130/974 213/1174/213
f 795/762/795 403/718/403 402/720/402 796/765/796
