# Blender 4.2.0
# www.blender.org
mtllib Meteorite.mtl
o ROCK4
v -1.827750 0.052086 0.262815
v -1.797744 0.048445 0.261969
v -2.028608 0.003595 0.269223
v -1.990989 0.005832 0.273366
v -1.950610 0.009934 0.272200
v -1.909423 0.013614 0.272604
v -1.867445 0.012746 0.269759
v -1.828204 0.017023 0.283458
v -1.790831 0.017297 0.286104
v -1.763440 0.012003 0.265891
v -2.153461 -0.030256 0.270611
v -2.116617 -0.024372 0.285170
v -2.073157 -0.023163 0.289274
v -2.031646 -0.025676 0.289553
v -1.992131 -0.023906 0.291048
v -1.952505 -0.022078 0.289244
v -1.912124 -0.020151 0.288000
v -1.871587 -0.019066 0.279290
v -1.829005 -0.017941 0.273606
v -1.788412 -0.019586 0.278874
v -1.751879 -0.022274 0.269720
v -2.151339 -0.063713 0.276241
v -2.117279 -0.062025 0.301714
v -2.075404 -0.061417 0.311554
v -2.033264 -0.061676 0.302744
v -1.993892 -0.060392 0.288310
v -1.954798 -0.057334 0.275971
v -1.915519 -0.054370 0.268095
v -1.874257 -0.054412 0.264609
v -1.786241 -0.059326 0.269524
v -2.149342 -0.101609 0.272898
v -2.114509 -0.102710 0.293673
v -2.075648 -0.102702 0.298506
v -2.035677 -0.101054 0.289632
v -1.995875 -0.099110 0.272837
v -2.150254 -0.140510 0.265803
v -2.114739 -0.142251 0.283368
v -2.077188 -0.139165 0.276308
v -2.038335 -0.137456 0.265563
v -2.116309 -0.182140 0.266233
v -1.863037 0.091667 0.221760
v -1.828863 0.094874 0.238888
v -1.799418 0.080764 0.230862
v -1.948040 0.038572 0.233683
v -1.905296 0.046008 0.237213
v -1.864027 0.049763 0.248703
v -1.772181 0.040348 0.241653
v -2.111894 -0.002003 0.245712
v -2.063066 0.006632 0.249156
v -2.028928 0.027400 0.245508
v -1.990011 0.031647 0.240904
v -1.743231 0.008825 0.237782
v -2.175882 -0.030637 0.243634
v -2.151845 -0.012514 0.243744
v -1.720714 -0.023900 0.238675
v -2.178355 -0.064136 0.241516
v -1.829672 -0.056732 0.265919
v -1.749058 -0.059256 0.253768
v -1.710087 -0.059952 0.232477
v -2.179443 -0.102115 0.239030
v -1.955571 -0.096827 0.256681
v -1.914377 -0.096447 0.252069
v -1.873077 -0.095863 0.249244
v -1.829524 -0.096868 0.248632
v -1.786820 -0.100925 0.252862
v -1.751503 -0.096306 0.230876
v -2.183723 -0.141205 0.235311
v -1.997408 -0.137635 0.251429
v -1.955882 -0.136915 0.236075
v -1.913734 -0.136281 0.230189
v -1.872169 -0.133151 0.225035
v -1.829623 -0.133525 0.224967
v -1.789336 -0.138407 0.227248
v -2.186105 -0.180993 0.225311
v -2.152224 -0.180550 0.251970
v -2.079332 -0.176628 0.250090
v -2.038372 -0.178702 0.242390
v -1.998138 -0.177514 0.227026
v -2.157339 -0.223047 0.241010
v -2.119565 -0.220714 0.243598
v -2.080013 -0.219874 0.231373
v -2.159362 -0.264997 0.227667
v -2.122069 -0.259567 0.219815
v -1.864084 0.131208 0.185867
v -1.829876 0.135043 0.203425
v -1.802727 0.115753 0.200023
v -1.951438 0.081090 0.189330
v -1.902913 0.086336 0.200817
v -1.782317 0.084822 0.196043
v -2.064539 0.029869 0.198175
v -2.029211 0.053897 0.205747
v -1.990223 0.063614 0.204356
v -1.751377 0.045675 0.198016
v -2.149710 -0.001826 0.200701
v -2.107018 0.012620 0.198177
v -1.715508 0.011657 0.201786
v -2.189664 -0.020443 0.199626
v -1.677836 -0.018838 0.204660
v -1.629715 -0.026765 0.184378
v -2.204567 -0.061698 0.208539
v -1.666061 -0.061247 0.215158
v -1.626361 -0.063908 0.199855
v -1.597283 -0.064279 0.187019
v -2.204038 -0.104117 0.204027
v -1.712388 -0.095069 0.208556
v -1.669598 -0.096377 0.190244
v -2.210769 -0.144167 0.200553
v -1.754764 -0.133864 0.205567
v -1.715723 -0.131610 0.182201
v -2.221205 -0.183416 0.200058
v -1.955951 -0.179443 0.215029
v -1.913651 -0.177987 0.203557
v -1.871182 -0.173146 0.193746
v -1.829297 -0.175985 0.197380
v -1.789899 -0.180023 0.199929
v -1.753426 -0.176954 0.184457
v -2.225745 -0.223186 0.193971
v -2.193804 -0.223738 0.219556
v -2.041242 -0.216431 0.211720
v -2.001134 -0.214517 0.194941
v -1.959541 -0.214407 0.181518
v -2.196324 -0.266040 0.211623
v -2.083694 -0.256920 0.201728
v -2.043826 -0.253908 0.182633
v -2.182226 -0.291129 0.193800
v -2.156967 -0.302146 0.201211
v -2.121437 -0.300547 0.190387
v -1.831646 0.206774 0.138492
v -1.944726 0.173372 0.139427
v -1.906319 0.175864 0.149461
v -1.866939 0.175986 0.158604
v -1.825974 0.169383 0.157223
v -1.986706 0.134581 0.147327
v -1.947535 0.137234 0.168837
v -1.905130 0.134065 0.176023
v -1.791152 0.128650 0.155415
v -2.027587 0.084906 0.163138
v -1.989279 0.095222 0.175306
v -1.758936 0.086765 0.152064
v -2.106764 0.041548 0.155336
v -2.065244 0.061363 0.155186
v -1.719719 0.049281 0.157775
v -2.183534 0.004626 0.152589
v -2.148666 0.024081 0.157838
v -1.680232 0.016973 0.165900
v -1.630885 0.010364 0.153789
v -1.590458 0.011291 0.138695
v -2.203158 -0.023535 0.164878
v -1.586536 -0.032019 0.165837
v -2.210529 -0.063194 0.170293
v -1.581262 -0.061936 0.152158
v -2.223167 -0.105239 0.171007
v -1.626449 -0.101178 0.184068
v -1.584226 -0.096751 0.171529
v -2.231931 -0.145762 0.169214
v -1.669555 -0.136544 0.172449
v -1.626292 -0.141152 0.166358
v -1.590118 -0.142712 0.154482
v -2.233133 -0.185119 0.165966
v -1.714738 -0.173439 0.162916
v -1.670335 -0.175569 0.150247
v -1.627483 -0.179060 0.141756
v -2.230439 -0.222457 0.162822
v -1.914832 -0.214547 0.172048
v -1.869565 -0.215343 0.168790
v -1.827888 -0.219102 0.172311
v -1.788962 -0.222675 0.173276
v -1.751506 -0.221237 0.160311
v -1.713960 -0.215758 0.140114
v -2.217411 -0.256891 0.170480
v -2.001422 -0.256971 0.171806
v -1.960458 -0.254297 0.157342
v -1.914577 -0.247914 0.149266
v -1.868338 -0.245164 0.147247
v -1.827039 -0.251008 0.151568
v -1.789115 -0.257301 0.150761
v -2.190083 -0.297976 0.164061
v -2.081468 -0.299273 0.174034
v -2.041388 -0.290504 0.158372
v -2.003029 -0.287969 0.146935
v -2.158570 -0.326792 0.164238
v -2.122406 -0.330520 0.155620
v -1.984938 0.207103 0.104266
v -1.946487 0.209669 0.115125
v -1.908447 0.222998 0.127998
v -1.862185 0.217531 0.123973
v -1.831468 0.232721 0.105965
v -1.801821 0.219940 0.107207
v -2.027425 0.175569 0.104381
v -1.985080 0.173627 0.124703
v -1.789832 0.176859 0.115222
v -2.032208 0.126770 0.121141
v -1.759882 0.139247 0.106971
v -2.108618 0.081797 0.116459
v -2.066857 0.097451 0.115833
v -1.717573 0.098100 0.108680
v -2.182303 0.037142 0.120085
v -2.147226 0.054908 0.115284
v -1.680899 0.054503 0.120591
v -1.629729 0.051098 0.115440
v -1.590370 0.050135 0.101300
v -2.201299 0.015077 0.123237
v -1.555445 0.016208 0.110148
v -2.202422 -0.021850 0.127024
v -1.558706 -0.022463 0.122225
v -2.204394 -0.064356 0.130307
v -1.565350 -0.059834 0.121087
v -2.215532 -0.107772 0.132237
v -1.574858 -0.099427 0.122242
v -2.223623 -0.148847 0.131593
v -1.580522 -0.139378 0.121398
v -2.231824 -0.187210 0.128392
v -1.589866 -0.175524 0.124275
v -2.239417 -0.225982 0.127042
v -1.672626 -0.215060 0.124716
v -1.631628 -0.217909 0.114849
v -2.229060 -0.264862 0.126553
v -1.915540 -0.270791 0.122562
v -1.869029 -0.264934 0.122766
v -1.827229 -0.266836 0.122897
v -1.788841 -0.273569 0.123290
v -1.754498 -0.264361 0.128909
v -1.712527 -0.256864 0.112882
v -1.674785 -0.254502 0.102672
v -2.195722 -0.297077 0.121361
v -2.042654 -0.300588 0.121634
v -2.003214 -0.292482 0.118465
v -1.967186 -0.285510 0.126620
v -2.161554 -0.333346 0.115603
v -2.122474 -0.339242 0.121744
v -2.087577 -0.326486 0.131163
v -1.905109 0.240797 0.076443
v -1.864681 0.249391 0.074498
v -1.827419 0.255445 0.072368
v -1.789767 0.263847 0.075670
v -2.068298 0.211808 0.065001
v -2.021415 0.214569 0.080370
v -1.985777 0.225045 0.075355
v -1.947387 0.233413 0.078225
v -1.753424 0.220593 0.075100
v -2.107981 0.176425 0.058604
v -2.068844 0.176459 0.082089
v -1.757146 0.177045 0.084048
v -1.715913 0.175395 0.059472
v -2.111482 0.123793 0.071322
v -2.070277 0.136240 0.096366
v -1.712966 0.137339 0.085472
v -1.671677 0.134224 0.061756
v -2.158728 0.090303 0.084565
v -1.671486 0.093114 0.086720
v -1.628090 0.093366 0.078047
v -1.587050 0.094772 0.069274
v -2.183653 0.053722 0.086030
v -1.553655 0.053102 0.077991
v -1.515198 0.062500 0.064259
v -2.195891 0.018132 0.086199
v -1.531669 0.020425 0.073669
v -2.197099 -0.020855 0.086720
v -1.536527 -0.019336 0.081212
v -2.195207 -0.063328 0.088518
v -1.544022 -0.058550 0.081013
v -2.204481 -0.107076 0.090162
v -1.557325 -0.098989 0.079635
v -2.215607 -0.149567 0.090434
v -1.562096 -0.140388 0.082060
v -2.229410 -0.188915 0.087819
v -1.577632 -0.176657 0.081105
v -2.239087 -0.228282 0.085875
v -1.603231 -0.210514 0.088146
v -2.242005 -0.267555 0.085710
v -1.915464 -0.276955 0.084292
v -1.870046 -0.271197 0.084901
v -1.827765 -0.278673 0.084929
v -1.642129 -0.248200 0.083920
v -2.216345 -0.300014 0.079710
v -2.041014 -0.306693 0.083660
v -1.999538 -0.296156 0.083323
v -1.960934 -0.286502 0.083111
v -1.786736 -0.287759 0.084181
v -1.746842 -0.291087 0.083867
v -1.707735 -0.294473 0.083859
v -1.672635 -0.281866 0.079750
v -2.186752 -0.330749 0.070150
v -2.154676 -0.352337 0.080717
v -2.120302 -0.347232 0.083117
v -2.082186 -0.331232 0.084345
v -1.784843 0.339386 0.016169
v -1.748548 0.337969 0.023965
v -1.864133 0.285183 0.030309
v -1.823396 0.292259 0.032329
v -1.785009 0.299674 0.041760
v -1.747653 0.305632 0.048846
v -1.722062 0.296227 0.022385
v -2.025740 0.236667 0.033705
v -1.988185 0.247467 0.035322
v -1.947857 0.255258 0.032548
v -1.905545 0.270170 0.032475
v -1.751390 0.261895 0.054795
v -1.708187 0.264320 0.045815
v -1.666954 0.263880 0.031352
v -2.102764 0.213908 0.036888
v -2.066226 0.228345 0.032930
v -1.709477 0.221869 0.055248
v -1.666885 0.222957 0.039404
v -1.624628 0.224536 0.025720
v -2.140943 0.179615 0.031869
v -1.672114 0.176565 0.040985
v -1.627084 0.179603 0.033343
v -1.585057 0.180314 0.027716
v -1.544266 0.181162 0.022347
v -2.150701 0.143506 0.042530
v -1.627514 0.137279 0.051698
v -1.585035 0.139527 0.047057
v -1.545083 0.139465 0.037202
v -1.507902 0.138627 0.021573
v -2.167331 0.102037 0.047173
v -1.547489 0.095845 0.052636
v -1.504110 0.104379 0.050843
v -1.477287 0.099296 0.024068
v -2.172020 0.055669 0.049036
v -1.484680 0.063127 0.034808
v -2.188189 0.017806 0.047363
v -1.503667 0.023776 0.033731
v -2.189905 -0.021265 0.046090
v -1.508146 -0.017200 0.037395
v -2.186172 -0.062707 0.045962
v -1.521055 -0.056221 0.034854
v -2.191628 -0.106224 0.046799
v -1.535564 -0.097781 0.035382
v -2.204313 -0.150329 0.046785
v -1.544986 -0.138496 0.036015
v -2.223873 -0.191526 0.044370
v -1.555611 -0.179822 0.032649
v -2.241489 -0.231413 0.042418
v -1.593940 -0.217983 0.041680
v -2.254242 -0.268916 0.043593
v -1.915265 -0.276308 0.040145
v -1.870219 -0.274745 0.041012
v -1.827284 -0.280360 0.041439
v -1.636137 -0.252789 0.041710
v -2.239756 -0.303351 0.040693
v -2.041811 -0.312671 0.041590
v -2.000337 -0.294906 0.041170
v -1.960283 -0.281707 0.039377
v -1.786848 -0.296373 0.043055
v -1.745758 -0.300277 0.042712
v -1.706731 -0.307167 0.044269
v -1.673383 -0.286930 0.042159
v -2.216223 -0.331202 0.037652
v -2.188864 -0.347436 0.038091
v -2.082327 -0.338293 0.042236
v -2.154789 -0.365491 0.042893
v -2.117718 -0.365397 0.044187
v -1.822024 0.379623 -0.024779
v -1.787443 0.379773 -0.013041
v -1.761591 0.369679 -0.017866
v -1.869888 0.330397 -0.012813
v -1.821536 0.334084 -0.001263
v -1.739265 0.338919 -0.006687
v -1.954481 0.294172 -0.011162
v -1.909387 0.308718 -0.003912
v -1.717895 0.309818 -0.006283
v -1.678676 0.288331 0.002998
v -2.066392 0.247259 -0.007606
v -2.027448 0.264677 -0.004911
v -1.991144 0.277848 -0.000625
v -1.635761 0.260265 -0.002157
v -2.141226 0.213997 0.009368
v -2.108430 0.235126 -0.001409
v -1.585847 0.220405 0.006052
v -1.546685 0.214286 -0.006303
v -1.509583 0.211717 -0.020483
v -2.145825 0.180849 0.000517
v -1.507608 0.178678 0.000875
v -2.147080 0.142580 0.002666
v -1.477180 0.128864 -0.008459
v -2.160238 0.101944 0.005212
v -1.462731 0.095101 -0.007522
v -2.165512 0.056832 0.006682
v -1.455984 0.061323 -0.000409
v -2.184961 0.017770 0.005574
v -1.468263 0.024044 -0.007249
v -2.192361 -0.021499 0.004573
v -1.475901 -0.015612 -0.011671
v -2.185868 -0.062825 0.003286
v -1.483940 -0.056615 -0.010549
v -2.193450 -0.105991 0.002726
v -1.503198 -0.097295 -0.010275
v -2.210304 -0.149109 0.002314
v -1.509774 -0.137818 -0.006861
v -2.226011 -0.193688 0.000018
v -1.550655 -0.195697 -0.003309
v -1.516015 -0.174433 -0.011438
v -2.246739 -0.235393 -0.001879
v -1.588192 -0.224815 0.001470
v -2.267767 -0.269715 0.001431
v -1.631472 -0.257235 0.002176
v -2.255285 -0.303456 0.001275
v -1.998106 -0.310407 0.000756
v -1.956266 -0.297759 -0.000480
v -1.913252 -0.289674 -0.001119
v -1.870050 -0.289849 -0.000524
v -1.827194 -0.287769 -0.001100
v -1.787376 -0.303734 0.002691
v -1.745732 -0.305939 0.003030
v -1.706240 -0.313505 0.004528
v -1.674770 -0.285446 0.002349
v -2.228356 -0.331296 0.002341
v -2.194857 -0.352513 0.003677
v -2.080287 -0.349314 0.002312
v -2.043570 -0.320540 -0.001191
v -2.155456 -0.365721 0.004756
v -2.116934 -0.371580 0.004340
v -1.825806 0.457510 -0.059122
v -1.790947 0.462945 -0.055980
v -1.904978 0.422680 -0.063224
v -1.864324 0.423371 -0.053682
v -1.823885 0.420693 -0.047639
v -1.789714 0.424230 -0.037941
v -1.760166 0.412765 -0.060275
v -1.943295 0.380823 -0.064304
v -1.902844 0.379841 -0.054098
v -1.862970 0.379466 -0.039070
v -1.742218 0.374493 -0.053650
v -1.984811 0.339419 -0.060275
v -1.947942 0.342817 -0.039605
v -1.907010 0.340743 -0.033014
v -1.714543 0.331539 -0.041616
v -2.068708 0.277870 -0.044328
v -2.027509 0.296167 -0.042309
v -1.988366 0.300029 -0.034739
v -1.669590 0.293526 -0.044465
v -2.110583 0.253593 -0.042577
v -1.636125 0.269135 -0.047086
v -1.597404 0.252702 -0.039204
v -1.550682 0.238206 -0.049257
v -2.149455 0.230216 -0.042780
v -1.511029 0.231153 -0.051449
v -1.477912 0.220713 -0.051897
v -2.145175 0.184758 -0.038780
v -1.480311 0.168499 -0.047485
v -2.147890 0.143378 -0.037691
v -1.459589 0.131017 -0.054296
v -2.156688 0.101892 -0.037022
v -1.439542 0.093709 -0.050344
v -2.161165 0.056716 -0.037045
v -1.423786 0.059025 -0.039640
v -2.183216 0.016810 -0.037222
v -1.425943 0.021964 -0.041561
v -1.379205 0.020408 -0.062372
v -2.198433 -0.022080 -0.037163
v -1.429124 -0.018228 -0.047580
v -2.198340 -0.064129 -0.038908
v -1.432914 -0.065509 -0.051505
v -2.198500 -0.109336 -0.042205
v -1.462066 -0.099663 -0.048265
v -2.215643 -0.152177 -0.042053
v -1.469216 -0.136565 -0.047930
v -2.234116 -0.194222 -0.042366
v -1.510324 -0.189561 -0.047187
v -1.477906 -0.169515 -0.055164
v -2.258581 -0.234191 -0.042416
v -1.589028 -0.231846 -0.040912
v -1.549033 -0.207122 -0.043119
v -2.280080 -0.269629 -0.038369
v -1.632236 -0.259022 -0.039711
v -2.270702 -0.307370 -0.035933
v -1.998299 -0.321762 -0.041941
v -1.954743 -0.313082 -0.041056
v -1.912644 -0.302033 -0.041114
v -1.870181 -0.299769 -0.040465
v -1.828511 -0.302504 -0.039297
v -1.787481 -0.310761 -0.037160
v -1.746021 -0.317043 -0.036246
v -1.705175 -0.315737 -0.036149
v -1.670667 -0.291469 -0.037615
v -2.233187 -0.326266 -0.034945
v -2.193004 -0.336122 -0.033764
v -2.154270 -0.347510 -0.034139
v -2.116938 -0.358792 -0.035891
v -2.077742 -0.355940 -0.038009
v -2.041266 -0.333319 -0.042081
v -1.946104 0.445726 -0.091439
v -1.906760 0.452845 -0.086743
v -1.860936 0.459435 -0.078136
v -1.825072 0.471418 -0.084088
v -1.790286 0.485125 -0.079245
v -1.759194 0.470087 -0.084652
v -1.975741 0.415369 -0.092583
v -1.943632 0.420609 -0.073749
v -1.718796 0.420977 -0.104086
v -2.004599 0.381078 -0.092999
v -1.980610 0.380243 -0.076116
v -1.707534 0.382698 -0.090491
v -2.030824 0.339490 -0.075847
v -1.676259 0.346609 -0.093453
v -2.069738 0.298378 -0.081425
v -1.641337 0.300964 -0.084447
v -1.593662 0.283111 -0.093853
v -2.142337 0.246827 -0.080705
v -2.111066 0.270075 -0.080682
v -1.548209 0.271671 -0.090014
v -1.506030 0.262968 -0.088333
v -1.465802 0.251176 -0.097873
v -2.156761 0.223430 -0.079706
v -1.455358 0.218720 -0.091879
v -2.151836 0.185182 -0.079326
v -1.436550 0.184658 -0.098324
v -2.149628 0.143377 -0.079882
v -1.425174 0.136751 -0.094776
v -2.155763 0.100710 -0.080210
v -1.397623 0.099165 -0.097019
v -2.163007 0.055662 -0.081331
v -1.385001 0.058000 -0.074426
v -1.343131 0.057183 -0.103223
v -2.180987 0.013177 -0.081063
v -1.340784 0.019974 -0.093562
v -2.201685 -0.024540 -0.080513
v -1.383998 -0.018591 -0.075543
v -1.343526 -0.018010 -0.102633
v -2.204211 -0.066633 -0.084225
v -1.380518 -0.060918 -0.082037
v -2.212687 -0.111420 -0.087284
v -1.423632 -0.101045 -0.072647
v -1.381075 -0.100045 -0.097791
v -2.233029 -0.152307 -0.085292
v -1.431629 -0.134739 -0.085280
v -2.248124 -0.193691 -0.085306
v -1.467822 -0.186287 -0.086036
v -1.447575 -0.162925 -0.089998
v -2.270547 -0.232368 -0.084726
v -1.548905 -0.225223 -0.084402
v -1.507792 -0.202495 -0.085509
v -2.289759 -0.267963 -0.080837
v -1.631729 -0.269239 -0.083390
v -1.592869 -0.242584 -0.086074
v -2.276710 -0.306164 -0.078282
v -2.237014 -0.324335 -0.076351
v -1.914944 -0.310136 -0.086696
v -1.872095 -0.311073 -0.082856
v -1.830831 -0.312945 -0.080650
v -1.788312 -0.316987 -0.078095
v -1.746835 -0.304353 -0.076879
v -1.705255 -0.310767 -0.077479
v -1.664976 -0.301619 -0.078584
v -2.194202 -0.331587 -0.075458
v -2.156078 -0.345237 -0.076725
v -2.116473 -0.353254 -0.077932
v -2.076139 -0.361722 -0.079465
v -2.038820 -0.349464 -0.084007
v -2.000741 -0.334090 -0.088241
v -1.958263 -0.322134 -0.087847
v -1.743161 0.537149 -0.143986
v -1.782029 0.497271 -0.123719
v -1.746440 0.512633 -0.116532
v -1.711251 0.511537 -0.141649
v -1.948553 0.456638 -0.125213
v -1.906652 0.461092 -0.126417
v -1.864748 0.471564 -0.125374
v -1.823016 0.483449 -0.125578
v -1.715065 0.467404 -0.120911
v -1.985553 0.429815 -0.130852
v -1.670912 0.427430 -0.133491
v -2.012717 0.383700 -0.125002
v -1.672638 0.384909 -0.118422
v -1.631891 0.382517 -0.143577
v -2.037380 0.343223 -0.121666
v -1.631375 0.341227 -0.116719
v -1.583863 0.330211 -0.135555
v -2.067184 0.303467 -0.122494
v -1.544652 0.308785 -0.127247
v -1.504154 0.301356 -0.127190
v -1.464205 0.293671 -0.134229
v -1.421191 0.295851 -0.141453
v -2.141328 0.251881 -0.120986
v -2.104687 0.272069 -0.122882
v -1.419666 0.261977 -0.122058
v -2.157782 0.221712 -0.120317
v -1.422210 0.223829 -0.112611
v -1.387229 0.221616 -0.144295
v -2.164017 0.184115 -0.120786
v -1.386896 0.180609 -0.131467
v -2.166481 0.143382 -0.121284
v -1.388994 0.136802 -0.123883
v -1.343719 0.137173 -0.142576
v -2.168245 0.100522 -0.122889
v -1.344444 0.096181 -0.121355
v -1.301253 0.098909 -0.142363
v -2.177171 0.056595 -0.123800
v -1.298659 0.059958 -0.128125
v -2.196434 0.015084 -0.122818
v -1.300092 0.021178 -0.125793
v -2.216897 -0.024802 -0.122136
v -1.305362 -0.017027 -0.132888
v -2.227694 -0.066226 -0.123946
v -1.343937 -0.057440 -0.115563
v -1.308622 -0.055581 -0.141726
v -2.234516 -0.110356 -0.128626
v -1.344986 -0.094600 -0.131151
v -2.253845 -0.151340 -0.127228
v -1.392031 -0.135228 -0.123559
v -1.346226 -0.126955 -0.144536
v -2.271275 -0.191868 -0.126754
v -1.464252 -0.188635 -0.122549
v -1.428807 -0.164939 -0.123551
v -2.289363 -0.230255 -0.127005
v -1.505068 -0.216334 -0.122463
v -2.295304 -0.265361 -0.125259
v -1.593590 -0.261335 -0.127854
v -1.549016 -0.243648 -0.124160
v -2.279488 -0.302530 -0.121636
v -2.237722 -0.315795 -0.118149
v -1.791604 -0.309240 -0.120686
v -1.747690 -0.299662 -0.118989
v -1.705493 -0.304580 -0.119229
v -1.665874 -0.302109 -0.121491
v -1.632509 -0.279931 -0.126782
v -2.195030 -0.327459 -0.116293
v -2.154598 -0.337784 -0.117100
v -2.114046 -0.347515 -0.119982
v -2.072910 -0.358876 -0.123174
v -1.957624 -0.350561 -0.127809
v -1.914041 -0.344884 -0.123393
v -1.873856 -0.333721 -0.123428
v -1.833495 -0.327578 -0.122446
v -2.036490 -0.370096 -0.124728
v -2.000145 -0.357417 -0.130088
v -1.772221 0.535571 -0.166137
v -1.742681 0.561212 -0.179370
v -1.714187 0.554689 -0.166501
v -1.860623 0.489620 -0.173227
v -1.819346 0.511486 -0.170551
v -1.676957 0.506995 -0.182034
v -1.979440 0.452396 -0.166429
v -1.945311 0.465663 -0.167621
v -1.905120 0.477993 -0.169200
v -1.676386 0.465923 -0.161722
v -1.997238 0.423131 -0.167827
v -1.631245 0.424613 -0.171701
v -2.015667 0.380680 -0.165649
v -1.587778 0.380184 -0.164322
v -1.550581 0.371868 -0.183128
v -2.038141 0.340500 -0.163777
v -1.546559 0.338479 -0.157073
v -1.506317 0.337868 -0.164043
v -1.466224 0.322848 -0.172016
v -2.104832 0.281849 -0.165941
v -2.070270 0.315090 -0.163061
v -1.424112 0.314085 -0.171820
v -1.384184 0.306614 -0.159590
v -1.353553 0.293947 -0.172915
v -2.141811 0.253693 -0.163731
v -1.382404 0.263480 -0.149368
v -1.342520 0.255683 -0.169838
v -2.167755 0.222170 -0.161916
v -1.345844 0.218368 -0.163604
v -1.311492 0.210942 -0.177562
v -2.177320 0.182887 -0.163079
v -1.345811 0.177975 -0.160285
v -1.306501 0.176194 -0.171126
v -1.279523 0.178068 -0.178332
v -2.184562 0.143364 -0.163131
v -1.305519 0.136430 -0.164835
v -1.267637 0.141469 -0.173389
v -2.183408 0.101053 -0.165452
v -1.268030 0.102140 -0.168386
v -2.193211 0.057968 -0.164690
v -1.268762 0.062194 -0.163963
v -2.203658 0.013646 -0.165392
v -1.276180 0.022979 -0.167487
v -2.223065 -0.027567 -0.164519
v -1.278870 -0.016580 -0.168367
v -2.243330 -0.066366 -0.163723
v -1.285516 -0.056338 -0.167405
v -2.258444 -0.106800 -0.164771
v -1.300600 -0.093296 -0.157345
v -2.270900 -0.149130 -0.166214
v -1.382695 -0.152498 -0.166253
v -1.343099 -0.145966 -0.169502
v -1.317715 -0.129527 -0.167189
v -2.292347 -0.188866 -0.164671
v -1.467187 -0.182489 -0.162952
v -1.424059 -0.166557 -0.164016
v -2.307640 -0.228101 -0.164938
v -1.511909 -0.211221 -0.162632
v -2.301824 -0.264823 -0.166560
v -1.554959 -0.246705 -0.164178
v -2.287913 -0.307702 -0.166638
v -2.238825 -0.310378 -0.160964
v -2.195774 -0.323197 -0.158540
v -1.792892 -0.309180 -0.162963
v -1.748130 -0.302167 -0.161295
v -1.705627 -0.302343 -0.160749
v -1.665643 -0.303416 -0.162038
v -1.627846 -0.299270 -0.164021
v -1.591096 -0.280994 -0.165039
v -2.152045 -0.329249 -0.159185
v -2.109234 -0.340086 -0.162369
v -1.876302 -0.344467 -0.165419
v -1.837475 -0.324406 -0.165074
v -2.068441 -0.360843 -0.165948
v -2.034571 -0.386394 -0.164180
v -1.996875 -0.379604 -0.167230
v -1.956918 -0.369447 -0.169058
v -1.914425 -0.365663 -0.164666
v -1.779727 0.567163 -0.211913
v -1.744064 0.585266 -0.208305
v -1.707016 0.591532 -0.203034
v -1.679986 0.579287 -0.214154
v -1.860891 0.525354 -0.212651
v -1.819737 0.546133 -0.212625
v -1.678732 0.546342 -0.204131
v -1.947544 0.492116 -0.206962
v -1.905290 0.508768 -0.209031
v -1.643240 0.504013 -0.221181
v -1.987017 0.474288 -0.205311
v -1.639456 0.463851 -0.204254
v -2.013066 0.431412 -0.215288
v -1.589438 0.411754 -0.215765
v -2.036757 0.381199 -0.209028
v -1.551373 0.390733 -0.215038
v -1.517659 0.364781 -0.209973
v -2.064699 0.330774 -0.204002
v -1.469389 0.347343 -0.215322
v -1.427903 0.332915 -0.215134
v -1.387409 0.324487 -0.206696
v -2.110787 0.291282 -0.208941
v -1.360174 0.296864 -0.204074
v -2.152882 0.262025 -0.203686
v -1.339548 0.257618 -0.204113
v -2.176548 0.223275 -0.202660
v -1.307816 0.214260 -0.206450
v -2.188900 0.182889 -0.202877
v -1.269369 0.178532 -0.206721
v -2.207468 0.145351 -0.201205
v -1.247599 0.143427 -0.206167
v -2.209510 0.102356 -0.203338
v -1.253155 0.103823 -0.207508
v -2.210282 0.058307 -0.206135
v -1.261896 0.063560 -0.207477
v -2.216954 0.014068 -0.206605
v -1.263077 0.022410 -0.207124
v -2.237144 -0.026353 -0.203427
v -1.261040 -0.018363 -0.205181
v -2.257623 -0.066223 -0.201215
v -1.275071 -0.057898 -0.206708
v -2.269849 -0.106798 -0.202557
v -1.286088 -0.099537 -0.204495
v -2.276855 -0.150316 -0.205694
v -1.299467 -0.139141 -0.203868
v -2.297666 -0.191791 -0.207052
v -1.467177 -0.186858 -0.206070
v -1.420347 -0.180230 -0.204542
v -1.378218 -0.171912 -0.205988
v -1.335843 -0.160360 -0.215994
v -2.316258 -0.229971 -0.207172
v -1.513027 -0.213069 -0.204976
v -2.313725 -0.265781 -0.208753
v -1.555998 -0.249284 -0.204203
v -2.310057 -0.308396 -0.210480
v -2.279499 -0.320813 -0.204230
v -2.239558 -0.317871 -0.203939
v -2.197352 -0.327902 -0.202800
v -1.792236 -0.318751 -0.205596
v -1.749511 -0.309582 -0.205027
v -1.706368 -0.309287 -0.202911
v -1.664476 -0.308228 -0.202367
v -1.623575 -0.313864 -0.201433
v -1.591435 -0.286839 -0.203412
v -2.151658 -0.327149 -0.204299
v -2.112778 -0.352897 -0.204284
v -1.877875 -0.352373 -0.207198
v -1.836159 -0.333488 -0.206756
v -2.068433 -0.370471 -0.207221
v -2.029422 -0.389053 -0.206968
v -1.993608 -0.397265 -0.206162
v -1.955109 -0.393693 -0.205569
v -1.915018 -0.379856 -0.205203
v -1.747463 0.611074 -0.245984
v -1.820874 0.573078 -0.252761
v -1.783684 0.594037 -0.252461
v -1.708714 0.600053 -0.245716
v -1.670687 0.583119 -0.246090
v -1.904381 0.532719 -0.249307
v -1.859328 0.549076 -0.253771
v -1.637975 0.541117 -0.249527
v -1.984080 0.485567 -0.249707
v -1.946400 0.510385 -0.248563
v -1.621462 0.502948 -0.255015
v -2.018293 0.457322 -0.250263
v -1.599268 0.468324 -0.249139
v -1.551926 0.462349 -0.275668
v -2.039242 0.423017 -0.251613
v -1.544711 0.415019 -0.252115
v -2.067740 0.381662 -0.251343
v -1.509679 0.390511 -0.254787
v -1.469979 0.376368 -0.259751
v -1.430373 0.364580 -0.259032
v -2.097782 0.334813 -0.255821
v -1.390522 0.345388 -0.256903
v -2.136214 0.301153 -0.249073
v -1.366266 0.298866 -0.246715
v -2.159313 0.263512 -0.245530
v -1.348318 0.252130 -0.245010
v -2.167936 0.219487 -0.245654
v -1.311089 0.210351 -0.245585
v -2.183146 0.179755 -0.244927
v -1.267751 0.176612 -0.247709
v -2.202370 0.141364 -0.245221
v -1.231311 0.146720 -0.255042
v -2.218060 0.101609 -0.247056
v -1.238638 0.105698 -0.251617
v -2.220295 0.058275 -0.249552
v -1.248199 0.064710 -0.250172
v -2.222254 0.014288 -0.249026
v -1.256169 0.022084 -0.249707
v -2.245010 -0.024554 -0.242870
v -1.254185 -0.019810 -0.246460
v -2.258581 -0.067655 -0.240989
v -1.260722 -0.060396 -0.246236
v -2.263484 -0.111718 -0.243030
v -1.269814 -0.101663 -0.246132
v -2.284286 -0.151812 -0.245810
v -1.284346 -0.140535 -0.248195
v -2.311821 -0.191720 -0.247914
v -1.420432 -0.194105 -0.248825
v -1.377378 -0.189237 -0.248230
v -1.340375 -0.183914 -0.253228
v -1.302154 -0.180320 -0.258044
v -2.329740 -0.231942 -0.250102
v -1.508947 -0.227644 -0.247801
v -1.465878 -0.203166 -0.250105
v -2.335130 -0.266379 -0.250249
v -1.557407 -0.249173 -0.246896
v -2.328150 -0.300892 -0.252142
v -1.707515 -0.320761 -0.245393
v -1.663827 -0.319724 -0.242683
v -1.624381 -0.312655 -0.242184
v -1.594819 -0.282478 -0.243804
v -2.317497 -0.331714 -0.254498
v -2.279588 -0.336216 -0.245595
v -2.239994 -0.331378 -0.246821
v -2.197980 -0.333438 -0.247015
v -2.154079 -0.337693 -0.247649
v -2.110406 -0.353209 -0.248208
v -1.833885 -0.355177 -0.247558
v -1.792080 -0.337135 -0.248033
v -1.751600 -0.322915 -0.249171
v -2.066568 -0.376344 -0.249934
v -1.921532 -0.389321 -0.251936
v -1.880128 -0.366235 -0.251444
v -2.026202 -0.401485 -0.250680
v -1.991710 -0.423667 -0.247107
v -1.956164 -0.415425 -0.249108
v -1.791371 0.622291 -0.297739
v -1.750336 0.624325 -0.288884
v -1.860823 0.579256 -0.292612
v -1.821406 0.595606 -0.293289
v -1.714236 0.599027 -0.289024
v -1.674410 0.575922 -0.287837
v -1.898968 0.548045 -0.294602
v -1.632594 0.554783 -0.288963
v -1.593988 0.536828 -0.286765
v -1.981968 0.492119 -0.291861
v -1.940146 0.518046 -0.293268
v -1.590785 0.505691 -0.274283
v -1.556156 0.506699 -0.297701
v -2.028701 0.469187 -0.287442
v -1.510770 0.459462 -0.305618
v -2.061342 0.426796 -0.287537
v -1.507365 0.421614 -0.281615
v -1.467811 0.417581 -0.294473
v -1.430226 0.406693 -0.298706
v -2.096643 0.383111 -0.291200
v -1.398508 0.380247 -0.304131
v -2.143040 0.344254 -0.297875
v -1.380880 0.340327 -0.294456
v -2.167109 0.306735 -0.287732
v -1.363644 0.297239 -0.291483
v -2.168831 0.263755 -0.288542
v -1.338534 0.253991 -0.290384
v -2.177293 0.221197 -0.288180
v -1.301930 0.215932 -0.288451
v -2.189361 0.179837 -0.287503
v -1.265001 0.181934 -0.290029
v -1.229807 0.160987 -0.292788
v -2.204552 0.138414 -0.288171
v -1.213648 0.137878 -0.292557
v -2.233215 0.103171 -0.286464
v -1.215743 0.104153 -0.290893
v -2.232145 0.060657 -0.290700
v -1.230776 0.065368 -0.293021
v -2.238714 0.018908 -0.287811
v -1.234919 0.021887 -0.290730
v -2.250244 -0.022675 -0.284736
v -1.242267 -0.020314 -0.289874
v -2.253707 -0.069112 -0.285945
v -1.240781 -0.061895 -0.286463
v -2.265380 -0.114462 -0.288012
v -1.251745 -0.100875 -0.290011
v -2.297752 -0.152198 -0.287689
v -1.261020 -0.138397 -0.294653
v -2.322654 -0.194451 -0.289377
v -1.267907 -0.173385 -0.309622
v -2.348350 -0.232433 -0.289387
v -1.465333 -0.223490 -0.294753
v -1.420652 -0.211476 -0.296234
v -1.377106 -0.206120 -0.294943
v -1.338466 -0.214649 -0.294842
v -1.303669 -0.214140 -0.308619
v -2.365756 -0.267129 -0.286546
v -1.549080 -0.266361 -0.286381
v -1.508333 -0.240939 -0.292376
v -2.357477 -0.302226 -0.293347
v -1.665242 -0.319859 -0.283631
v -1.624357 -0.310863 -0.283422
v -1.589086 -0.290142 -0.283817
v -2.347785 -0.339471 -0.305033
v -2.315005 -0.349408 -0.295129
v -2.279303 -0.346266 -0.292087
v -2.239916 -0.346711 -0.290344
v -2.198259 -0.348362 -0.289773
v -2.154913 -0.352832 -0.290537
v -1.792766 -0.355651 -0.289233
v -1.752548 -0.341596 -0.289692
v -1.706722 -0.339223 -0.284397
v -2.114480 -0.375835 -0.286852
v -2.069921 -0.394953 -0.289159
v -1.881391 -0.388492 -0.293374
v -1.836497 -0.368371 -0.291353
v -2.026639 -0.417278 -0.291697
v -1.920468 -0.419414 -0.292136
v -1.991139 -0.444096 -0.289787
v -1.956087 -0.443746 -0.290395
v -1.821493 0.661881 -0.356077
v -1.789529 0.658701 -0.338320
v -1.857644 0.611197 -0.335250
v -1.821249 0.624117 -0.324226
v -1.755805 0.635563 -0.335148
v -1.718316 0.607599 -0.333728
v -1.899686 0.583640 -0.336164
v -1.674883 0.580937 -0.330592
v -1.938170 0.543376 -0.337675
v -1.628702 0.559546 -0.327781
v -1.587184 0.540247 -0.327329
v -1.980886 0.509464 -0.335522
v -1.548542 0.520438 -0.329642
v -1.510299 0.505719 -0.323703
v -1.463436 0.490855 -0.334216
v -2.028582 0.475890 -0.334532
v -1.465639 0.462107 -0.315120
v -1.426020 0.462793 -0.326530
v -2.065156 0.423444 -0.327999
v -1.392933 0.423112 -0.341763
v -2.109084 0.386545 -0.328831
v -1.383188 0.380011 -0.339685
v -2.171821 0.336460 -0.333648
v -2.150806 0.361271 -0.331368
v -1.367300 0.342172 -0.333535
v -2.175149 0.301618 -0.334088
v -1.350576 0.298158 -0.334316
v -2.184167 0.264338 -0.330481
v -1.319542 0.257473 -0.332386
v -2.189218 0.222086 -0.330373
v -1.291314 0.216615 -0.330510
v -2.203557 0.179732 -0.329972
v -1.260002 0.190791 -0.329733
v -1.222791 0.167651 -0.331378
v -2.217940 0.136053 -0.331692
v -1.197145 0.137989 -0.330905
v -2.243683 0.099711 -0.330101
v -1.193202 0.102421 -0.330275
v -2.254701 0.061941 -0.330018
v -1.207085 0.063808 -0.333369
v -2.251000 0.020528 -0.331245
v -1.218185 0.022002 -0.335923
v -2.254340 -0.022793 -0.330623
v -1.217557 -0.020850 -0.332676
v -2.259458 -0.069012 -0.332775
v -1.220903 -0.061818 -0.333754
v -2.279065 -0.113342 -0.332553
v -1.221418 -0.101517 -0.334103
v -2.305801 -0.156277 -0.331519
v -1.226773 -0.139749 -0.338327
v -2.340859 -0.193276 -0.329175
v -1.229844 -0.175302 -0.345854
v -2.368097 -0.233769 -0.330004
v -1.377770 -0.228174 -0.327985
v -1.268756 -0.209444 -0.344158
v -2.390940 -0.270029 -0.329709
v -1.544330 -0.283210 -0.324920
v -1.500574 -0.271641 -0.326405
v -1.460442 -0.254900 -0.331468
v -1.414448 -0.241461 -0.341175
v -1.344518 -0.249088 -0.344310
v -1.302233 -0.253744 -0.350454
v -2.394144 -0.304929 -0.334562
v -1.668843 -0.312538 -0.324464
v -1.627550 -0.299882 -0.324230
v -1.589853 -0.286375 -0.324810
v -2.392775 -0.340726 -0.344523
v -1.711974 -0.336971 -0.325071
v -2.355451 -0.377890 -0.349379
v -2.319001 -0.376475 -0.339233
v -2.281736 -0.376154 -0.334640
v -2.241194 -0.380002 -0.328380
v -2.199035 -0.376669 -0.328882
v -2.154763 -0.374368 -0.331947
v -2.113920 -0.394463 -0.327196
v -1.835389 -0.385893 -0.328511
v -1.792202 -0.374561 -0.326737
v -1.751657 -0.364474 -0.325320
v -2.072792 -0.413395 -0.326458
v -2.030717 -0.433457 -0.326827
v -1.880280 -0.409827 -0.329072
v -1.992416 -0.458107 -0.326510
v -1.955753 -0.461937 -0.327825
v -1.919843 -0.441592 -0.328564
v -1.825280 0.701743 -0.381702
v -1.793214 0.684233 -0.378041
v -1.858542 0.653857 -0.370798
v -1.758333 0.656583 -0.377503
v -1.898790 0.623877 -0.378080
v -1.717483 0.627904 -0.375806
v -1.940318 0.584677 -0.378788
v -1.676526 0.591684 -0.374680
v -1.982061 0.543170 -0.383261
v -1.631506 0.563694 -0.371127
v -1.589938 0.539213 -0.370000
v -2.015643 0.499349 -0.372912
v -1.546766 0.523896 -0.370339
v -1.503266 0.519404 -0.368706
v -1.466184 0.496065 -0.371691
v -2.032088 0.461466 -0.371213
v -1.422890 0.476061 -0.370707
v -1.389537 0.451186 -0.373433
v -2.067612 0.422651 -0.368681
v -1.372188 0.421660 -0.378703
v -2.149565 0.364857 -0.370013
v -2.110146 0.390569 -0.368960
v -1.363203 0.379867 -0.382384
v -2.184963 0.341781 -0.370231
v -1.347854 0.341250 -0.378670
v -2.190369 0.303057 -0.375812
v -1.331120 0.298351 -0.378136
v -2.195883 0.263356 -0.375432
v -1.298030 0.255891 -0.375032
v -2.200832 0.220855 -0.375885
v -1.260942 0.209273 -0.367441
v -2.215734 0.176566 -0.375840
v -1.213380 0.171930 -0.373273
v -2.237035 0.133242 -0.375781
v -1.177812 0.140300 -0.371572
v -2.263297 0.095545 -0.373739
v -1.174537 0.102375 -0.373635
v -2.282120 0.060924 -0.369411
v -1.182310 0.063403 -0.376757
v -2.277001 0.020612 -0.372550
v -1.189422 0.022051 -0.380390
v -2.273727 -0.022517 -0.375570
v -1.186217 -0.021423 -0.378234
v -2.278226 -0.068434 -0.377839
v -1.180546 -0.062841 -0.375200
v -2.296408 -0.112764 -0.376120
v -1.186034 -0.103021 -0.380601
v -2.315166 -0.158710 -0.376260
v -1.186965 -0.147789 -0.382902
v -2.349683 -0.197118 -0.372437
v -1.205400 -0.178240 -0.377305
v -2.382229 -0.237779 -0.372361
v -1.221574 -0.208860 -0.379267
v -2.412512 -0.274274 -0.371936
v -1.543994 -0.281629 -0.369982
v -1.499155 -0.284915 -0.368386
v -1.459301 -0.273812 -0.370700
v -1.420032 -0.268267 -0.372974
v -1.385010 -0.262812 -0.367832
v -1.272126 -0.245308 -0.384032
v -2.428957 -0.307863 -0.370620
v -1.669236 -0.311395 -0.366380
v -1.627943 -0.296275 -0.367202
v -1.588762 -0.286204 -0.369007
v -1.333755 -0.286517 -0.384284
v -1.301924 -0.284876 -0.387284
v -2.421586 -0.344485 -0.374073
v -1.714572 -0.331847 -0.364600
v -2.397321 -0.376549 -0.374026
v -2.243176 -0.397807 -0.371889
v -2.200660 -0.396425 -0.368886
v -2.156914 -0.403758 -0.366395
v -1.834400 -0.383839 -0.363528
v -1.792667 -0.370347 -0.363151
v -1.753989 -0.358102 -0.363499
v -2.356972 -0.411762 -0.384084
v -2.322598 -0.405641 -0.380548
v -2.284430 -0.403834 -0.375660
v -2.114027 -0.407856 -0.365732
v -2.073218 -0.417168 -0.364577
v -2.031229 -0.431505 -0.362952
v -1.879782 -0.407088 -0.361982
v -1.988985 -0.442909 -0.360343
v -1.954257 -0.457999 -0.365309
v -1.919078 -0.439400 -0.363086
v -1.857469 0.698258 -0.407577
v -1.826688 0.717917 -0.411545
v -1.791263 0.705590 -0.412427
v -1.900748 0.664639 -0.415665
v -1.758963 0.673388 -0.418393
v -1.716938 0.648953 -0.417536
v -1.937207 0.622725 -0.420477
v -1.675478 0.615690 -0.417209
v -1.981165 0.590073 -0.421088
v -1.632475 0.584788 -0.415126
v -2.002172 0.548218 -0.414766
v -1.590877 0.555995 -0.414815
v -1.546104 0.540310 -0.413670
v -1.504118 0.531023 -0.412765
v -2.016494 0.503389 -0.413573
v -1.467586 0.506629 -0.414148
v -2.039522 0.460430 -0.413211
v -1.428317 0.476340 -0.415293
v -1.385380 0.459076 -0.414798
v -2.076583 0.424077 -0.409835
v -1.344188 0.431468 -0.423468
v -2.147752 0.368497 -0.411921
v -2.106627 0.392104 -0.410757
v -1.325854 0.383717 -0.420812
v -2.187302 0.342967 -0.413241
v -1.311625 0.343027 -0.419700
v -2.218422 0.308119 -0.422055
v -1.298017 0.299286 -0.421069
v -2.223588 0.263023 -0.419028
v -1.267949 0.256197 -0.418561
v -2.228549 0.221378 -0.419106
v -1.230483 0.215786 -0.415279
v -2.238969 0.177433 -0.418923
v -1.193703 0.177053 -0.417252
v -2.261998 0.134728 -0.416801
v -1.152020 0.144704 -0.420070
v -2.290168 0.096484 -0.414048
v -1.148985 0.103281 -0.415003
v -2.303567 0.059389 -0.413335
v -1.155309 0.063583 -0.418229
v -2.308840 0.020328 -0.413055
v -1.157575 0.022026 -0.420924
v -2.306515 -0.022471 -0.417484
v -1.153598 -0.022033 -0.421024
v -2.309645 -0.066873 -0.418936
v -1.149117 -0.064026 -0.422985
v -2.326045 -0.108637 -0.414328
v -1.146510 -0.103790 -0.424649
v -2.336671 -0.152943 -0.415616
v -1.140808 -0.143576 -0.421757
v -2.365034 -0.191928 -0.410836
v -1.177318 -0.181357 -0.402622
v -1.138283 -0.182214 -0.425704
v -2.391921 -0.236663 -0.409837
v -1.180106 -0.213922 -0.420202
v -1.139517 -0.216793 -0.435169
v -2.421572 -0.274960 -0.408841
v -1.230741 -0.253572 -0.417796
v -2.439263 -0.309329 -0.408482
v -1.669805 -0.310422 -0.409765
v -1.627248 -0.298789 -0.410523
v -1.586760 -0.288576 -0.412929
v -1.543169 -0.284373 -0.413935
v -1.499571 -0.289633 -0.410409
v -1.457744 -0.300218 -0.405360
v -1.415668 -0.294964 -0.404864
v -1.368785 -0.297927 -0.400525
v -1.332244 -0.302730 -0.411845
v -1.298814 -0.304029 -0.413566
v -1.270761 -0.281766 -0.411920
v -2.434125 -0.349820 -0.408708
v -1.834117 -0.359917 -0.402134
v -1.791954 -0.347300 -0.402642
v -1.751601 -0.340270 -0.403447
v -1.710265 -0.332748 -0.406742
v -2.414639 -0.388388 -0.408450
v -2.159465 -0.397702 -0.406009
v -2.115681 -0.392079 -0.403925
v -2.072634 -0.394987 -0.401644
v -1.881646 -0.376526 -0.397391
v -2.387166 -0.414710 -0.403388
v -2.359485 -0.436807 -0.409127
v -2.323137 -0.435600 -0.409667
v -2.283475 -0.430647 -0.408195
v -2.242602 -0.420577 -0.406987
v -2.202661 -0.405099 -0.406456
v -2.028930 -0.404263 -0.398679
v -1.988423 -0.416792 -0.398907
v -1.953459 -0.431689 -0.406376
v -1.920313 -0.408676 -0.399759
v -1.905087 0.693704 -0.451060
v -1.868028 0.720751 -0.449513
v -1.829824 0.726198 -0.450873
v -1.792011 0.712011 -0.453546
v -1.752395 0.697618 -0.454396
v -1.940708 0.655674 -0.452088
v -1.713571 0.672466 -0.456915
v -1.976564 0.622179 -0.452071
v -1.672031 0.643287 -0.458068
v -1.633247 0.611004 -0.458806
v -1.999836 0.592094 -0.452098
v -1.592185 0.582172 -0.459541
v -2.011301 0.547609 -0.455563
v -1.548760 0.559772 -0.459371
v -1.505136 0.551478 -0.455260
v -1.467160 0.526480 -0.456305
v -2.033787 0.503515 -0.457956
v -1.424156 0.499672 -0.455309
v -2.062885 0.458108 -0.459050
v -1.382660 0.477808 -0.456337
v -1.339848 0.466968 -0.456608
v -1.304255 0.463911 -0.460274
v -2.103434 0.411054 -0.450724
v -1.296361 0.430837 -0.454300
v -2.150573 0.372427 -0.454312
v -1.288555 0.387375 -0.455580
v -2.223017 0.327905 -0.458008
v -2.184875 0.347088 -0.455627
v -1.276146 0.344239 -0.458083
v -2.246376 0.302614 -0.457573
v -1.267962 0.296970 -0.465802
v -2.255040 0.263457 -0.456663
v -1.239739 0.254909 -0.461990
v -2.259387 0.223154 -0.456258
v -1.210798 0.215972 -0.457695
v -2.267336 0.182216 -0.454464
v -1.182124 0.188008 -0.456681
v -1.152158 0.162841 -0.457806
v -2.283443 0.139682 -0.453079
v -1.138107 0.138068 -0.454872
v -2.313870 0.102653 -0.449026
v -1.133562 0.102724 -0.451574
v -2.324363 0.060937 -0.450742
v -1.130445 0.063010 -0.451412
v -2.331901 0.019762 -0.453154
v -1.133926 0.021091 -0.455184
v -2.334012 -0.022611 -0.457605
v -1.127918 -0.023537 -0.457906
v -2.337394 -0.065586 -0.457159
v -1.109959 -0.063816 -0.456126
v -2.347316 -0.105664 -0.453190
v -1.101303 -0.103578 -0.457670
v -2.356337 -0.146500 -0.451464
v -1.102970 -0.142293 -0.460311
v -2.367918 -0.190918 -0.449814
v -1.101854 -0.182848 -0.455100
v -2.391338 -0.235337 -0.447281
v -1.113333 -0.218812 -0.456943
v -2.416947 -0.273742 -0.446226
v -1.216527 -0.276377 -0.451217
v -1.179780 -0.256453 -0.444835
v -1.138652 -0.240207 -0.456745
v -2.432287 -0.309086 -0.447497
v -1.627107 -0.308854 -0.452087
v -1.585070 -0.299193 -0.451358
v -1.543473 -0.293736 -0.449553
v -1.501937 -0.298158 -0.445054
v -1.459026 -0.285283 -0.445611
v -1.414514 -0.291403 -0.442655
v -1.372432 -0.292470 -0.445670
v -1.333377 -0.296793 -0.449095
v -1.296058 -0.304265 -0.450123
v -1.258554 -0.292518 -0.451031
v -2.427057 -0.349744 -0.447542
v -1.877046 -0.357464 -0.442867
v -1.831573 -0.346197 -0.446044
v -1.788175 -0.340320 -0.446110
v -1.746469 -0.331971 -0.444552
v -1.705149 -0.340110 -0.447369
v -1.664648 -0.331543 -0.449112
v -2.406507 -0.388036 -0.445597
v -2.204732 -0.390254 -0.444252
v -2.162173 -0.378646 -0.443054
v -2.118618 -0.372645 -0.442346
v -2.074501 -0.375301 -0.442266
v -2.030710 -0.383259 -0.441701
v -1.991500 -0.395551 -0.443947
v -1.954159 -0.397049 -0.444566
v -1.918598 -0.380635 -0.442101
v -2.381942 -0.416187 -0.442563
v -2.357058 -0.431704 -0.444011
v -2.321971 -0.433553 -0.446496
v -2.283858 -0.423489 -0.445693
v -2.244396 -0.409088 -0.445282
v -1.829639 0.735196 -0.494321
v -1.898587 0.697320 -0.492046
v -1.863439 0.722044 -0.494117
v -1.791758 0.725002 -0.496300
v -1.751757 0.714003 -0.496600
v -1.707908 0.703129 -0.493928
v -1.934610 0.662361 -0.490275
v -1.669376 0.666536 -0.509003
v -1.966748 0.616903 -0.497124
v -1.633493 0.635810 -0.501931
v -1.592088 0.615485 -0.503893
v -2.003426 0.585325 -0.493403
v -1.548722 0.595456 -0.501241
v -1.508839 0.575925 -0.501367
v -2.030033 0.546537 -0.498469
v -1.467923 0.549071 -0.499932
v -2.060498 0.502879 -0.503794
v -1.423600 0.523343 -0.497437
v -1.378158 0.512081 -0.491846
v -1.339051 0.492262 -0.494754
v -2.095703 0.458589 -0.503672
v -1.301665 0.471595 -0.495440
v -2.133033 0.415411 -0.500762
v -1.277438 0.434503 -0.502950
v -2.178525 0.372282 -0.491953
v -1.269749 0.385976 -0.499979
v -2.224089 0.339001 -0.498931
v -1.257133 0.340782 -0.503926
v -2.268273 0.313748 -0.498307
v -1.234979 0.297099 -0.505138
v -2.272520 0.266261 -0.493702
v -1.207557 0.256543 -0.500257
v -2.272866 0.224898 -0.492902
v -1.181456 0.210700 -0.492184
v -2.276584 0.184098 -0.491352
v -1.145785 0.177303 -0.492931
v -2.287808 0.141116 -0.489604
v -1.144013 0.139543 -0.492096
v -2.305198 0.097406 -0.488257
v -1.137921 0.102032 -0.490694
v -2.330910 0.059869 -0.489161
v -1.134583 0.061394 -0.490924
v -2.350048 0.019230 -0.490151
v -1.123091 0.019531 -0.491434
v -2.354402 -0.022789 -0.492521
v -1.105273 -0.023102 -0.492014
v -2.345243 -0.063920 -0.494337
v -1.084147 -0.062809 -0.492521
v -2.349081 -0.104011 -0.492390
v -1.070909 -0.102068 -0.494044
v -2.360762 -0.143906 -0.490606
v -1.070055 -0.140945 -0.493839
v -2.375083 -0.187391 -0.489175
v -1.085011 -0.181417 -0.493492
v -2.387059 -0.233751 -0.487517
v -1.105635 -0.218991 -0.493728
v -2.403111 -0.272796 -0.487203
v -1.458863 -0.275425 -0.493987
v -1.216128 -0.271924 -0.491910
v -1.176168 -0.256546 -0.492809
v -1.138683 -0.242588 -0.494873
v -2.417654 -0.307802 -0.489491
v -1.585103 -0.309350 -0.488999
v -1.545788 -0.293061 -0.485130
v -1.497123 -0.282617 -0.477748
v -1.420675 -0.283676 -0.478675
v -1.371323 -0.290448 -0.485136
v -1.332474 -0.297555 -0.488796
v -1.294996 -0.308598 -0.489928
v -1.256778 -0.293644 -0.491080
v -2.409128 -0.347191 -0.487973
v -2.119909 -0.357073 -0.483907
v -2.075289 -0.359451 -0.484951
v -1.875175 -0.347387 -0.486605
v -1.831423 -0.339023 -0.488646
v -1.788632 -0.329864 -0.486957
v -1.744537 -0.324086 -0.485106
v -1.703500 -0.334135 -0.487964
v -1.664312 -0.337852 -0.490077
v -1.624945 -0.327957 -0.490485
v -2.386522 -0.381976 -0.481973
v -2.245811 -0.390795 -0.484279
v -2.205720 -0.377496 -0.484421
v -2.163783 -0.365294 -0.483543
v -2.032922 -0.370746 -0.486505
v -1.993043 -0.377960 -0.487285
v -1.954323 -0.372311 -0.484023
v -1.915079 -0.368516 -0.485732
v -2.359061 -0.406164 -0.473622
v -2.320845 -0.410613 -0.481997
v -2.283231 -0.408359 -0.485065
v -1.862072 0.732095 -0.536021
v -1.828813 0.751422 -0.534389
v -1.790874 0.744879 -0.536196
v -1.752321 0.731809 -0.539225
v -1.894278 0.699475 -0.534685
v -1.709224 0.726011 -0.536979
v -1.670137 0.712718 -0.543954
v -1.630330 0.709453 -0.557980
v -1.931107 0.664703 -0.532274
v -1.630179 0.669230 -0.529669
v -1.585629 0.657086 -0.550445
v -1.952613 0.630566 -0.532452
v -1.547520 0.633788 -0.542162
v -1.508685 0.616180 -0.550347
v -2.014018 0.577369 -0.537854
v -1.987377 0.601515 -0.535107
v -1.470855 0.572522 -0.545962
v -2.058715 0.557253 -0.536267
v -1.427057 0.545844 -0.542781
v -1.382770 0.529798 -0.537438
v -2.102628 0.516331 -0.542924
v -1.339129 0.513070 -0.534124
v -1.295896 0.493997 -0.531078
v -2.121950 0.460523 -0.542971
v -1.265499 0.462667 -0.532094
v -2.155923 0.423235 -0.539172
v -1.251346 0.429771 -0.532986
v -2.232714 0.359349 -0.535509
v -2.190896 0.386063 -0.536836
v -1.245765 0.385466 -0.537542
v -2.269221 0.336051 -0.533763
v -1.229436 0.338696 -0.543968
v -2.277117 0.305997 -0.532832
v -1.201034 0.298041 -0.543193
v -2.274804 0.267222 -0.531105
v -1.173935 0.260908 -0.537904
v -2.272630 0.225694 -0.530824
v -1.155568 0.220267 -0.535466
v -2.270523 0.183460 -0.530554
v -1.145785 0.181199 -0.533074
v -2.277666 0.139295 -0.529338
v -1.148494 0.140901 -0.531850
v -2.297225 0.095635 -0.528434
v -1.140306 0.101729 -0.531335
v -2.321302 0.054687 -0.529297
v -1.134114 0.060675 -0.531877
v -2.341344 0.013473 -0.530429
v -1.125331 0.016587 -0.532565
v -2.350134 -0.023804 -0.531645
v -1.107470 -0.028701 -0.533162
v -2.346259 -0.062087 -0.531735
v -1.079123 -0.066087 -0.533234
v -2.346161 -0.102374 -0.530732
v -1.061731 -0.101919 -0.533456
v -2.356286 -0.144208 -0.530548
v -1.068493 -0.138479 -0.534007
v -2.366981 -0.189484 -0.529948
v -1.084766 -0.179686 -0.533090
v -2.381346 -0.234553 -0.528988
v -1.101106 -0.222854 -0.532162
v -2.395491 -0.271793 -0.529751
v -1.504929 -0.270299 -0.525983
v -1.458166 -0.264262 -0.528052
v -1.412591 -0.276051 -0.526999
v -1.218128 -0.270655 -0.535160
v -1.172628 -0.267008 -0.532921
v -1.130822 -0.255626 -0.531702
v -2.406711 -0.307061 -0.531576
v -1.791051 -0.320918 -0.531551
v -1.746132 -0.322117 -0.531185
v -1.702863 -0.320568 -0.531617
v -1.589617 -0.303818 -0.529430
v -1.549730 -0.284522 -0.527160
v -1.367539 -0.282688 -0.527086
v -1.330921 -0.298642 -0.529723
v -1.294418 -0.312531 -0.530802
v -1.256792 -0.296798 -0.532943
v -2.396410 -0.346180 -0.529565
v -2.163080 -0.360546 -0.527023
v -2.119201 -0.352268 -0.528616
v -2.076056 -0.354838 -0.529636
v -2.034485 -0.356027 -0.529361
v -1.993404 -0.353035 -0.528346
v -1.952357 -0.351068 -0.526216
v -1.912247 -0.362835 -0.530157
v -1.871784 -0.350970 -0.530430
v -1.834235 -0.327124 -0.531432
v -1.664758 -0.333798 -0.531504
v -1.626008 -0.331351 -0.530950
v -2.362543 -0.379642 -0.517942
v -2.319982 -0.386852 -0.522635
v -2.282126 -0.388463 -0.525759
v -2.243632 -0.384373 -0.527423
v -2.205489 -0.371512 -0.526648
v -1.862801 0.740172 -0.575542
v -1.827702 0.758798 -0.573500
v -1.788957 0.760259 -0.573707
v -1.749268 0.751231 -0.576514
v -1.707955 0.745167 -0.576860
v -1.668362 0.740904 -0.579818
v -1.630813 0.738279 -0.590070
v -1.897724 0.706341 -0.576543
v -1.589738 0.705941 -0.582501
v -1.542369 0.717553 -0.591933
v -1.933476 0.663888 -0.576740
v -1.545628 0.671122 -0.569099
v -1.510501 0.660586 -0.594421
v -1.972213 0.616033 -0.571473
v -1.493339 0.624243 -0.587542
v -2.066270 0.570949 -0.577633
v -2.021359 0.586743 -0.579839
v -1.467326 0.597590 -0.583900
v -1.426955 0.577561 -0.583160
v -2.089788 0.538946 -0.585460
v -1.385392 0.552705 -0.580892
v -2.110149 0.491193 -0.578780
v -1.344509 0.522932 -0.577888
v -1.297979 0.505207 -0.571306
v -2.135153 0.460762 -0.578876
v -1.276630 0.465188 -0.569732
v -2.162897 0.421613 -0.578182
v -1.255263 0.426176 -0.569807
v -2.193399 0.383857 -0.576388
v -1.224050 0.386588 -0.571949
v -2.263891 0.336570 -0.570335
v -2.233260 0.360256 -0.573558
v -1.201142 0.338902 -0.578210
v -2.266158 0.303740 -0.567580
v -1.174331 0.298506 -0.580077
v -2.269634 0.266847 -0.568193
v -1.148938 0.263690 -0.575894
v -2.267924 0.224733 -0.569248
v -1.136413 0.224858 -0.573317
v -2.267264 0.183033 -0.570781
v -1.142733 0.183534 -0.573593
v -2.277501 0.141312 -0.571610
v -1.150695 0.142303 -0.573353
v -2.289613 0.095567 -0.571264
v -1.143395 0.101379 -0.573022
v -2.314418 0.052829 -0.571871
v -1.136800 0.058683 -0.573471
v -2.338779 0.011580 -0.572381
v -1.122473 0.014662 -0.574140
v -2.350343 -0.023973 -0.572077
v -1.101293 -0.029574 -0.574353
v -2.349039 -0.060512 -0.570792
v -1.073816 -0.067993 -0.573393
v -2.345844 -0.100582 -0.569785
v -1.059551 -0.103427 -0.572883
v -2.348659 -0.145052 -0.571002
v -1.067056 -0.139109 -0.572917
v -2.358545 -0.191591 -0.571415
v -1.082435 -0.181422 -0.572850
v -2.378492 -0.235599 -0.571656
v -1.099098 -0.226031 -0.572627
v -2.391231 -0.272595 -0.571771
v -1.503961 -0.271443 -0.572690
v -1.457878 -0.260177 -0.573190
v -1.411906 -0.270441 -0.572551
v -1.171026 -0.279096 -0.574553
v -1.128081 -0.262625 -0.572561
v -2.401337 -0.306596 -0.572055
v -1.590121 -0.303342 -0.572683
v -1.548969 -0.285001 -0.572778
v -1.369020 -0.288009 -0.572088
v -1.329322 -0.299701 -0.573837
v -1.293168 -0.316115 -0.574628
v -1.256579 -0.305589 -0.576788
v -1.216118 -0.288303 -0.577309
v -2.389767 -0.341885 -0.570414
v -2.161319 -0.358097 -0.569763
v -2.117881 -0.356853 -0.572250
v -2.076081 -0.356152 -0.572645
v -2.037092 -0.339818 -0.568623
v -1.993314 -0.330231 -0.573559
v -1.949580 -0.335549 -0.568861
v -1.910008 -0.347221 -0.571837
v -1.869612 -0.356331 -0.573133
v -1.830990 -0.340056 -0.574395
v -1.790596 -0.330514 -0.576435
v -1.747577 -0.328440 -0.577593
v -1.704155 -0.329282 -0.577003
v -1.665464 -0.339359 -0.573713
v -1.627754 -0.329779 -0.572595
v -2.357814 -0.365757 -0.566603
v -2.319022 -0.370100 -0.564800
v -2.280928 -0.371071 -0.565716
v -2.242369 -0.374263 -0.568560
v -2.203671 -0.366537 -0.568423
v -1.866382 0.750388 -0.614822
v -1.828372 0.766359 -0.613334
v -1.787722 0.768613 -0.613419
v -1.746198 0.765927 -0.614194
v -1.706908 0.750353 -0.617426
v -1.666328 0.749912 -0.618391
v -1.628315 0.746609 -0.621830
v -1.591892 0.745478 -0.614364
v -1.544801 0.749713 -0.628750
v -1.901324 0.717974 -0.617584
v -1.512228 0.708459 -0.629661
v -1.935955 0.674772 -0.621588
v -1.469984 0.666986 -0.633216
v -1.977989 0.633434 -0.623185
v -1.468180 0.625828 -0.612075
v -1.429806 0.612528 -0.623594
v -2.067953 0.584707 -0.630669
v -2.023403 0.603578 -0.624646
v -1.390787 0.581037 -0.627571
v -2.088426 0.556286 -0.618595
v -1.346053 0.546065 -0.625474
v -2.105794 0.506397 -0.616076
v -1.311065 0.505678 -0.611768
v -2.141137 0.462806 -0.618030
v -1.294971 0.463206 -0.607901
v -2.168694 0.417259 -0.619942
v -1.267403 0.424470 -0.609025
v -2.198100 0.378914 -0.616724
v -1.238523 0.376939 -0.608313
v -2.255788 0.336396 -0.609136
v -2.228573 0.357794 -0.612296
v -1.195026 0.330625 -0.617357
v -2.259696 0.303928 -0.606576
v -1.149130 0.303620 -0.613563
v -2.255768 0.266132 -0.606090
v -1.137521 0.264976 -0.614215
v -2.256773 0.222719 -0.608237
v -1.138053 0.225526 -0.614300
v -2.265173 0.181846 -0.611691
v -1.140364 0.185187 -0.614212
v -2.277723 0.141031 -0.614172
v -1.150165 0.144003 -0.614615
v -2.290919 0.095551 -0.615606
v -1.143200 0.101588 -0.613937
v -2.313941 0.052018 -0.615264
v -1.136490 0.056541 -0.613881
v -2.338508 0.011553 -0.614339
v -1.115944 0.013272 -0.613685
v -2.350270 -0.023018 -0.612860
v -1.093085 -0.027296 -0.613231
v -2.345545 -0.059464 -0.611396
v -1.075148 -0.068515 -0.612106
v -2.338569 -0.100030 -0.611258
v -1.057723 -0.103513 -0.611630
v -2.342934 -0.146089 -0.614311
v -1.065585 -0.140570 -0.611666
v -2.361735 -0.190730 -0.616384
v -1.083915 -0.182334 -0.612899
v -2.374808 -0.236986 -0.617261
v -1.098428 -0.228263 -0.613928
v -2.391742 -0.272719 -0.615717
v -1.502809 -0.277033 -0.617612
v -1.457911 -0.268630 -0.618676
v -1.412887 -0.276923 -0.618012
v -1.125083 -0.269916 -0.614415
v -2.403533 -0.306178 -0.613818
v -1.992506 -0.327073 -0.623482
v -1.588361 -0.309035 -0.615809
v -1.546485 -0.291766 -0.616620
v -1.369667 -0.294210 -0.617185
v -1.329076 -0.309184 -0.618465
v -1.214525 -0.304794 -0.617580
v -1.170913 -0.287400 -0.616633
v -2.390329 -0.338085 -0.612420
v -2.357921 -0.353266 -0.610347
v -2.319936 -0.355992 -0.609333
v -2.280921 -0.361484 -0.610754
v -2.241722 -0.355240 -0.610017
v -2.202941 -0.341558 -0.606423
v -2.160290 -0.336838 -0.607493
v -2.117265 -0.338514 -0.609881
v -2.075796 -0.344006 -0.612051
v -2.029693 -0.328910 -0.607544
v -1.955638 -0.326952 -0.609870
v -1.908127 -0.334115 -0.613761
v -1.868057 -0.345571 -0.614869
v -1.828304 -0.349254 -0.616265
v -1.788531 -0.339143 -0.618489
v -1.746611 -0.333311 -0.621121
v -1.704141 -0.338622 -0.621094
v -1.666413 -0.348793 -0.616601
v -1.630546 -0.329766 -0.616321
v -1.291701 -0.321689 -0.619071
v -1.253692 -0.325643 -0.616831
v -1.542222 0.776566 -0.656275
v -1.905702 0.741537 -0.657887
v -1.866159 0.761574 -0.657553
v -1.827703 0.773137 -0.656960
v -1.787524 0.777325 -0.656980
v -1.747306 0.767314 -0.659279
v -1.706330 0.762221 -0.660088
v -1.664648 0.760980 -0.660353
v -1.623682 0.759825 -0.661211
v -1.582746 0.756774 -0.663197
v -1.507669 0.758550 -0.653077
v -1.479345 0.739962 -0.672359
v -1.939462 0.703018 -0.664697
v -1.470928 0.710408 -0.656320
v -1.982616 0.666877 -0.666863
v -1.432024 0.654620 -0.659376
v -2.062105 0.623388 -0.680815
v -2.022003 0.633692 -0.671703
v -1.388396 0.624999 -0.670090
v -2.100306 0.587073 -0.670242
v -1.351224 0.582079 -0.661069
v -2.100187 0.541374 -0.655735
v -1.335570 0.547041 -0.656521
v -2.123568 0.506537 -0.658664
v -1.321457 0.505901 -0.650656
v -2.142676 0.459357 -0.661104
v -1.305508 0.465432 -0.649546
v -2.181467 0.418011 -0.660679
v -1.289911 0.421065 -0.648443
v -2.217851 0.373724 -0.653125
v -1.255879 0.377154 -0.648636
v -2.250089 0.343983 -0.655150
v -1.214485 0.339822 -0.651755
v -2.253201 0.308377 -0.654425
v -1.180701 0.314961 -0.652244
v -1.145894 0.296980 -0.652504
v -2.246556 0.266983 -0.653597
v -1.138007 0.263915 -0.653501
v -2.253398 0.221863 -0.654457
v -1.139321 0.225492 -0.654251
v -2.266921 0.181395 -0.655338
v -1.140926 0.185424 -0.654882
v -2.279032 0.138906 -0.657085
v -1.148527 0.144306 -0.655465
v -2.298961 0.093883 -0.659061
v -1.141073 0.101787 -0.654399
v -2.327415 0.054135 -0.657495
v -1.132934 0.056804 -0.653225
v -2.352705 0.016530 -0.654528
v -1.116810 0.012702 -0.652703
v -2.353705 -0.021928 -0.654939
v -1.097793 -0.026587 -0.652704
v -2.350616 -0.060532 -0.654978
v -1.082405 -0.066391 -0.651859
v -2.350745 -0.102335 -0.655970
v -1.065219 -0.102677 -0.651473
v -2.354826 -0.147633 -0.659791
v -1.072815 -0.141163 -0.650971
v -2.364228 -0.192686 -0.662154
v -1.087584 -0.183142 -0.652764
v -2.385882 -0.233349 -0.660050
v -1.100105 -0.227837 -0.654886
v -2.397840 -0.271308 -0.658627
v -1.131982 -0.263743 -0.655246
v -2.411579 -0.306661 -0.655654
v -1.992356 -0.327061 -0.646528
v -1.591178 -0.314749 -0.661490
v -1.546285 -0.304111 -0.660081
v -1.502184 -0.293248 -0.660467
v -1.457965 -0.288224 -0.661314
v -1.412795 -0.288723 -0.663331
v -1.370548 -0.308439 -0.660494
v -1.213669 -0.308697 -0.655614
v -1.170162 -0.292491 -0.656380
v -2.397893 -0.341037 -0.655452
v -2.361655 -0.353272 -0.654976
v -2.322133 -0.350502 -0.654421
v -2.281858 -0.353742 -0.654148
v -2.243550 -0.337216 -0.650724
v -2.201931 -0.328986 -0.648496
v -2.159028 -0.329994 -0.649130
v -2.115978 -0.330516 -0.649722
v -2.073767 -0.335981 -0.652267
v -2.028043 -0.328089 -0.658868
v -1.955934 -0.328277 -0.661489
v -1.908962 -0.338785 -0.656813
v -1.868463 -0.351286 -0.656643
v -1.786612 -0.353878 -0.660422
v -1.745090 -0.355591 -0.661576
v -1.632552 -0.340295 -0.661656
v -1.330962 -0.326170 -0.659015
v -1.293343 -0.336326 -0.657086
v -1.254826 -0.326384 -0.655978
v -1.827490 -0.361993 -0.657369
v -1.704501 -0.361839 -0.662835
v -1.667051 -0.365676 -0.659880
v -1.864978 0.779026 -0.700930
v -1.827011 0.787016 -0.700792
v -1.787637 0.786680 -0.702040
v -1.747338 0.784044 -0.703268
v -1.706377 0.780471 -0.704483
v -1.664503 0.781124 -0.703355
v -1.623585 0.779676 -0.701928
v -1.584044 0.776628 -0.699897
v -1.542500 0.783758 -0.694844
v -1.946934 0.739932 -0.702523
v -1.903809 0.760526 -0.702123
v -1.500459 0.771654 -0.694955
v -1.462830 0.749774 -0.696982
v -1.991840 0.707369 -0.711845
v -1.430405 0.706462 -0.689570
v -2.060656 0.664769 -0.722185
v -2.027403 0.677507 -0.706399
v -1.393312 0.665581 -0.698548
v -2.104225 0.623055 -0.703848
v -1.373938 0.631691 -0.699460
v -2.116492 0.586143 -0.707780
v -1.348028 0.594526 -0.696723
v -2.126292 0.546980 -0.705292
v -1.342664 0.550028 -0.694084
v -2.143489 0.508626 -0.701789
v -1.327387 0.509470 -0.692158
v -2.161458 0.462197 -0.704050
v -1.315002 0.466994 -0.691301
v -2.195899 0.418733 -0.704594
v -1.300118 0.421143 -0.690490
v -2.231709 0.381306 -0.703550
v -1.267414 0.375717 -0.690096
v -2.260472 0.351972 -0.701434
v -1.221060 0.340032 -0.691596
v -2.258565 0.312656 -0.702581
v -1.184999 0.306892 -0.687647
v -1.159025 0.289062 -0.687883
v -2.244586 0.268724 -0.703324
v -1.141222 0.263043 -0.693002
v -2.253627 0.221609 -0.701558
v -1.137038 0.225192 -0.694330
v -2.268325 0.180644 -0.698896
v -1.135216 0.184791 -0.694947
v -2.280134 0.136759 -0.699145
v -1.143626 0.144044 -0.696263
v -2.303110 0.090437 -0.700996
v -1.131280 0.102979 -0.695047
v -2.337440 0.051914 -0.699600
v -1.130214 0.057654 -0.695368
v -2.362272 0.014825 -0.697290
v -1.117687 0.013697 -0.695375
v -2.368547 -0.021940 -0.697744
v -1.100595 -0.025233 -0.695362
v -2.365836 -0.062058 -0.700514
v -1.082373 -0.062847 -0.695035
v -2.370100 -0.104954 -0.701578
v -1.072630 -0.102592 -0.694581
v -2.377760 -0.148936 -0.703163
v -1.085056 -0.142351 -0.693399
v -2.382197 -0.192612 -0.705989
v -1.096714 -0.183230 -0.694263
v -2.402830 -0.231328 -0.701712
v -1.104404 -0.226320 -0.695404
v -2.414248 -0.269644 -0.700686
v -1.131182 -0.263128 -0.696255
v -2.423081 -0.307027 -0.699230
v -2.203139 -0.317285 -0.692590
v -2.158693 -0.317592 -0.692178
v -2.113550 -0.318413 -0.691518
v -1.502903 -0.309181 -0.700987
v -1.458300 -0.306409 -0.699917
v -1.414600 -0.314148 -0.698836
v -1.256554 -0.315374 -0.694802
v -1.215920 -0.294858 -0.695191
v -1.169350 -0.289276 -0.703266
v -2.403788 -0.344304 -0.706698
v -2.363325 -0.356679 -0.700794
v -2.324378 -0.353596 -0.699433
v -2.284701 -0.347796 -0.697218
v -2.245346 -0.331462 -0.694538
v -2.070036 -0.323631 -0.692492
v -2.032688 -0.331350 -0.696528
v -1.992460 -0.327147 -0.693989
v -1.949664 -0.330950 -0.699182
v -1.910448 -0.344165 -0.696579
v -1.870895 -0.360225 -0.696531
v -1.590219 -0.336656 -0.702261
v -1.548753 -0.315955 -0.703347
v -1.370602 -0.322780 -0.699834
v -1.333910 -0.344966 -0.696579
v -1.296849 -0.332444 -0.695343
v -1.829180 -0.375845 -0.697158
v -1.786941 -0.380992 -0.696484
v -1.745244 -0.386315 -0.698987
v -1.705523 -0.394652 -0.697655
v -1.667529 -0.384821 -0.699680
v -1.632400 -0.359403 -0.702317
v -1.902234 0.777339 -0.745418
v -1.862560 0.794634 -0.743940
v -1.826746 0.810055 -0.739747
v -1.787272 0.810831 -0.740596
v -1.746844 0.807575 -0.742632
v -1.706394 0.802453 -0.744450
v -1.665552 0.798497 -0.742982
v -1.625644 0.794186 -0.739542
v -1.589763 0.779338 -0.736577
v -1.547439 0.775622 -0.733525
v -2.026399 0.732408 -0.753652
v -1.989293 0.746990 -0.746179
v -1.945978 0.763372 -0.744319
v -1.504775 0.760627 -0.733032
v -1.460152 0.747724 -0.734215
v -2.055795 0.706680 -0.755981
v -2.024563 0.706412 -0.734585
v -1.430338 0.710456 -0.731616
v -2.099671 0.659584 -0.747687
v -1.406487 0.670646 -0.732157
v -2.125632 0.628842 -0.744661
v -1.390349 0.630073 -0.731507
v -2.139529 0.588424 -0.746412
v -1.359170 0.594976 -0.735087
v -2.153267 0.549279 -0.745824
v -1.347339 0.552152 -0.734016
v -2.165282 0.507920 -0.746115
v -1.334344 0.511508 -0.734784
v -2.185889 0.461554 -0.749466
v -1.325270 0.467197 -0.734202
v -2.219994 0.418057 -0.749702
v -1.308352 0.419221 -0.733371
v -2.257348 0.386317 -0.743868
v -1.274845 0.373325 -0.733213
v -2.262814 0.351730 -0.745159
v -1.230613 0.331043 -0.737600
v -2.266619 0.313200 -0.743671
v -1.183330 0.296502 -0.723654
v -2.254094 0.270126 -0.745938
v -1.170544 0.256289 -0.726003
v -2.265856 0.224933 -0.742503
v -1.141943 0.223390 -0.733483
v -2.275521 0.181402 -0.740290
v -1.129032 0.184736 -0.735902
v -2.288704 0.137828 -0.740406
v -1.133084 0.143989 -0.736316
v -2.311620 0.091578 -0.742056
v -1.131174 0.102068 -0.736430
v -2.347295 0.050917 -0.741228
v -1.127057 0.057288 -0.737161
v -2.380502 0.015414 -0.738136
v -1.115415 0.012810 -0.737370
v -2.397625 -0.021732 -0.737257
v -1.095359 -0.024251 -0.737122
v -2.387068 -0.062993 -0.747514
v -1.081641 -0.061960 -0.737147
v -2.395062 -0.105069 -0.745738
v -1.084580 -0.102270 -0.736574
v -2.403561 -0.147362 -0.743655
v -1.094995 -0.142999 -0.736028
v -2.405491 -0.190880 -0.746484
v -1.101184 -0.183624 -0.736179
v -2.422192 -0.231697 -0.743816
v -1.111213 -0.223589 -0.736088
v -2.437782 -0.269969 -0.741428
v -1.128205 -0.263172 -0.736293
v -2.442273 -0.307400 -0.739983
v -2.204744 -0.316801 -0.738830
v -2.159175 -0.314440 -0.737834
v -2.113101 -0.315355 -0.737120
v -1.501249 -0.321471 -0.738291
v -1.458246 -0.315926 -0.737456
v -1.415411 -0.321533 -0.737395
v -1.256747 -0.309028 -0.735641
v -1.216721 -0.289303 -0.736011
v -1.185554 -0.288715 -0.736079
v -1.149784 -0.288655 -0.735567
v -2.427091 -0.343310 -0.742364
v -2.289098 -0.348802 -0.741851
v -2.248196 -0.331627 -0.739594
v -2.069104 -0.325221 -0.736856
v -2.031616 -0.338711 -0.737191
v -1.993686 -0.337116 -0.737294
v -1.952822 -0.333573 -0.736251
v -1.910811 -0.338999 -0.735446
v -1.867359 -0.341054 -0.734082
v -1.823746 -0.354851 -0.736089
v -1.586749 -0.350197 -0.738495
v -1.545219 -0.330157 -0.739127
v -1.372359 -0.328519 -0.736858
v -1.334491 -0.341223 -0.736499
v -1.298698 -0.327472 -0.735152
v -2.400568 -0.364924 -0.744531
v -2.363829 -0.367706 -0.744955
v -2.326027 -0.366535 -0.743118
v -1.783113 -0.382362 -0.737515
v -1.668517 -0.392714 -0.738608
v -1.629945 -0.371261 -0.737984
v -1.746149 -0.411077 -0.737530
v -1.707309 -0.406081 -0.739488
v -1.863300 0.814930 -0.782959
v -1.826475 0.833539 -0.779602
v -1.786623 0.837012 -0.781624
v -1.746314 0.837945 -0.782465
v -1.704907 0.839563 -0.778279
v -1.663504 0.826247 -0.778045
v -1.945529 0.778363 -0.784260
v -1.902207 0.792237 -0.785141
v -1.629691 0.797128 -0.780304
v -1.591787 0.780371 -0.778565
v -2.031154 0.746337 -0.784304
v -1.988254 0.759503 -0.784085
v -1.547964 0.770502 -0.775939
v -1.505265 0.754721 -0.773497
v -1.464099 0.735535 -0.772055
v -2.094844 0.700745 -0.780557
v -2.069188 0.730475 -0.784727
v -1.438965 0.701396 -0.767148
v -2.117800 0.667299 -0.788091
v -1.427090 0.667708 -0.766123
v -2.146160 0.632420 -0.782472
v -1.408670 0.631239 -0.771013
v -2.167789 0.590583 -0.781407
v -1.389647 0.588299 -0.770348
v -2.178208 0.550091 -0.783054
v -1.359667 0.551327 -0.774660
v -2.190109 0.509359 -0.785799
v -1.345364 0.509589 -0.775542
v -2.223751 0.469281 -0.783709
v -1.331452 0.466334 -0.777290
v -2.250554 0.421841 -0.787507
v -1.306481 0.422277 -0.778132
v -2.286496 0.390462 -0.781129
v -1.275326 0.378955 -0.777633
v -2.280144 0.351284 -0.784010
v -1.248940 0.340132 -0.776987
v -2.277529 0.311944 -0.781924
v -1.219303 0.319100 -0.773167
v -1.196659 0.294689 -0.769394
v -2.266692 0.269593 -0.784534
v -1.187704 0.255700 -0.766569
v -2.274213 0.224253 -0.783101
v -1.170112 0.214165 -0.766340
v -2.286132 0.180150 -0.783018
v -1.140915 0.183189 -0.776327
v -2.304524 0.138343 -0.782728
v -1.138904 0.142894 -0.776183
v -2.322772 0.091406 -0.785410
v -1.134677 0.101036 -0.775650
v -2.363759 0.055276 -0.781585
v -1.123962 0.058102 -0.776392
v -2.393049 0.015455 -0.780303
v -1.115236 0.013119 -0.775118
v -2.416269 -0.022394 -0.780089
v -1.097543 -0.025484 -0.775477
v -2.417738 -0.063737 -0.786978
v -1.075540 -0.060689 -0.777750
v -2.424389 -0.104251 -0.785721
v -1.085964 -0.102308 -0.778156
v -2.428189 -0.145478 -0.783720
v -1.095314 -0.143693 -0.778134
v -2.431763 -0.187752 -0.783866
v -1.094437 -0.185317 -0.777560
v -2.448834 -0.228740 -0.780439
v -1.103846 -0.225169 -0.778518
v -2.466480 -0.268881 -0.777575
v -1.128257 -0.263858 -0.785238
v -2.469238 -0.310876 -0.775937
v -2.160108 -0.318675 -0.783193
v -2.114441 -0.318819 -0.782441
v -1.545258 -0.317507 -0.777325
v -1.501292 -0.307052 -0.777776
v -1.458314 -0.305890 -0.777810
v -1.415403 -0.307932 -0.777203
v -1.370935 -0.311214 -0.775733
v -1.256843 -0.306257 -0.777480
v -1.214446 -0.290677 -0.776952
v -1.167941 -0.292447 -0.769294
v -2.446472 -0.351315 -0.777586
v -2.250350 -0.338190 -0.784195
v -2.205916 -0.324393 -0.784094
v -2.070922 -0.331502 -0.780802
v -2.033606 -0.352062 -0.778001
v -1.994875 -0.342529 -0.776911
v -1.954737 -0.331542 -0.773171
v -1.910095 -0.324094 -0.777070
v -1.866824 -0.336762 -0.773898
v -1.822223 -0.348724 -0.776672
v -1.587778 -0.340540 -0.776359
v -1.333861 -0.330608 -0.776846
v -1.299797 -0.320066 -0.776345
v -2.406069 -0.377853 -0.786258
v -2.364618 -0.382941 -0.782678
v -2.326952 -0.378875 -0.782734
v -2.289681 -0.362034 -0.783609
v -1.780980 -0.380621 -0.778054
v -1.668437 -0.392510 -0.776456
v -1.632640 -0.361289 -0.774680
v -1.743683 -0.410342 -0.778438
v -1.706677 -0.412025 -0.778167
v -1.786421 0.866937 -0.819884
v -1.745764 0.874844 -0.817678
v -1.702320 0.870742 -0.815846
v -1.860981 0.823273 -0.823892
v -1.824567 0.850133 -0.821639
v -1.665771 0.836749 -0.819375
v -1.943521 0.780650 -0.825214
v -1.900619 0.795585 -0.824939
v -1.630866 0.800334 -0.820274
v -1.591508 0.779846 -0.819234
v -2.072489 0.738475 -0.824686
v -2.029431 0.747245 -0.825440
v -1.984653 0.759121 -0.826149
v -1.547269 0.767046 -0.817263
v -1.507753 0.744300 -0.813507
v -2.108855 0.719565 -0.824757
v -1.470485 0.716336 -0.810538
v -2.135411 0.678795 -0.832486
v -1.439940 0.678771 -0.803991
v -2.156346 0.633383 -0.821415
v -1.431985 0.629176 -0.809016
v -2.171383 0.589010 -0.818746
v -1.409389 0.588185 -0.812160
v -2.183361 0.548467 -0.819133
v -1.382340 0.545422 -0.813014
v -2.205515 0.511970 -0.820422
v -1.348523 0.507451 -0.817218
v -2.235185 0.468616 -0.822420
v -1.321919 0.468186 -0.819612
v -2.263289 0.420918 -0.825015
v -1.303706 0.422851 -0.820974
v -2.294262 0.386176 -0.825216
v -1.276920 0.381951 -0.820465
v -2.294401 0.349930 -0.827080
v -1.247085 0.346999 -0.817894
v -2.292733 0.310798 -0.824186
v -1.229725 0.300670 -0.804430
v -2.287531 0.268015 -0.824580
v -1.209580 0.258517 -0.809933
v -2.294426 0.222997 -0.824697
v -1.189553 0.217082 -0.811279
v -2.301952 0.176726 -0.829161
v -1.163042 0.182791 -0.817508
v -2.319794 0.134732 -0.828784
v -1.161441 0.141383 -0.815208
v -2.348572 0.095919 -0.825177
v -1.156296 0.099020 -0.813269
v -2.378314 0.055638 -0.823375
v -1.142372 0.057815 -0.814514
v -2.398104 0.012653 -0.822782
v -1.127306 0.014696 -0.814228
v -2.424824 -0.024822 -0.821249
v -1.115626 -0.029331 -0.812239
v -2.450518 -0.060666 -0.818501
v -1.088505 -0.064448 -0.817202
v -2.446748 -0.102977 -0.821265
v -1.078716 -0.103538 -0.819518
v -2.443612 -0.144347 -0.821691
v -1.091308 -0.144057 -0.820304
v -2.449519 -0.185398 -0.820420
v -1.096539 -0.184428 -0.820445
v -2.456270 -0.227864 -0.819938
v -1.099337 -0.224365 -0.821571
v -2.468113 -0.268528 -0.819366
v -1.135491 -0.278095 -0.823659
v -1.106793 -0.264033 -0.829368
v -2.467231 -0.309115 -0.818421
v -1.909258 -0.321268 -0.831422
v -1.542085 -0.317190 -0.819094
v -1.501292 -0.297310 -0.818958
v -1.458416 -0.298042 -0.819056
v -1.415659 -0.303338 -0.819092
v -1.370888 -0.307691 -0.818264
v -1.256748 -0.305769 -0.818906
v -1.213965 -0.294077 -0.819368
v -1.172219 -0.289588 -0.819105
v -2.447705 -0.349527 -0.818319
v -2.249163 -0.349629 -0.825501
v -2.204535 -0.337648 -0.825509
v -2.159589 -0.330740 -0.825866
v -2.115961 -0.331532 -0.825046
v -2.074917 -0.343493 -0.821564
v -2.035062 -0.345679 -0.819755
v -1.994297 -0.338155 -0.817850
v -1.946874 -0.326114 -0.810878
v -1.873520 -0.333189 -0.813898
v -1.823348 -0.350895 -0.818680
v -1.630539 -0.354390 -0.815767
v -1.585864 -0.336413 -0.818010
v -1.331422 -0.323045 -0.816970
v -1.296490 -0.324841 -0.817237
v -2.418059 -0.378237 -0.820345
v -2.393805 -0.392521 -0.821211
v -2.363037 -0.396898 -0.820193
v -2.327447 -0.384339 -0.822487
v -2.290113 -0.368201 -0.824506
v -1.780041 -0.376517 -0.818829
v -1.667272 -0.385881 -0.816172
v -1.744981 -0.409707 -0.819373
v -1.705645 -0.408898 -0.817878
v -1.820910 0.861352 -0.865818
v -1.786068 0.885193 -0.860436
v -1.746716 0.887170 -0.858826
v -1.706658 0.871624 -0.859027
v -1.858253 0.833878 -0.868341
v -1.667164 0.838463 -0.859806
v -1.984561 0.772714 -0.869073
v -1.942047 0.786247 -0.868852
v -1.901534 0.808141 -0.867429
v -1.630305 0.800238 -0.859324
v -1.590351 0.776605 -0.857417
v -2.114051 0.738495 -0.863068
v -2.070880 0.747995 -0.866122
v -2.028887 0.761121 -0.867215
v -1.550418 0.754814 -0.854542
v -1.514442 0.726503 -0.850621
v -2.138715 0.704849 -0.865000
v -1.476655 0.701751 -0.850601
v -2.154820 0.675833 -0.863824
v -1.457194 0.670954 -0.850246
v -2.160459 0.635353 -0.860663
v -1.446522 0.627908 -0.851765
v -2.164612 0.589383 -0.859195
v -1.422474 0.588260 -0.854780
v -2.175457 0.545556 -0.859522
v -1.397212 0.543176 -0.855113
v -2.199014 0.506710 -0.860596
v -1.357527 0.496975 -0.863569
v -2.222669 0.457911 -0.860954
v -1.318251 0.460486 -0.861046
v -2.264740 0.417690 -0.862618
v -1.292572 0.423755 -0.862050
v -2.299492 0.380667 -0.864799
v -1.270162 0.386880 -0.861600
v -2.320510 0.348466 -0.865311
v -1.265172 0.345541 -0.859115
v -2.316602 0.308927 -0.868280
v -1.249863 0.303123 -0.854984
v -2.313621 0.266805 -0.869821
v -1.235391 0.258739 -0.852967
v -2.320842 0.222515 -0.869367
v -1.212279 0.217006 -0.854714
v -2.332425 0.177956 -0.870553
v -1.181230 0.182509 -0.859871
v -2.348938 0.137414 -0.867996
v -1.177557 0.141532 -0.857859
v -2.365999 0.095889 -0.866801
v -1.173361 0.100047 -0.856134
v -2.385466 0.054378 -0.865100
v -1.170560 0.057072 -0.852794
v -2.405378 0.014549 -0.862666
v -1.155245 0.013374 -0.851595
v -2.432315 -0.022729 -0.860638
v -1.130100 -0.029342 -0.853515
v -2.454939 -0.060089 -0.860430
v -1.100911 -0.069104 -0.858096
v -2.451039 -0.102483 -0.860548
v -1.078839 -0.106817 -0.861555
v -2.448586 -0.144071 -0.861069
v -1.083297 -0.145075 -0.863995
v -2.449855 -0.185914 -0.861066
v -1.088096 -0.183504 -0.865105
v -2.449992 -0.228717 -0.861748
v -1.091172 -0.222869 -0.865229
v -2.460935 -0.268477 -0.861882
v -1.091243 -0.261153 -0.865026
v -2.461279 -0.308250 -0.861411
v -1.951489 -0.322127 -0.850948
v -1.543354 -0.315070 -0.861232
v -1.501440 -0.301135 -0.861564
v -1.458179 -0.300803 -0.861404
v -1.414637 -0.304984 -0.861996
v -1.370720 -0.311267 -0.860815
v -1.254730 -0.309603 -0.858396
v -1.211826 -0.305582 -0.860058
v -1.172363 -0.294505 -0.862267
v -1.133647 -0.294028 -0.862819
v -1.105598 -0.283365 -0.865479
v -2.442233 -0.349504 -0.860536
v -2.203894 -0.351921 -0.864899
v -2.158993 -0.346023 -0.866495
v -2.116714 -0.348019 -0.866183
v -2.076573 -0.356488 -0.861672
v -2.036666 -0.340659 -0.863123
v -1.988734 -0.327540 -0.867155
v -1.913629 -0.323904 -0.872236
v -1.863925 -0.334773 -0.865962
v -1.821393 -0.353321 -0.863666
v -1.628456 -0.348715 -0.858528
v -1.585980 -0.333226 -0.860283
v -1.332052 -0.326569 -0.856538
v -1.295261 -0.324156 -0.856136
v -2.411739 -0.381682 -0.859511
v -2.324874 -0.396289 -0.860495
v -2.286517 -0.379743 -0.862720
v -2.247187 -0.362963 -0.864323
v -1.782404 -0.375399 -0.861517
v -1.745846 -0.389176 -0.859289
v -1.709324 -0.376736 -0.854042
v -1.667833 -0.368157 -0.856077
v -2.388857 -0.408692 -0.857515
v -2.361106 -0.412071 -0.857464
v -1.858241 0.859414 -0.912746
v -1.821840 0.882742 -0.907977
v -1.786987 0.898434 -0.901251
v -1.750892 0.882889 -0.901188
v -1.714624 0.860782 -0.900093
v -1.902431 0.834462 -0.910543
v -1.671405 0.832581 -0.900455
v -2.028657 0.781714 -0.907773
v -1.986031 0.795458 -0.910020
v -1.944835 0.811588 -0.909593
v -1.628270 0.799016 -0.900464
v -2.106101 0.744158 -0.901427
v -2.068448 0.763142 -0.905143
v -1.590743 0.766552 -0.898746
v -1.554535 0.734364 -0.893957
v -2.131075 0.710187 -0.899333
v -1.510405 0.713853 -0.893889
v -2.151656 0.676177 -0.899968
v -1.469819 0.680472 -0.890476
v -2.165002 0.637351 -0.901260
v -1.455311 0.630023 -0.896916
v -2.160851 0.590300 -0.902512
v -1.432475 0.589042 -0.899913
v -2.174902 0.546163 -0.904436
v -1.409739 0.546087 -0.899185
v -2.192439 0.502791 -0.904574
v -1.382277 0.502079 -0.899655
v -2.229262 0.462968 -0.902744
v -1.350095 0.472761 -0.899655
v -1.310182 0.451794 -0.899665
v -2.266552 0.417746 -0.903024
v -1.277400 0.425088 -0.900811
v -2.308877 0.380983 -0.905147
v -1.261871 0.389357 -0.902074
v -2.350554 0.347546 -0.911751
v -1.266515 0.348488 -0.901514
v -2.353826 0.307212 -0.909933
v -1.256243 0.306571 -0.900297
v -2.351552 0.266832 -0.911699
v -1.241961 0.262482 -0.899527
v -2.356276 0.224460 -0.909562
v -1.219141 0.219044 -0.899931
v -2.364864 0.181733 -0.907582
v -1.191612 0.180687 -0.900341
v -2.371420 0.139384 -0.908161
v -1.183484 0.141563 -0.900103
v -2.378899 0.096038 -0.909358
v -1.181032 0.101631 -0.899725
v -2.392616 0.055690 -0.906606
v -1.179145 0.059315 -0.898331
v -2.411388 0.017700 -0.902783
v -1.167164 0.014545 -0.896167
v -2.431055 -0.020830 -0.901307
v -1.139803 -0.029688 -0.896886
v -2.432598 -0.063139 -0.899167
v -1.112049 -0.079944 -0.903311
v -2.443878 -0.103566 -0.900571
v -1.076355 -0.114448 -0.901585
v -2.454876 -0.144192 -0.902008
v -1.062768 -0.147507 -0.903866
v -2.450779 -0.187031 -0.902450
v -1.068003 -0.183468 -0.906823
v -2.461365 -0.228634 -0.902950
v -1.073995 -0.222628 -0.906669
v -2.465894 -0.268838 -0.904277
v -1.082864 -0.263742 -0.903946
v -2.467049 -0.309543 -0.903682
v -1.545617 -0.315602 -0.905663
v -1.501532 -0.313868 -0.905415
v -1.457712 -0.310778 -0.904277
v -1.413258 -0.305537 -0.908831
v -1.296298 -0.315510 -0.899011
v -1.254290 -0.302692 -0.900144
v -1.211739 -0.297398 -0.901272
v -1.170744 -0.304175 -0.901938
v -1.131852 -0.305526 -0.901635
v -1.098958 -0.296366 -0.901793
v -2.444446 -0.351993 -0.902362
v -2.038052 -0.351878 -0.906043
v -1.995729 -0.341956 -0.906367
v -1.951410 -0.330979 -0.903637
v -1.906407 -0.337688 -0.910679
v -1.862716 -0.345821 -0.910128
v -1.710021 -0.357518 -0.897659
v -1.666919 -0.351211 -0.898981
v -1.623301 -0.353808 -0.902733
v -1.585790 -0.333167 -0.903285
v -1.371957 -0.320396 -0.905877
v -1.334685 -0.327754 -0.900609
v -2.409765 -0.386453 -0.899694
v -2.325632 -0.391156 -0.897033
v -2.284729 -0.376319 -0.899129
v -2.244094 -0.371513 -0.901325
v -2.201972 -0.370090 -0.901794
v -2.158251 -0.369529 -0.903294
v -2.116770 -0.374160 -0.904212
v -2.076981 -0.371490 -0.903919
v -1.823026 -0.366580 -0.906517
v -1.786396 -0.387523 -0.902808
v -1.747947 -0.379156 -0.900863
v -2.370940 -0.408700 -0.892841
v -1.860647 0.889761 -0.952528
v -1.825724 0.911643 -0.945906
v -1.789077 0.909130 -0.943960
v -1.901370 0.861116 -0.953680
v -1.754772 0.886599 -0.945422
v -1.717493 0.861113 -0.944126
v -1.984214 0.815767 -0.953163
v -1.941594 0.832074 -0.955013
v -1.673313 0.830796 -0.943083
v -2.062743 0.778476 -0.945498
v -2.024101 0.796932 -0.951125
v -1.626013 0.802163 -0.943746
v -2.092438 0.749107 -0.940292
v -1.592095 0.760509 -0.949965
v -2.113633 0.710816 -0.936442
v -1.549544 0.726713 -0.940193
v -1.510244 0.697642 -0.937234
v -2.135054 0.672972 -0.937259
v -1.474388 0.670681 -0.938754
v -2.157501 0.635344 -0.940977
v -1.457638 0.630341 -0.941637
v -2.166208 0.590822 -0.943179
v -1.442797 0.585829 -0.943909
v -2.190358 0.551620 -0.944914
v -1.417737 0.545303 -0.943451
v -2.203937 0.506241 -0.947277
v -1.380922 0.507399 -0.942235
v -2.231323 0.462632 -0.946506
v -1.344490 0.470226 -0.940372
v -1.306587 0.445399 -0.938975
v -2.266228 0.420103 -0.947077
v -1.276180 0.420608 -0.939973
v -2.308993 0.385130 -0.948763
v -1.272119 0.386171 -0.941610
v -2.384608 0.342276 -0.947322
v -2.352369 0.360209 -0.950146
v -1.265703 0.348944 -0.942817
v -2.394854 0.307563 -0.945245
v -1.255719 0.306985 -0.943803
v -2.390592 0.267338 -0.947355
v -1.242117 0.260928 -0.945306
v -2.390719 0.226245 -0.946064
v -1.215621 0.218556 -0.945041
v -2.391264 0.184241 -0.946475
v -1.192229 0.180104 -0.942784
v -2.395359 0.141964 -0.946761
v -1.186814 0.142204 -0.942056
v -2.402839 0.100313 -0.946727
v -1.185770 0.102279 -0.942068
v -2.410917 0.061239 -0.945154
v -1.183528 0.059529 -0.941653
v -2.420313 0.021715 -0.942907
v -1.173848 0.014016 -0.939985
v -2.416586 -0.020956 -0.941635
v -1.154894 -0.033263 -0.938066
v -2.415445 -0.063883 -0.939882
v -1.124802 -0.069390 -0.939764
v -2.427853 -0.105539 -0.940578
v -1.095696 -0.094993 -0.939284
v -1.068391 -0.124190 -0.936591
v -2.438182 -0.147939 -0.940725
v -1.053732 -0.150192 -0.938693
v -2.460481 -0.186159 -0.942995
v -1.056499 -0.185071 -0.942734
v -2.466191 -0.229079 -0.943049
v -1.061336 -0.225097 -0.943519
v -2.476282 -0.268354 -0.942996
v -1.080529 -0.265006 -0.941610
v -2.472516 -0.309697 -0.943232
v -1.458004 -0.319749 -0.939061
v -1.298702 -0.307995 -0.942902
v -1.254232 -0.299421 -0.942811
v -1.212412 -0.293900 -0.942382
v -1.172329 -0.295735 -0.940767
v -1.134886 -0.295576 -0.937093
v -1.106497 -0.291221 -0.937558
v -2.445328 -0.348683 -0.942544
v -2.284290 -0.355267 -0.935656
v -2.241813 -0.351099 -0.937549
v -2.198878 -0.353928 -0.938773
v -1.995457 -0.356479 -0.946920
v -1.952196 -0.352836 -0.946967
v -1.908545 -0.356947 -0.948795
v -1.711883 -0.345002 -0.939881
v -1.666178 -0.343429 -0.942541
v -1.624265 -0.337506 -0.943419
v -1.584321 -0.336393 -0.945144
v -1.544060 -0.329744 -0.949050
v -1.495688 -0.325511 -0.955987
v -1.420843 -0.324525 -0.956403
v -1.375317 -0.336555 -0.947389
v -1.338486 -0.326325 -0.944238
v -2.407327 -0.373123 -0.939556
v -2.367942 -0.374094 -0.934931
v -2.326904 -0.364217 -0.933384
v -2.155968 -0.368821 -0.941460
v -2.115526 -0.382861 -0.943102
v -2.076560 -0.382241 -0.944975
v -2.037276 -0.367516 -0.946697
v -1.865284 -0.365393 -0.949645
v -1.824345 -0.375372 -0.947866
v -1.788698 -0.386239 -0.943065
v -1.751209 -0.372308 -0.941326
v -1.865090 0.908671 -0.987734
v -1.828975 0.933018 -0.983035
v -1.789657 0.922756 -0.985220
v -1.758663 0.893295 -0.989885
v -1.948095 0.860125 -0.989070
v -1.905917 0.882212 -0.989279
v -1.721542 0.862988 -0.989029
v -2.024470 0.817166 -0.988582
v -1.985724 0.834913 -0.991071
v -1.676910 0.830171 -0.987108
v -2.055648 0.791775 -0.984994
v -1.629567 0.806050 -0.986516
v -1.600402 0.778651 -0.989304
v -2.071486 0.751240 -0.979495
v -1.580416 0.751462 -0.987802
v -2.089232 0.709705 -0.975376
v -1.549363 0.715505 -0.982501
v -2.109472 0.667931 -0.975044
v -1.514913 0.680723 -0.978516
v -1.482823 0.656471 -0.978445
v -2.137702 0.629025 -0.978816
v -1.459241 0.628316 -0.982681
v -2.166671 0.589380 -0.981959
v -1.437960 0.587240 -0.986541
v -2.197369 0.552016 -0.985770
v -1.413881 0.543172 -0.988019
v -2.215562 0.506298 -0.990009
v -1.377513 0.501363 -0.986788
v -2.239602 0.464117 -0.989805
v -1.340101 0.462686 -0.983235
v -2.311230 0.404626 -0.992218
v -2.267935 0.431863 -0.990818
v -1.306957 0.440987 -0.981117
v -1.276173 0.418958 -0.982271
v -2.351288 0.370174 -0.993784
v -1.265363 0.387239 -0.983138
v -2.399302 0.351208 -0.994268
v -1.265307 0.348051 -0.984673
v -2.423850 0.310551 -0.983696
v -1.252453 0.304964 -0.986809
v -2.413701 0.267762 -0.983686
v -1.233304 0.258277 -0.989830
v -2.408669 0.227134 -0.984131
v -1.205097 0.217161 -0.989715
v -2.411076 0.186080 -0.984795
v -1.187032 0.180810 -0.986845
v -2.417780 0.144397 -0.985216
v -1.191875 0.143404 -0.985846
v -2.426071 0.103526 -0.985509
v -1.196247 0.102227 -0.985206
v -2.422364 0.063699 -0.985368
v -1.187988 0.058768 -0.984619
v -2.409680 0.022586 -0.983988
v -1.175707 0.013726 -0.983503
v -2.403484 -0.020419 -0.983295
v -1.153981 -0.029846 -0.981965
v -2.405471 -0.063179 -0.982912
v -1.121437 -0.062245 -0.982251
v -2.414337 -0.106750 -0.981888
v -1.099179 -0.101429 -0.978861
v -2.434158 -0.147551 -0.982663
v -1.072671 -0.144353 -0.969657
v -2.453653 -0.186472 -0.983993
v -1.065632 -0.186563 -0.977732
v -2.457785 -0.228449 -0.982605
v -1.072829 -0.223893 -0.980099
v -2.469633 -0.266902 -0.982218
v -1.089166 -0.263364 -0.980284
v -2.464335 -0.307364 -0.982384
v -1.299763 -0.311445 -0.986150
v -1.255430 -0.299929 -0.985021
v -1.214024 -0.295191 -0.982970
v -1.174594 -0.288684 -0.979246
v -1.127274 -0.287026 -0.971742
v -2.434895 -0.340042 -0.979373
v -2.404826 -0.353087 -0.968115
v -2.372621 -0.338409 -0.979440
v -2.326409 -0.333063 -0.974221
v -2.283103 -0.330060 -0.975099
v -2.239968 -0.328629 -0.975930
v -2.196717 -0.336348 -0.978247
v -2.152569 -0.348875 -0.979137
v -1.710729 -0.349723 -0.982201
v -1.667169 -0.332029 -0.983574
v -1.623944 -0.334665 -0.984281
v -1.582411 -0.336750 -0.985653
v -1.541928 -0.345464 -0.987708
v -1.501203 -0.344624 -0.992601
v -1.458688 -0.340359 -0.988405
v -1.416845 -0.345866 -0.991188
v -1.376945 -0.348300 -0.986168
v -1.340497 -0.330977 -0.985851
v -2.113013 -0.368526 -0.981703
v -2.075259 -0.384153 -0.984104
v -2.035261 -0.377834 -0.984210
v -1.993417 -0.378515 -0.984021
v -1.951947 -0.378674 -0.983877
v -1.909613 -0.379833 -0.985975
v -1.867658 -0.386050 -0.986887
v -1.829698 -0.391991 -0.983928
v -1.793516 -0.380553 -0.983063
v -1.758665 -0.356830 -0.981156
v -1.866410 0.911592 -1.024868
v -1.828242 0.932830 -1.024398
v -1.787972 0.930543 -1.026167
v -1.751792 0.910920 -1.029735
v -1.949668 0.863164 -1.025712
v -1.906655 0.883952 -1.025205
v -1.717787 0.877349 -1.032601
v -2.025038 0.822183 -1.023682
v -1.989438 0.841179 -1.025398
v -1.678645 0.838562 -1.034889
v -2.045243 0.795960 -1.022329
v -1.632881 0.813358 -1.032361
v -1.597871 0.790212 -1.029716
v -2.061464 0.756345 -1.021888
v -1.578062 0.753879 -1.027405
v -2.078756 0.714404 -1.020786
v -1.545350 0.715911 -1.024637
v -2.098130 0.672285 -1.020792
v -1.508313 0.680713 -1.022367
v -1.474135 0.657282 -1.019944
v -2.118996 0.626981 -1.020303
v -1.446998 0.635634 -1.022677
v -2.155886 0.587282 -1.022678
v -1.428580 0.589339 -1.027899
v -2.196752 0.550757 -1.025905
v -1.396816 0.545912 -1.031169
v -2.233839 0.512956 -1.028710
v -1.355507 0.505346 -1.028141
v -2.260248 0.459627 -1.029118
v -1.314784 0.458909 -1.019705
v -2.310979 0.424637 -1.040821
v -1.273624 0.429192 -1.025547
v -2.384806 0.364677 -1.033080
v -2.353932 0.389330 -1.033451
v -1.257703 0.391499 -1.026601
v -2.404069 0.345542 -1.029863
v -1.251189 0.350445 -1.025541
v -2.400808 0.310282 -1.022934
v -1.239313 0.306870 -1.026678
v -2.397022 0.270175 -1.021158
v -1.222301 0.259644 -1.028952
v -2.394058 0.229223 -1.021488
v -1.193708 0.219181 -1.029031
v -2.397540 0.186699 -1.024932
v -1.179038 0.182328 -1.027992
v -2.401605 0.143688 -1.025733
v -1.183056 0.144174 -1.028117
v -2.408230 0.102082 -1.025847
v -1.188126 0.103081 -1.028015
v -2.407792 0.062415 -1.025183
v -1.178402 0.060856 -1.026515
v -2.401542 0.021484 -1.025136
v -1.166967 0.017844 -1.025218
v -2.395962 -0.020638 -1.025139
v -1.150838 -0.023719 -1.024622
v -2.395697 -0.063778 -1.025082
v -1.141509 -0.063985 -1.022497
v -2.407242 -0.107699 -1.024756
v -1.132492 -0.107558 -1.015540
v -2.422222 -0.150800 -1.024214
v -1.110041 -0.151016 -1.012967
v -2.441797 -0.188410 -1.024854
v -1.088629 -0.189511 -1.017735
v -2.457776 -0.226233 -1.024896
v -1.080805 -0.226485 -1.022607
v -2.456840 -0.265768 -1.023186
v -1.132487 -0.280372 -1.020374
v -1.097029 -0.260315 -1.021694
v -2.446653 -0.303512 -1.021959
v -2.364441 -0.322631 -1.022096
v -2.324385 -0.312009 -1.019989
v -2.282320 -0.309885 -1.019902
v -2.239773 -0.314368 -1.021015
v -2.195117 -0.318460 -1.021068
v -1.254391 -0.311654 -1.025713
v -1.214785 -0.299504 -1.022868
v -1.175523 -0.290687 -1.020500
v -2.406687 -0.327725 -1.014814
v -2.151588 -0.335295 -1.022352
v -2.111821 -0.355661 -1.022394
v -1.710376 -0.354474 -1.025702
v -1.665431 -0.343200 -1.025113
v -1.622766 -0.334917 -1.026100
v -1.580064 -0.341924 -1.027471
v -1.538640 -0.356992 -1.029064
v -1.379137 -0.356096 -1.025497
v -1.339430 -0.338684 -1.025718
v -1.297545 -0.324537 -1.027108
v -2.074543 -0.377386 -1.022415
v -2.033553 -0.372010 -1.019774
v -1.990708 -0.372539 -1.026091
v -1.948917 -0.377985 -1.022746
v -1.907973 -0.388843 -1.024845
v -1.798696 -0.375483 -1.026819
v -1.756912 -0.365300 -1.026161
v -1.498602 -0.366317 -1.030799
v -1.459970 -0.367499 -1.029985
v -1.420645 -0.367385 -1.026846
v -1.869317 -0.407813 -1.024123
v -1.834302 -0.396967 -1.025529
v -1.861950 0.905023 -1.065166
v -1.825621 0.927492 -1.066697
v -1.785788 0.935001 -1.068105
v -1.747456 0.922495 -1.070604
v -1.713653 0.896297 -1.076321
v -1.901321 0.873635 -1.063581
v -1.673371 0.862266 -1.090537
v -1.987293 0.823358 -1.062339
v -1.946500 0.849326 -1.064124
v -1.633214 0.828362 -1.087953
v -2.032442 0.803682 -1.058574
v -1.600465 0.799248 -1.083608
v -2.054322 0.758636 -1.063817
v -1.576305 0.757376 -1.071716
v -2.067996 0.715201 -1.063728
v -1.552016 0.710818 -1.070283
v -2.086856 0.673514 -1.063926
v -1.519441 0.663774 -1.069320
v -2.106913 0.626283 -1.061810
v -1.474269 0.626743 -1.062005
v -2.146052 0.584565 -1.062443
v -1.432560 0.585204 -1.073002
v -2.192746 0.548486 -1.065627
v -1.383899 0.554360 -1.080749
v -2.270827 0.483394 -1.071462
v -2.234071 0.513641 -1.068432
v -1.343482 0.510890 -1.070929
v -2.303185 0.450644 -1.075830
v -1.319690 0.465108 -1.067368
v -2.326948 0.421582 -1.073487
v -1.306559 0.421849 -1.066176
v -2.389718 0.380292 -1.067492
v -2.356339 0.400739 -1.068769
v -1.296335 0.380301 -1.065439
v -2.396882 0.348197 -1.065092
v -1.282188 0.336312 -1.065346
v -2.391356 0.312285 -1.061399
v -1.261269 0.292335 -1.067070
v -2.384396 0.272671 -1.060099
v -1.226295 0.254557 -1.068706
v -2.374860 0.231536 -1.059175
v -1.195708 0.216858 -1.069584
v -2.370589 0.187193 -1.061470
v -1.185181 0.180176 -1.071203
v -2.373454 0.142540 -1.062232
v -1.188617 0.144151 -1.072994
v -2.381566 0.099382 -1.061438
v -1.185110 0.103697 -1.070875
v -2.396173 0.060015 -1.064559
v -1.177105 0.061859 -1.068273
v -2.401069 0.020085 -1.066138
v -1.172378 0.019757 -1.066972
v -2.401634 -0.020877 -1.066634
v -1.170016 -0.022423 -1.065609
v -2.405831 -0.063619 -1.067337
v -1.169582 -0.063908 -1.062984
v -2.413869 -0.107732 -1.068139
v -1.166706 -0.108302 -1.056572
v -2.424825 -0.149963 -1.068103
v -1.145773 -0.153034 -1.053037
v -2.435683 -0.189411 -1.067553
v -1.119987 -0.192263 -1.055126
v -2.453800 -0.226265 -1.066640
v -1.107167 -0.227817 -1.056274
v -2.458873 -0.267004 -1.066262
v -1.133941 -0.269929 -1.060729
v -1.107052 -0.255015 -1.050341
v -2.443355 -0.304390 -1.065864
v -2.405057 -0.318731 -1.064380
v -2.364023 -0.311414 -1.064898
v -2.323530 -0.301738 -1.064875
v -2.282207 -0.303578 -1.065759
v -2.240033 -0.307579 -1.066243
v -2.194201 -0.311314 -1.066264
v -1.297123 -0.319213 -1.066089
v -1.255009 -0.305814 -1.064353
v -1.215983 -0.290056 -1.060826
v -1.177248 -0.277580 -1.058778
v -2.147801 -0.323023 -1.066118
v -2.110550 -0.346837 -1.064950
v -1.989184 -0.367478 -1.073837
v -1.711135 -0.358769 -1.069494
v -1.666257 -0.346855 -1.068620
v -1.621756 -0.343203 -1.069153
v -1.578662 -0.355575 -1.069834
v -1.383491 -0.343526 -1.062765
v -1.341573 -0.325143 -1.062413
v -2.073360 -0.370522 -1.062456
v -2.024493 -0.371038 -1.056521
v -1.953442 -0.370309 -1.059384
v -1.905234 -0.386566 -1.065375
v -1.795690 -0.385821 -1.069224
v -1.755780 -0.369791 -1.069970
v -1.536592 -0.368711 -1.070757
v -1.497464 -0.381506 -1.069259
v -1.460057 -0.381143 -1.066657
v -1.425682 -0.358880 -1.063902
v -1.866415 -0.407254 -1.067091
v -1.831346 -0.407844 -1.067630
v -1.857927 0.900007 -1.105617
v -1.825786 0.927797 -1.109495
v -1.786955 0.929843 -1.110241
v -1.748841 0.917813 -1.112011
v -1.710848 0.909691 -1.117078
v -1.669164 0.911534 -1.119258
v -1.625808 0.920330 -1.116094
v -1.586389 0.912573 -1.128141
v -1.898444 0.868055 -1.102896
v -1.631149 0.872804 -1.107467
v -1.586834 0.879147 -1.113292
v -1.542379 0.881322 -1.120949
v -1.940288 0.831869 -1.101160
v -1.598909 0.835228 -1.112790
v -1.554577 0.835016 -1.127722
v -2.027152 0.793145 -1.106016
v -1.984879 0.807799 -1.102464
v -1.586028 0.795573 -1.128170
v -2.046592 0.756604 -1.105498
v -1.582341 0.753084 -1.120447
v -2.059995 0.714601 -1.104398
v -1.552707 0.713867 -1.126880
v -2.078779 0.672686 -1.104002
v -1.515982 0.664790 -1.134789
v -2.099149 0.625536 -1.100933
v -1.470471 0.623193 -1.131304
v -2.135036 0.582009 -1.101177
v -1.429655 0.596803 -1.120004
v -1.380690 0.586774 -1.119603
v -2.183450 0.538833 -1.108853
v -1.371540 0.543721 -1.120536
v -2.275559 0.490407 -1.107478
v -2.231386 0.506862 -1.105144
v -1.355141 0.499833 -1.116894
v -2.312991 0.461418 -1.108733
v -1.333984 0.459413 -1.114618
v -2.342814 0.416342 -1.102419
v -1.318089 0.417997 -1.115891
v -2.375101 0.383780 -1.104195
v -1.297789 0.376835 -1.116516
v -2.386302 0.350313 -1.103728
v -1.272686 0.334640 -1.115022
v -2.375330 0.314274 -1.100104
v -1.245139 0.294056 -1.114908
v -2.362689 0.274425 -1.098856
v -1.211217 0.257974 -1.110047
v -2.354999 0.231315 -1.100181
v -1.189660 0.215099 -1.113678
v -2.349025 0.186263 -1.101751
v -1.157628 0.183371 -1.109309
v -2.352499 0.141481 -1.101923
v -1.158680 0.144860 -1.112071
v -2.364923 0.098826 -1.102264
v -1.171861 0.105524 -1.113094
v -2.382986 0.058604 -1.104666
v -1.172008 0.062882 -1.109286
v -2.398852 0.019334 -1.106731
v -1.179131 0.021018 -1.107840
v -2.407281 -0.021228 -1.108178
v -1.184093 -0.020455 -1.107140
v -2.416090 -0.064362 -1.109188
v -1.184710 -0.062207 -1.106209
v -2.423100 -0.108583 -1.110324
v -1.182109 -0.105742 -1.101268
v -2.435955 -0.147883 -1.109587
v -1.169315 -0.149651 -1.096198
v -2.448082 -0.186204 -1.108279
v -1.153457 -0.191024 -1.092573
v -2.455187 -0.225932 -1.107731
v -1.145580 -0.232903 -1.089470
v -2.456268 -0.266499 -1.107715
v -1.216362 -0.267889 -1.100269
v -1.178611 -0.253500 -1.095948
v -2.440431 -0.302075 -1.108139
v -2.404221 -0.316465 -1.107966
v -2.364220 -0.304871 -1.107279
v -2.323336 -0.296569 -1.107342
v -2.281991 -0.290646 -1.107271
v -2.239118 -0.296033 -1.108036
v -2.192867 -0.303997 -1.109354
v -1.342418 -0.313270 -1.101825
v -1.300390 -0.296060 -1.098975
v -1.258550 -0.283059 -1.098925
v -2.148488 -0.323673 -1.110586
v -2.110684 -0.342014 -1.108695
v -2.075848 -0.366835 -1.107608
v -2.032834 -0.365604 -1.105571
v -1.990486 -0.364500 -1.107265
v -1.666867 -0.356524 -1.112848
v -1.621556 -0.359234 -1.111646
v -1.422722 -0.357282 -1.104124
v -1.388232 -0.327497 -1.101264
v -1.946802 -0.368981 -1.105549
v -1.904609 -0.387906 -1.105986
v -1.793477 -0.393520 -1.110796
v -1.753612 -0.378967 -1.111847
v -1.711905 -0.364708 -1.113429
v -1.577612 -0.366369 -1.112494
v -1.537879 -0.382074 -1.110443
v -1.498170 -0.391051 -1.108116
v -1.459420 -0.379934 -1.106521
v -1.865141 -0.409520 -1.107245
v -1.829355 -0.412932 -1.108493
v -1.665208 0.945428 -1.149496
v -1.624654 0.944793 -1.149731
v -1.858853 0.894769 -1.142807
v -1.828282 0.928285 -1.149963
v -1.787821 0.938737 -1.150529
v -1.746804 0.937865 -1.149273
v -1.705912 0.938210 -1.150279
v -1.586280 0.927412 -1.152756
v -1.548190 0.910238 -1.144825
v -1.897570 0.858155 -1.138952
v -1.511658 0.872321 -1.149087
v -1.940464 0.821289 -1.139091
v -1.507244 0.838246 -1.142031
v -1.484175 0.836117 -1.156822
v -2.021357 0.780073 -1.143506
v -1.984170 0.795914 -1.141192
v -1.547983 0.799554 -1.140783
v -1.504097 0.800346 -1.150651
v -1.464452 0.791234 -1.158851
v -2.041018 0.755289 -1.144192
v -1.548296 0.758131 -1.139547
v -1.504415 0.759088 -1.154675
v -1.462625 0.756725 -1.156589
v -1.432336 0.746216 -1.162306
v -2.049994 0.713672 -1.143111
v -1.510892 0.712669 -1.154545
v -1.463709 0.715353 -1.159724
v -1.425021 0.712640 -1.159237
v -1.396086 0.702529 -1.162167
v -2.069619 0.672693 -1.143484
v -1.467952 0.667753 -1.156428
v -1.422501 0.671718 -1.158362
v -1.385283 0.672435 -1.151837
v -1.365662 0.670239 -1.159913
v -2.089703 0.627866 -1.141568
v -1.421916 0.633108 -1.137919
v -1.377729 0.636870 -1.136845
v -1.341459 0.641586 -1.151095
v -2.120872 0.584567 -1.142272
v -1.341612 0.596890 -1.151120
v -2.156635 0.544036 -1.144028
v -1.334785 0.552045 -1.150238
v -2.232614 0.496740 -1.143893
v -2.191711 0.517971 -1.144823
v -1.325394 0.507172 -1.151277
v -2.316906 0.462702 -1.147222
v -2.276794 0.483222 -1.145981
v -1.298884 0.470976 -1.150517
v -2.343072 0.426080 -1.145858
v -1.283844 0.427620 -1.153108
v -2.354438 0.385262 -1.142571
v -1.264029 0.385787 -1.152151
v -2.363136 0.350225 -1.143034
v -1.238513 0.344874 -1.151479
v -2.356297 0.314213 -1.141043
v -1.208664 0.308341 -1.149648
v -2.347967 0.274494 -1.140252
v -1.191847 0.263559 -1.149806
v -2.339069 0.231030 -1.140666
v -1.168002 0.223072 -1.149561
v -2.334775 0.185123 -1.142417
v -1.137704 0.186848 -1.149042
v -2.338757 0.141031 -1.142876
v -1.131427 0.145004 -1.149240
v -2.344948 0.097524 -1.141512
v -1.148301 0.104487 -1.149202
v -2.363419 0.055169 -1.142810
v -1.170328 0.065062 -1.147834
v -2.392294 0.017859 -1.146658
v -1.180305 0.021952 -1.147352
v -2.412521 -0.021365 -1.149055
v -1.199021 -0.017054 -1.143964
v -2.422290 -0.065197 -1.150811
v -1.197324 -0.059933 -1.143054
v -2.424316 -0.109731 -1.151829
v -1.219752 -0.101167 -1.160090
v -1.192706 -0.103418 -1.137679
v -2.438054 -0.148445 -1.150995
v -1.213954 -0.142763 -1.159775
v -1.185436 -0.145397 -1.134034
v -2.452710 -0.186773 -1.150193
v -1.216607 -0.181820 -1.149007
v -1.178612 -0.185809 -1.131221
v -2.463314 -0.225441 -1.149032
v -1.299937 -0.218909 -1.154105
v -1.263136 -0.215983 -1.140954
v -1.225896 -0.224866 -1.127427
v -1.179164 -0.222977 -1.119465
v -2.455518 -0.265370 -1.148841
v -1.343296 -0.261000 -1.153056
v -1.300687 -0.258579 -1.143304
v -1.268061 -0.255777 -1.127500
v -2.436725 -0.298240 -1.148890
v -2.402734 -0.310805 -1.149000
v -2.363420 -0.305833 -1.149004
v -2.322731 -0.297430 -1.149341
v -2.281691 -0.285492 -1.149927
v -2.239224 -0.295596 -1.149676
v -2.195329 -0.310958 -1.150193
v -1.347505 -0.303408 -1.144849
v -1.298033 -0.288135 -1.135406
v -2.150745 -0.326796 -1.150967
v -2.114397 -0.344433 -1.149704
v -2.075855 -0.346960 -1.145986
v -2.034893 -0.349206 -1.145654
v -1.991896 -0.348155 -1.144489
v -1.946448 -0.356330 -1.143311
v -1.423039 -0.354347 -1.143884
v -1.392124 -0.330980 -1.142086
v -1.903515 -0.379578 -1.143185
v -1.750624 -0.390735 -1.151833
v -1.708563 -0.380497 -1.152365
v -1.665821 -0.370538 -1.153254
v -1.622268 -0.373745 -1.151732
v -1.579808 -0.379769 -1.150854
v -1.538915 -0.384658 -1.149978
v -1.499503 -0.392585 -1.147798
v -1.459787 -0.380121 -1.146665
v -1.864137 -0.404484 -1.144726
v -1.827490 -0.418810 -1.147620
v -1.789763 -0.408494 -1.150084
v -1.661401 0.941920 -1.184884
v -1.624704 0.938892 -1.186170
v -1.821608 0.901615 -1.170936
v -1.785004 0.910149 -1.170058
v -1.745123 0.917265 -1.176356
v -1.697591 0.926897 -1.189066
v -1.584239 0.923314 -1.187929
v -1.541112 0.908939 -1.187495
v -1.856093 0.877165 -1.178395
v -1.822423 0.876760 -1.186937
v -1.785608 0.879798 -1.186439
v -1.744726 0.882388 -1.190376
v -1.700981 0.882509 -1.199129
v -1.510753 0.872773 -1.186733
v -1.891301 0.831779 -1.170668
v -1.859910 0.834991 -1.189642
v -1.787459 0.842172 -1.198791
v -1.744086 0.842989 -1.200424
v -1.508102 0.838727 -1.190356
v -1.486102 0.835237 -1.177780
v -1.987226 0.777372 -1.180437
v -1.936878 0.794164 -1.176481
v -1.901818 0.793014 -1.192094
v -1.583634 0.804934 -1.202421
v -1.543645 0.805460 -1.187319
v -1.502543 0.801064 -1.183665
v -1.464721 0.790978 -1.177373
v -2.030393 0.760252 -1.180391
v -1.747456 0.756474 -1.202087
v -1.624433 0.763390 -1.203472
v -1.583072 0.762975 -1.191112
v -1.541557 0.763279 -1.180788
v -1.500296 0.762364 -1.174833
v -1.463034 0.757036 -1.175003
v -1.431813 0.746452 -1.176314
v -2.042847 0.718040 -1.182022
v -1.792439 0.721737 -1.200170
v -1.746420 0.720383 -1.196017
v -1.703240 0.720886 -1.202777
v -1.664427 0.719713 -1.205835
v -1.625644 0.718814 -1.200022
v -1.584428 0.719954 -1.185015
v -1.541912 0.721229 -1.174435
v -1.499013 0.721422 -1.170837
v -1.458952 0.719818 -1.174160
v -1.423754 0.713785 -1.178220
v -1.395063 0.703376 -1.177021
v -2.060304 0.678339 -1.185926
v -1.790187 0.676072 -1.204254
v -1.744259 0.675228 -1.203995
v -1.587311 0.676333 -1.184553
v -1.543472 0.677786 -1.169693
v -1.498603 0.678226 -1.168315
v -1.456439 0.678260 -1.172385
v -1.417505 0.677147 -1.182284
v -1.383719 0.673767 -1.188505
v -1.366722 0.669109 -1.176733
v -2.077469 0.633655 -1.185656
v -1.588610 0.633291 -1.190073
v -1.543568 0.634709 -1.177193
v -1.498852 0.635302 -1.174142
v -1.455971 0.635298 -1.179024
v -1.414603 0.635670 -1.190539
v -1.375314 0.637429 -1.197718
v -1.340346 0.642331 -1.187664
v -2.106568 0.584156 -1.191366
v -1.870926 0.589167 -1.204249
v -1.543572 0.591183 -1.192311
v -1.499238 0.591152 -1.188493
v -1.455859 0.590694 -1.194035
v -1.339383 0.597865 -1.189212
v -2.150978 0.542502 -1.184178
v -1.872072 0.564132 -1.202932
v -1.334247 0.547732 -1.190017
v -2.234383 0.489078 -1.185603
v -2.193152 0.513132 -1.185133
v -1.341260 0.510506 -1.195650
v -1.318943 0.509254 -1.178995
v -2.309050 0.452098 -1.183527
v -2.278214 0.475303 -1.186825
v -1.820862 0.475636 -1.200571
v -1.787270 0.477416 -1.200482
v -1.742255 0.477352 -1.200180
v -1.339979 0.472715 -1.194270
v -1.300220 0.473207 -1.183782
v -2.331235 0.427518 -1.184661
v -1.790235 0.432006 -1.198619
v -1.743531 0.429881 -1.199291
v -1.338396 0.430881 -1.196356
v -1.293089 0.422988 -1.183080
v -2.338981 0.387966 -1.183436
v -1.789681 0.396879 -1.199496
v -1.580815 0.383387 -1.202842
v -1.300430 0.385892 -1.191342
v -1.264717 0.380821 -1.182806
v -2.346735 0.349571 -1.185130
v -1.581091 0.356920 -1.203047
v -1.459566 0.352261 -1.195759
v -1.417645 0.354147 -1.192378
v -1.376915 0.351949 -1.202743
v -1.259495 0.345848 -1.197256
v -1.234445 0.346885 -1.183079
v -2.346665 0.312176 -1.185327
v -1.460681 0.309874 -1.186111
v -1.417225 0.310005 -1.185109
v -1.375394 0.309685 -1.189625
v -1.334480 0.309830 -1.195991
v -1.293347 0.307701 -1.202143
v -1.214886 0.306045 -1.186057
v -2.335720 0.273816 -1.182183
v -1.503568 0.267212 -1.194031
v -1.460771 0.267899 -1.179536
v -1.416925 0.267582 -1.180403
v -1.374595 0.267508 -1.182885
v -1.333117 0.266656 -1.196226
v -1.290378 0.264908 -1.202973
v -1.192366 0.263789 -1.186925
v -2.319143 0.231377 -1.178050
v -1.503951 0.224432 -1.197863
v -1.459913 0.225117 -1.187612
v -1.416912 0.224169 -1.178839
v -1.375403 0.224667 -1.193895
v -1.331109 0.222235 -1.200468
v -1.171724 0.222211 -1.185218
v -2.317984 0.183904 -1.180334
v -1.460424 0.181717 -1.200255
v -1.416988 0.180013 -1.193180
v -1.373236 0.178628 -1.197429
v -1.146217 0.184380 -1.188084
v -2.321278 0.140017 -1.181163
v -1.133388 0.145379 -1.189687
v -2.333918 0.098613 -1.183093
v -1.150435 0.106540 -1.187810
v -2.356376 0.057056 -1.184161
v -1.174762 0.067618 -1.183214
v -2.377361 0.012236 -1.184380
v -1.623997 0.022207 -1.203119
v -1.196027 0.030147 -1.178548
v -2.404213 -0.026570 -1.187984
v -1.289063 -0.019993 -1.200633
v -1.255090 -0.017721 -1.199125
v -1.218929 -0.006872 -1.178956
v -2.427065 -0.065046 -1.191193
v -1.261096 -0.059740 -1.185990
v -1.227189 -0.056616 -1.162953
v -2.434774 -0.107141 -1.192133
v -1.257826 -0.101293 -1.182878
v -2.444324 -0.147540 -1.191689
v -1.301561 -0.136288 -1.184491
v -1.255257 -0.140763 -1.177859
v -2.460846 -0.186223 -1.190768
v -1.382740 -0.180097 -1.197684
v -1.342277 -0.176479 -1.180413
v -1.300473 -0.176328 -1.169710
v -1.259470 -0.176600 -1.157825
v -2.467246 -0.224700 -1.189716
v -1.386532 -0.220665 -1.183120
v -1.343276 -0.218648 -1.163173
v -2.455626 -0.265393 -1.189805
v -1.387910 -0.262150 -1.174050
v -2.429645 -0.294256 -1.187675
v -2.401165 -0.304907 -1.187657
v -2.363256 -0.301404 -1.188960
v -2.322780 -0.293898 -1.189525
v -2.281685 -0.295871 -1.190269
v -2.239748 -0.302317 -1.190094
v -2.196068 -0.311424 -1.189876
v -1.424466 -0.303076 -1.199265
v -1.388736 -0.303715 -1.178140
v -2.153733 -0.326950 -1.189869
v -2.115780 -0.332610 -1.187310
v -2.077000 -0.330110 -1.184008
v -2.035414 -0.328026 -1.180592
v -1.992145 -0.327280 -1.178750
v -1.945128 -0.335303 -1.178854
v -1.421631 -0.341690 -1.182961
v -1.900310 -0.358656 -1.178747
v -1.861494 -0.383974 -1.181362
v -1.747846 -0.399969 -1.189679
v -1.706956 -0.386135 -1.189591
v -1.664726 -0.381661 -1.189306
v -1.623116 -0.385620 -1.188396
v -1.581821 -0.390031 -1.187975
v -1.540804 -0.397799 -1.188401
v -1.500708 -0.395805 -1.186352
v -1.468995 -0.375848 -1.183816
v -1.826500 -0.410069 -1.186989
v -1.787331 -0.419859 -1.190020
v -1.660576 0.918266 -1.206401
v -1.626358 0.910463 -1.211173
v -1.661264 0.881775 -1.214998
v -1.625731 0.881984 -1.224218
v -1.590737 0.890735 -1.218121
v -1.543656 0.882593 -1.210279
v -1.826904 0.841430 -1.205866
v -1.700811 0.842598 -1.209649
v -1.661843 0.843197 -1.224256
v -1.624033 0.844968 -1.224926
v -1.584862 0.846377 -1.215403
v -1.542285 0.843612 -1.210352
v -1.865644 0.796850 -1.204101
v -1.830400 0.803147 -1.217826
v -1.790452 0.807362 -1.211999
v -1.745695 0.803592 -1.210886
v -1.701441 0.807042 -1.217715
v -1.662811 0.803977 -1.232336
v -1.625273 0.805836 -1.210652
v -1.987070 0.744587 -1.207869
v -1.947717 0.750952 -1.207227
v -1.909304 0.757600 -1.217713
v -1.870482 0.761348 -1.222735
v -1.833928 0.764393 -1.208563
v -1.785348 0.772218 -1.207400
v -1.709776 0.771544 -1.210198
v -1.663858 0.764839 -1.215085
v -2.019739 0.725304 -1.210245
v -1.987673 0.715773 -1.220277
v -1.952114 0.718436 -1.232423
v -1.911563 0.720396 -1.236311
v -1.874651 0.718946 -1.216666
v -1.836091 0.719834 -1.207549
v -2.027062 0.678123 -1.210660
v -1.989956 0.678369 -1.221826
v -1.952863 0.679994 -1.231363
v -1.912779 0.680499 -1.226892
v -1.872133 0.678245 -1.225714
v -1.833476 0.676774 -1.211260
v -1.701896 0.674478 -1.207103
v -1.665137 0.675320 -1.215911
v -1.627875 0.674908 -1.205398
v -2.035837 0.628021 -1.210252
v -1.993025 0.637512 -1.225506
v -1.954003 0.640478 -1.224644
v -1.915076 0.643836 -1.212753
v -1.871279 0.635643 -1.216789
v -1.828451 0.638075 -1.214249
v -1.786889 0.634345 -1.210592
v -1.743443 0.632422 -1.208721
v -1.702763 0.633254 -1.214725
v -1.666009 0.635007 -1.222133
v -1.629146 0.633736 -1.211044
v -2.060327 0.587639 -1.209399
v -2.029278 0.591603 -1.219934
v -1.994139 0.596547 -1.225968
v -1.956280 0.598987 -1.214795
v -1.909095 0.604682 -1.204024
v -1.833628 0.602658 -1.207799
v -1.786422 0.596879 -1.216202
v -1.745335 0.595877 -1.222764
v -1.705100 0.596240 -1.229670
v -1.665922 0.597168 -1.235328
v -1.628928 0.592432 -1.219447
v -1.588254 0.589981 -1.202435
v -1.412570 0.591138 -1.203403
v -1.370475 0.597654 -1.216001
v -2.151573 0.524575 -1.223145
v -2.110386 0.540485 -1.221632
v -2.069863 0.545984 -1.224796
v -2.033570 0.552933 -1.236671
v -1.996608 0.553221 -1.230375
v -1.957646 0.552025 -1.215678
v -1.910946 0.547635 -1.207364
v -1.836560 0.550368 -1.207040
v -1.787282 0.558366 -1.220508
v -1.745043 0.559505 -1.221824
v -1.705074 0.557597 -1.232861
v -1.665133 0.556714 -1.244427
v -1.624788 0.554727 -1.240157
v -1.585410 0.549955 -1.222082
v -1.541997 0.550451 -1.215251
v -1.499049 0.550145 -1.215148
v -1.456585 0.547867 -1.217599
v -1.414654 0.550446 -1.224910
v -1.370582 0.554248 -1.222581
v -2.193818 0.499481 -1.225476
v -1.957524 0.509846 -1.227496
v -1.918032 0.508648 -1.217593
v -1.883474 0.517012 -1.209319
v -1.828474 0.508043 -1.205058
v -1.786485 0.521240 -1.208190
v -1.742336 0.522853 -1.206103
v -1.701979 0.518202 -1.221433
v -1.662887 0.515770 -1.234712
v -1.623554 0.514209 -1.248761
v -1.581447 0.514637 -1.247391
v -1.539696 0.514179 -1.238727
v -1.498728 0.512612 -1.238955
v -1.376332 0.512751 -1.222207
v -2.281107 0.465958 -1.228629
v -2.237488 0.479434 -1.226872
v -1.957713 0.469306 -1.235515
v -1.914708 0.471030 -1.227529
v -1.871785 0.473361 -1.208956
v -1.698986 0.475696 -1.209220
v -1.661879 0.474316 -1.224449
v -1.623544 0.474333 -1.232556
v -1.581391 0.474065 -1.235260
v -1.538510 0.476519 -1.226314
v -1.497750 0.474260 -1.235915
v -1.380932 0.474121 -1.217176
v -2.303443 0.433245 -1.216307
v -1.917265 0.428547 -1.232517
v -1.878272 0.428427 -1.217811
v -1.839504 0.436870 -1.206486
v -1.699829 0.430771 -1.209191
v -1.663162 0.432920 -1.223547
v -1.625226 0.436439 -1.218801
v -1.581270 0.434159 -1.210731
v -1.536026 0.440591 -1.211032
v -1.497255 0.435625 -1.227000
v -1.457315 0.434999 -1.233291
v -1.418232 0.434191 -1.233221
v -1.379176 0.434044 -1.216058
v -2.308316 0.386420 -1.218707
v -1.876535 0.385699 -1.222121
v -1.826724 0.381980 -1.211540
v -1.751037 0.380184 -1.206710
v -1.704153 0.388573 -1.223862
v -1.664023 0.391825 -1.225582
v -1.618697 0.397990 -1.208052
v -1.543407 0.399894 -1.206088
v -1.497344 0.394962 -1.212569
v -1.457820 0.395224 -1.214482
v -1.418417 0.396542 -1.210748
v -1.378382 0.394385 -1.207816
v -1.337084 0.391002 -1.207160
v -2.323853 0.348157 -1.224729
v -1.872443 0.344888 -1.233030
v -1.831551 0.340836 -1.222517
v -1.788603 0.347199 -1.220576
v -1.744864 0.340182 -1.222907
v -1.705325 0.345231 -1.230741
v -1.666160 0.347017 -1.224070
v -1.619008 0.342815 -1.210589
v -1.545028 0.341238 -1.203072
v -1.498838 0.347506 -1.209220
v -1.336615 0.350876 -1.211294
v -1.297464 0.349630 -1.204651
v -2.327445 0.310689 -1.227059
v -2.078624 0.314249 -1.237374
v -2.035268 0.314115 -1.231571
v -1.993679 0.311943 -1.238819
v -1.952615 0.310508 -1.241177
v -1.910305 0.307912 -1.243534
v -1.667649 0.304353 -1.236312
v -1.626813 0.304117 -1.224148
v -1.583775 0.308111 -1.209787
v -1.540198 0.303467 -1.211959
v -1.499899 0.306206 -1.207736
v -1.245582 0.299888 -1.211380
v -2.315108 0.272750 -1.222749
v -2.122110 0.270225 -1.239929
v -2.078683 0.270182 -1.224200
v -2.035151 0.268651 -1.227313
v -1.993360 0.268614 -1.226863
v -1.951854 0.268157 -1.233265
v -1.908079 0.268089 -1.234363
v -1.628336 0.262708 -1.231634
v -1.585824 0.264259 -1.218873
v -1.543750 0.265829 -1.210347
v -1.251303 0.261663 -1.211093
v -1.216277 0.255613 -1.214253
v -2.300845 0.230419 -1.214342
v -2.121293 0.226387 -1.237277
v -2.077125 0.226472 -1.227511
v -2.034808 0.226363 -1.222571
v -1.993308 0.226506 -1.221904
v -1.952011 0.226639 -1.228113
v -1.909142 0.226755 -1.231850
v -1.864776 0.226693 -1.238330
v -1.584518 0.224731 -1.237155
v -1.543946 0.225114 -1.219650
v -1.287038 0.220742 -1.205100
v -1.249938 0.223070 -1.220751
v -1.216779 0.221106 -1.224577
v -1.193412 0.217879 -1.210167
v -2.300830 0.183392 -1.211735
v -2.274855 0.185756 -1.235906
v -2.121869 0.182799 -1.238832
v -2.077491 0.183161 -1.228635
v -2.034860 0.183649 -1.220391
v -1.993540 0.184958 -1.229276
v -1.952416 0.185920 -1.238714
v -1.909778 0.184391 -1.233678
v -1.866286 0.183831 -1.240999
v -1.541596 0.184627 -1.235742
v -1.504045 0.181522 -1.209484
v -1.330554 0.178106 -1.208046
v -1.287653 0.178801 -1.216980
v -1.250251 0.183657 -1.236373
v -1.213227 0.182829 -1.235877
v -1.175331 0.174520 -1.218191
v -2.304887 0.139538 -1.211275
v -2.278323 0.143335 -1.232265
v -2.239037 0.145507 -1.244014
v -2.078475 0.137116 -1.230650
v -2.034527 0.139430 -1.231237
v -1.993119 0.141784 -1.236939
v -1.952135 0.142955 -1.240686
v -1.910011 0.142538 -1.242232
v -1.624632 0.146786 -1.241208
v -1.582325 0.143880 -1.242050
v -1.540177 0.142653 -1.241544
v -1.502154 0.140254 -1.223363
v -1.459990 0.138144 -1.213952
v -1.416146 0.134905 -1.209284
v -1.372976 0.134624 -1.216344
v -1.332254 0.136779 -1.224446
v -1.289493 0.138784 -1.228339
v -1.182979 0.145046 -1.239128
v -1.153054 0.145663 -1.214610
v -2.318556 0.093558 -1.219586
v -2.282487 0.101791 -1.237555
v -2.240808 0.103301 -1.247053
v -1.952145 0.099687 -1.247822
v -1.909788 0.099809 -1.246213
v -1.710049 0.107075 -1.240147
v -1.667067 0.107086 -1.229637
v -1.624484 0.107496 -1.218905
v -1.581041 0.104953 -1.223211
v -1.539605 0.103197 -1.228982
v -1.499950 0.102026 -1.242359
v -1.458127 0.100243 -1.234921
v -1.415032 0.095357 -1.230779
v -1.293493 0.102727 -1.242745
v -1.174565 0.115139 -1.223443
v -2.341958 0.054557 -1.217133
v -2.319417 0.055704 -1.236812
v -2.279974 0.056892 -1.236944
v -2.238379 0.058549 -1.246248
v -1.712614 0.064322 -1.226822
v -1.668326 0.065475 -1.215942
v -1.624395 0.061326 -1.208575
v -1.579689 0.066377 -1.211803
v -1.538024 0.063724 -1.218179
v -1.498451 0.061841 -1.228402
v -1.457573 0.060890 -1.237586
v -1.297121 0.065310 -1.228784
v -1.254984 0.067866 -1.228330
v -1.218773 0.070384 -1.228237
v -1.192869 0.071433 -1.213060
v -2.358459 0.003713 -1.225974
v -1.710469 0.020508 -1.230848
v -1.657396 0.021078 -1.207802
v -1.590968 0.023401 -1.206042
v -1.537597 0.022255 -1.210743
v -1.497779 0.020975 -1.220858
v -1.457674 0.020451 -1.229497
v -1.417288 0.019628 -1.241842
v -1.378436 0.021956 -1.232500
v -1.340526 0.023148 -1.225544
v -1.302729 0.016663 -1.213593
v -1.255894 0.027117 -1.210816
v -1.217591 0.038057 -1.204101
v -2.397940 -0.033381 -1.226643
v -1.711536 -0.022441 -1.234408
v -1.667217 -0.022663 -1.219952
v -1.624357 -0.016882 -1.209785
v -1.579556 -0.022925 -1.207712
v -1.538109 -0.021336 -1.216685
v -1.498881 -0.020565 -1.224850
v -1.457915 -0.020381 -1.223359
v -1.417846 -0.020889 -1.237003
v -1.377672 -0.020783 -1.229870
v -1.337380 -0.020839 -1.212722
v -2.432118 -0.065742 -1.230264
v -1.711538 -0.065335 -1.239908
v -1.666679 -0.064059 -1.227296
v -1.624669 -0.064543 -1.215351
v -1.581113 -0.064915 -1.213686
v -1.539866 -0.062611 -1.222735
v -1.499333 -0.061828 -1.223123
v -1.458093 -0.061845 -1.223858
v -1.417091 -0.061954 -1.233805
v -1.377251 -0.062474 -1.231308
v -1.340796 -0.064031 -1.221537
v -1.306685 -0.057113 -1.204376
v -2.445027 -0.104793 -1.230767
v -1.667697 -0.107469 -1.238122
v -1.625845 -0.108488 -1.227251
v -1.583773 -0.107890 -1.223703
v -1.541375 -0.105426 -1.223900
v -1.499637 -0.104549 -1.221334
v -1.458503 -0.103654 -1.228877
v -1.416814 -0.102989 -1.237978
v -1.376313 -0.102403 -1.233834
v -1.337679 -0.102484 -1.224544
v -1.300560 -0.101598 -1.203966
v -2.451758 -0.145070 -1.230211
v -1.993129 -0.150706 -1.242697
v -1.542662 -0.149237 -1.237222
v -1.500697 -0.145834 -1.239494
v -1.460129 -0.145910 -1.235227
v -1.417479 -0.144192 -1.235431
v -1.380059 -0.139187 -1.214449
v -1.341401 -0.136716 -1.200942
v -2.466876 -0.183895 -1.229619
v -2.080240 -0.183072 -1.244045
v -2.036399 -0.182919 -1.235805
v -1.993162 -0.183833 -1.231892
v -1.949731 -0.183537 -1.240680
v -1.424173 -0.183814 -1.220861
v -2.457399 -0.221657 -1.225920
v -2.079391 -0.225765 -1.237571
v -2.035910 -0.225801 -1.228987
v -1.993156 -0.225531 -1.223817
v -1.950168 -0.225966 -1.229988
v -1.915704 -0.226587 -1.238581
v -1.427253 -0.223198 -1.213750
v -2.442757 -0.260648 -1.226757
v -2.077988 -0.265834 -1.238692
v -2.035129 -0.266030 -1.228473
v -1.993183 -0.266367 -1.225639
v -1.948445 -0.267688 -1.234501
v -1.466859 -0.264202 -1.232641
v -1.427307 -0.262990 -1.204575
v -2.408696 -0.292227 -1.223106
v -2.363323 -0.297924 -1.227047
v -2.322530 -0.297998 -1.227392
v -2.282086 -0.304631 -1.229057
v -2.240683 -0.308918 -1.229800
v -2.198501 -0.314943 -1.230270
v -2.156847 -0.324102 -1.230579
v -2.120671 -0.310777 -1.221032
v -2.083941 -0.302688 -1.224206
v -2.035720 -0.302001 -1.215061
v -1.992544 -0.301739 -1.213058
v -1.940014 -0.312880 -1.226469
v -1.464255 -0.304521 -1.227418
v -1.891060 -0.336872 -1.215484
v -1.859346 -0.360479 -1.217604
v -1.471422 -0.341517 -1.220644
v -1.822973 -0.386837 -1.222459
v -1.747699 -0.397414 -1.228379
v -1.707223 -0.385276 -1.226906
v -1.665768 -0.376943 -1.226456
v -1.623297 -0.376378 -1.226001
v -1.581865 -0.376969 -1.225440
v -1.540297 -0.380843 -1.226852
v -1.495814 -0.375165 -1.219181
v -1.787746 -0.412504 -1.231788
v -2.153386 0.491592 -1.259669
v -2.114574 0.500830 -1.254752
v -2.074906 0.506791 -1.255061
v -2.035896 0.513087 -1.260361
v -1.997609 0.511073 -1.244911
v -1.457470 0.511808 -1.248305
v -1.416306 0.512397 -1.246008
v -2.236674 0.458684 -1.259609
v -2.197752 0.480408 -1.268911
v -2.076208 0.472316 -1.283991
v -2.035152 0.473966 -1.277529
v -1.998558 0.470266 -1.254361
v -1.457657 0.472514 -1.251751
v -1.417422 0.472749 -1.247707
v -2.271363 0.434272 -1.254155
v -2.232889 0.426852 -1.273545
v -2.033701 0.434209 -1.281531
v -1.994975 0.431724 -1.268392
v -1.955001 0.430174 -1.254063
v -2.281080 0.381870 -1.262367
v -2.119739 0.395881 -1.277067
v -2.076673 0.398083 -1.266085
v -2.034120 0.394488 -1.270858
v -1.993488 0.392271 -1.270442
v -1.954716 0.389861 -1.262495
v -1.918918 0.386960 -1.239690
v -2.298962 0.345925 -1.254579
v -2.274250 0.346564 -1.272528
v -2.161492 0.354040 -1.277794
v -2.120956 0.356082 -1.263039
v -2.077711 0.357673 -1.251143
v -2.034702 0.355048 -1.254624
v -1.993898 0.355504 -1.251048
v -1.954608 0.351470 -1.255655
v -1.914580 0.348484 -1.249818
v -2.301900 0.311524 -1.255961
v -2.277591 0.311070 -1.273949
v -2.240545 0.308029 -1.289811
v -2.200459 0.308992 -1.283486
v -2.164190 0.312807 -1.262951
v -2.124017 0.315688 -1.244029
v -1.866805 0.305167 -1.248350
v -1.827749 0.303679 -1.251008
v -1.788394 0.299987 -1.245255
v -1.746505 0.299032 -1.246202
v -1.706628 0.303651 -1.249788
v -2.282506 0.277404 -1.257610
v -2.240842 0.267224 -1.278948
v -2.202065 0.267857 -1.268537
v -2.164895 0.269577 -1.252356
v -1.865039 0.266706 -1.247579
v -1.826522 0.265733 -1.261468
v -1.787331 0.264210 -1.266759
v -1.746496 0.263490 -1.271966
v -1.706957 0.265579 -1.272966
v -1.669682 0.262707 -1.249986
v -2.275829 0.229821 -1.247035
v -2.237811 0.228528 -1.261449
v -2.200714 0.227168 -1.261052
v -2.162939 0.226473 -1.253400
v -1.824482 0.226117 -1.255083
v -1.785089 0.225733 -1.271718
v -1.668890 0.223934 -1.265709
v -1.626021 0.223771 -1.251261
v -2.237055 0.187823 -1.248934
v -2.199656 0.186161 -1.258839
v -2.162499 0.184216 -1.253161
v -1.824394 0.184183 -1.255263
v -1.785923 0.185909 -1.276977
v -1.666941 0.187558 -1.269319
v -1.624328 0.185264 -1.259145
v -1.582257 0.185075 -1.252460
v -2.199096 0.144423 -1.253060
v -2.161618 0.141927 -1.256751
v -2.122000 0.138739 -1.245644
v -1.867981 0.142488 -1.252819
v -1.827024 0.143131 -1.265991
v -1.787230 0.144343 -1.280866
v -1.747989 0.147135 -1.275523
v -1.709373 0.150318 -1.259618
v -1.667560 0.150017 -1.247799
v -1.251249 0.144051 -1.249691
v -1.212409 0.145121 -1.251544
v -2.198252 0.102578 -1.253143
v -2.159389 0.100824 -1.262399
v -2.119696 0.096590 -1.255539
v -2.076597 0.094298 -1.248415
v -2.033991 0.096736 -1.251191
v -1.993103 0.099730 -1.254261
v -1.867644 0.100797 -1.256541
v -1.828587 0.102385 -1.275276
v -1.787732 0.103193 -1.283249
v -1.749316 0.104680 -1.262903
v -1.374090 0.096832 -1.242260
v -1.334831 0.099989 -1.248083
v -1.252710 0.105733 -1.247177
v -1.214145 0.107763 -1.244862
v -2.195796 0.058637 -1.256129
v -2.156084 0.058180 -1.269341
v -2.116866 0.055312 -1.269682
v -2.075869 0.053672 -1.267288
v -2.034849 0.056013 -1.268381
v -1.994111 0.057416 -1.262740
v -1.952945 0.056098 -1.251476
v -1.910029 0.056670 -1.253640
v -1.868226 0.057756 -1.263373
v -1.828613 0.059473 -1.280098
v -1.788189 0.060875 -1.284363
v -1.751630 0.062356 -1.257359
v -1.416797 0.059799 -1.254210
v -1.375945 0.059713 -1.251050
v -1.337327 0.061828 -1.244732
v -2.320431 0.012644 -1.245906
v -2.277956 0.011023 -1.246807
v -2.235498 0.012403 -1.254863
v -2.192017 0.012123 -1.265433
v -1.996803 0.015979 -1.273392
v -1.953501 0.015234 -1.264348
v -1.909729 0.014850 -1.267035
v -1.867965 0.014202 -1.274780
v -1.793210 0.017496 -1.279358
v -1.757326 0.019611 -1.250687
v -2.399300 -0.048238 -1.265837
v -2.361879 -0.029049 -1.267475
v -2.321467 -0.025558 -1.266033
v -2.279206 -0.028950 -1.267597
v -2.235819 -0.029017 -1.274900
v -1.953148 -0.022320 -1.284539
v -1.761492 -0.024389 -1.249654
v -2.430169 -0.076106 -1.265667
v -2.321373 -0.056859 -1.282558
v -1.995463 -0.060064 -1.283140
v -1.951133 -0.059836 -1.279652
v -1.757665 -0.066352 -1.260677
v -2.444250 -0.105977 -1.266709
v -2.080823 -0.095503 -1.273562
v -2.039066 -0.093515 -1.263889
v -1.993860 -0.101887 -1.260341
v -1.948493 -0.096742 -1.263095
v -1.905883 -0.097968 -1.272243
v -1.752100 -0.106539 -1.277848
v -1.712621 -0.109297 -1.249878
v -2.448772 -0.143194 -1.268026
v -2.125916 -0.138268 -1.268510
v -2.080838 -0.137995 -1.254925
v -2.030895 -0.133728 -1.248213
v -1.954852 -0.133325 -1.245678
v -1.905892 -0.140138 -1.261048
v -1.864766 -0.141255 -1.279174
v -1.711864 -0.150980 -1.269528
v -1.666597 -0.147772 -1.262224
v -1.625754 -0.149949 -1.251204
v -1.585394 -0.150993 -1.242595
v -2.444857 -0.181186 -1.264439
v -2.125541 -0.181920 -1.258229
v -1.902056 -0.191764 -1.254465
v -1.861979 -0.183984 -1.270404
v -1.665121 -0.186855 -1.280051
v -1.623686 -0.187729 -1.270571
v -1.583617 -0.189472 -1.260659
v -1.541998 -0.188742 -1.258410
v -1.501451 -0.188281 -1.255388
v -1.461936 -0.186439 -1.247479
v -2.435184 -0.218157 -1.259619
v -2.164116 -0.223070 -1.274616
v -2.123379 -0.224763 -1.254385
v -1.863499 -0.227945 -1.257395
v -1.668334 -0.226868 -1.274375
v -1.624241 -0.227167 -1.266343
v -1.582405 -0.227687 -1.262901
v -1.540786 -0.227417 -1.272343
v -1.498967 -0.226920 -1.272016
v -1.465451 -0.225362 -1.244046
v -2.427512 -0.250381 -1.253788
v -2.396052 -0.268168 -1.268176
v -2.361010 -0.265615 -1.283687
v -2.322662 -0.265875 -1.285688
v -2.281962 -0.265684 -1.288108
v -2.240667 -0.264064 -1.286306
v -2.199393 -0.265295 -1.285805
v -2.159812 -0.265227 -1.273564
v -2.118732 -0.265473 -1.260057
v -1.897859 -0.261217 -1.248087
v -1.860211 -0.268367 -1.269194
v -1.667286 -0.266328 -1.278864
v -1.623762 -0.266377 -1.265874
v -1.582009 -0.266388 -1.259066
v -1.540475 -0.267208 -1.268448
v -1.498538 -0.267770 -1.267182
v -2.361317 -0.288456 -1.261800
v -2.322792 -0.293103 -1.262293
v -2.282165 -0.297148 -1.265449
v -2.240798 -0.300096 -1.267505
v -2.199085 -0.302280 -1.267328
v -2.157654 -0.303134 -1.263541
v -2.120306 -0.297247 -1.248696
v -1.893682 -0.302832 -1.252222
v -1.859874 -0.302182 -1.268996
v -1.668684 -0.304821 -1.274481
v -1.623770 -0.305051 -1.264910
v -1.581889 -0.304950 -1.261682
v -1.541076 -0.305908 -1.263609
v -1.499811 -0.307209 -1.259110
v -1.859704 -0.334645 -1.250300
v -1.820399 -0.339780 -1.275790
v -1.674955 -0.346703 -1.261386
v -1.624202 -0.344201 -1.254583
v -1.581823 -0.343973 -1.253279
v -1.541143 -0.344994 -1.253142
v -1.501243 -0.346033 -1.249411
v -1.820804 -0.365661 -1.255176
v -1.787604 -0.387208 -1.270366
v -1.748893 -0.379097 -1.267435
v -1.711754 -0.366986 -1.261894
v -2.153386 0.457112 -1.289517
v -2.117216 0.463933 -1.281997
v -2.189466 0.436601 -1.292618
v -2.155069 0.429027 -1.303730
v -2.117651 0.431598 -1.294208
v -2.075279 0.434862 -1.288069
v -2.236582 0.388624 -1.286890
v -2.196513 0.391767 -1.295660
v -2.160034 0.394670 -1.286234
v -2.237898 0.349380 -1.290771
v -2.198828 0.351316 -1.291807
v -1.746398 0.227085 -1.291896
v -1.707140 0.226854 -1.289522
v -1.746602 0.187078 -1.294155
v -1.708350 0.189522 -1.282769
v -2.152779 0.013798 -1.284756
v -2.115089 0.015345 -1.295277
v -2.075783 0.016635 -1.297180
v -2.035866 0.017574 -1.291726
v -1.829928 0.016608 -1.290601
v -2.192064 -0.029892 -1.284010
v -2.153328 -0.026117 -1.302739
v -2.116108 -0.021356 -1.317185
v -2.075892 -0.020351 -1.314880
v -2.036048 -0.020622 -1.305452
v -1.996553 -0.021689 -1.289888
v -1.910108 -0.022640 -1.290709
v -1.869384 -0.023101 -1.300411
v -1.830645 -0.023486 -1.305287
v -1.795046 -0.024459 -1.286699
v -2.397660 -0.078699 -1.293876
v -2.355333 -0.073040 -1.292045
v -2.286478 -0.073494 -1.289020
v -2.237836 -0.069909 -1.293790
v -2.195471 -0.068019 -1.302506
v -2.157612 -0.062374 -1.319378
v -2.119387 -0.058142 -1.306585
v -2.078901 -0.055857 -1.294967
v -2.037602 -0.057521 -1.289951
v -1.908436 -0.060446 -1.290608
v -1.868949 -0.061379 -1.308442
v -1.829534 -0.062330 -1.318727
v -1.794787 -0.064838 -1.293237
v -2.426324 -0.101824 -1.292248
v -2.399634 -0.107867 -1.307667
v -2.363332 -0.108095 -1.305791
v -2.321912 -0.104234 -1.296804
v -2.280597 -0.107500 -1.306150
v -2.240148 -0.105703 -1.311978
v -2.199727 -0.103983 -1.320531
v -2.161133 -0.100862 -1.309347
v -2.124270 -0.095667 -1.284858
v -1.866516 -0.100286 -1.293158
v -1.828191 -0.102875 -1.311926
v -1.790304 -0.104347 -1.301904
v -2.429474 -0.142505 -1.296423
v -2.401020 -0.143570 -1.312124
v -2.363155 -0.144562 -1.312520
v -2.322488 -0.144783 -1.306484
v -2.281372 -0.144853 -1.304677
v -2.240836 -0.144188 -1.306610
v -2.201054 -0.143943 -1.311783
v -2.162339 -0.142130 -1.299116
v -1.824838 -0.142487 -1.298110
v -1.787431 -0.144356 -1.307388
v -1.751414 -0.148237 -1.290236
v -2.422170 -0.178214 -1.292530
v -2.397028 -0.178961 -1.303306
v -2.361698 -0.183262 -1.305335
v -2.322339 -0.184194 -1.300268
v -2.281777 -0.183442 -1.298970
v -2.241319 -0.182064 -1.297892
v -2.201476 -0.183718 -1.305592
v -2.163962 -0.182671 -1.286942
v -1.820184 -0.184355 -1.288757
v -1.784679 -0.184852 -1.310287
v -1.746449 -0.184266 -1.316468
v -1.706721 -0.185851 -1.298000
v -2.402246 -0.213912 -1.288082
v -2.361262 -0.223461 -1.295070
v -2.322151 -0.225199 -1.297066
v -2.281984 -0.222875 -1.292775
v -2.241364 -0.221089 -1.292527
v -2.201281 -0.222289 -1.292720
v -1.816229 -0.228738 -1.282023
v -1.782340 -0.227729 -1.307678
v -1.746783 -0.226610 -1.318204
v -1.709776 -0.226531 -1.297286
v -1.819650 -0.268580 -1.290201
v -1.784822 -0.268020 -1.313106
v -1.748697 -0.267208 -1.313928
v -1.712792 -0.266109 -1.291896
v -1.820676 -0.304860 -1.287804
v -1.785886 -0.307881 -1.311481
v -1.747589 -0.308103 -1.318365
v -1.710958 -0.304827 -1.296061
v -1.786796 -0.349151 -1.297263
v -1.748868 -0.347311 -1.299959
v -1.713553 -0.340186 -1.283965
vn -0.1054 0.5460 0.8311
vn 0.3656 0.5991 0.7124
vn -0.1391 0.6788 0.7210
vn -0.0489 0.6481 0.7600
vn -0.0506 0.6405 0.7663
vn -0.0310 0.5660 0.8238
vn -0.1118 0.3811 0.9178
vn -0.1415 0.2208 0.9650
vn 0.2450 0.2661 0.9323
vn 0.6136 0.4007 0.6804
vn -0.5740 0.4727 0.6687
vn -0.2829 0.6248 0.7277
vn -0.0797 0.6355 0.7679
vn 0.0141 0.4704 0.8824
vn 0.0660 0.2441 0.9675
vn 0.0791 0.0729 0.9942
vn 0.0990 -0.0213 0.9949
vn 0.0635 -0.0939 0.9936
vn -0.0681 -0.1840 0.9806
vn 0.1352 -0.1687 0.9763
vn 0.5362 0.0154 0.8439
vn -0.6568 0.0222 0.7538
vn -0.3547 0.0831 0.9313
vn -0.0048 0.0840 0.9965
vn 0.2181 -0.0198 0.9757
vn 0.2665 -0.2093 0.9408
vn 0.2045 -0.3627 0.9092
vn 0.1249 -0.4078 0.9045
vn 0.0601 -0.3674 0.9281
vn 0.1332 -0.3335 0.9333
vn -0.6303 -0.1150 0.7678
vn -0.2936 -0.2557 0.9211
vn 0.0754 -0.3759 0.9236
vn 0.2780 -0.4222 0.8628
vn 0.3365 -0.4243 0.8407
vn -0.5607 -0.1873 0.8065
vn -0.1338 -0.3641 0.9217
vn 0.1937 -0.4851 0.8528
vn 0.2591 -0.5130 0.8183
vn 0.0110 -0.4201 0.9074
vn -0.3715 0.5542 0.7449
vn -0.0005 0.6120 0.7909
vn 0.5569 0.5790 0.5956
vn -0.1067 0.7458 0.6576
vn -0.2063 0.6692 0.7139
vn -0.3009 0.5465 0.7815
vn 0.6439 0.5942 0.4820
vn -0.2396 0.8863 0.3964
vn -0.2753 0.8076 0.5215
vn -0.2640 0.7627 0.5904
vn -0.0597 0.7709 0.6342
vn 0.6552 0.5404 0.5279
vn -0.7354 0.4651 0.4928
vn -0.3942 0.8470 0.3566
vn 0.6086 0.2549 0.7515
vn -0.8061 0.0436 0.5902
vn -0.0514 -0.3152 0.9476
vn 0.4577 -0.3309 0.8252
vn 0.4767 -0.2526 0.8420
vn -0.7707 -0.0273 0.6367
vn 0.2377 -0.4283 0.8718
vn 0.1128 -0.4298 0.8958
vn 0.0391 -0.4455 0.8944
vn -0.0656 -0.4631 0.8839
vn 0.1843 -0.4863 0.8541
vn 0.4536 -0.4974 0.7395
vn -0.7184 -0.0460 0.6941
vn 0.3079 -0.4762 0.8237
vn 0.2258 -0.4687 0.8540
vn 0.1523 -0.5070 0.8484
vn 0.0619 -0.5526 0.8311
vn -0.0736 -0.5543 0.8291
vn 0.1871 -0.5386 0.8215
vn -0.6279 -0.0637 0.7757
vn -0.4575 -0.2464 0.8544
vn 0.2819 -0.4879 0.8261
vn 0.2757 -0.5340 0.7993
vn 0.2749 -0.5635 0.7790
vn -0.2892 -0.2706 0.9182
vn 0.1377 -0.4546 0.8800
vn 0.3359 -0.5257 0.7815
vn -0.1281 -0.4593 0.8790
vn 0.2607 -0.5181 0.8146
vn -0.2563 0.5899 0.7657
vn 0.1478 0.7056 0.6931
vn 0.6520 0.5714 0.4983
vn -0.1686 0.5876 0.7914
vn -0.2706 0.5537 0.7875
vn 0.7252 0.5460 0.4196
vn -0.4181 0.7846 0.4578
vn -0.3632 0.7532 0.5484
vn -0.1155 0.7411 0.6614
vn 0.6282 0.6278 0.4597
vn -0.3753 0.8552 0.3574
vn -0.2907 0.8616 0.4161
vn 0.5459 0.6297 0.5527
vn -0.7360 0.5804 0.3484
vn 0.4552 0.4797 0.7501
vn 0.3632 0.4988 0.7870
vn -0.8935 0.1530 0.4221
vn 0.3762 -0.1333 0.9169
vn 0.3476 -0.0321 0.9371
vn 0.5994 0.0461 0.7991
vn -0.8565 0.0667 0.5119
vn 0.3529 -0.5321 0.7696
vn 0.1999 -0.4895 0.8488
vn -0.8098 0.0783 0.5814
vn 0.4701 -0.4690 0.7477
vn 0.3434 -0.4626 0.8173
vn -0.8116 0.0267 0.5836
vn 0.2105 -0.5790 0.7877
vn 0.1793 -0.5787 0.7956
vn 0.0437 -0.5626 0.8256
vn -0.0928 -0.5369 0.8385
vn 0.1549 -0.5079 0.8474
vn 0.4376 -0.4201 0.7950
vn -0.8633 -0.1607 0.4784
vn -0.5990 -0.1474 0.7871
vn 0.3189 -0.5706 0.7568
vn 0.2654 -0.5821 0.7686
vn 0.2227 -0.5879 0.7776
vn -0.6241 -0.4409 0.6450
vn 0.3736 -0.5411 0.7534
vn 0.3255 -0.5431 0.7740
vn -0.5804 -0.6516 0.4885
vn -0.1278 -0.7162 0.6861
vn 0.2788 -0.6674 0.6906
vn 0.2714 0.5909 0.7597
vn -0.2920 0.5203 0.8025
vn -0.1713 0.5231 0.8348
vn -0.0886 0.5699 0.8169
vn 0.3544 0.5978 0.7191
vn -0.3964 0.4995 0.7703
vn -0.2580 0.4947 0.8299
vn -0.2110 0.5014 0.8391
vn 0.6748 0.5370 0.5061
vn -0.4563 0.6456 0.6124
vn -0.2932 0.6032 0.7418
vn 0.6284 0.5739 0.5251
vn -0.3259 0.7412 0.5868
vn -0.4288 0.6861 0.5877
vn 0.5229 0.6490 0.5526
vn -0.6389 0.6388 0.4287
vn -0.3648 0.7615 0.5357
vn 0.3769 0.6879 0.6203
vn 0.2778 0.6511 0.7063
vn 0.4456 0.5389 0.7149
vn -0.9230 0.3512 0.1576
vn 0.6638 0.2824 0.6926
vn -0.9760 0.2023 0.0808
vn 0.9141 -0.0413 0.4033
vn -0.9734 0.1878 0.1311
vn 0.2200 -0.4009 0.8893
vn 0.7417 -0.2203 0.6336
vn -0.9751 0.1529 0.1608
vn 0.1468 -0.4634 0.8739
vn 0.1972 -0.4726 0.8589
vn 0.6723 -0.4021 0.6216
vn -0.9846 0.0744 0.1582
vn 0.3533 -0.4331 0.8292
vn 0.1703 -0.5072 0.8448
vn 0.2664 -0.5833 0.7673
vn -0.9723 -0.1291 0.1950
vn 0.1481 -0.5861 0.7966
vn -0.0135 -0.5577 0.8299
vn -0.1043 -0.5327 0.8399
vn 0.1327 -0.5286 0.8384
vn 0.3952 -0.4868 0.7790
vn 0.3626 -0.4869 0.7946
vn -0.8402 -0.4423 0.3138
vn 0.2790 -0.5597 0.7803
vn 0.2722 -0.6068 0.7468
vn 0.1461 -0.6567 0.7399
vn -0.0293 -0.6931 0.7202
vn -0.1168 -0.7087 0.6957
vn 0.0792 -0.7133 0.6964
vn -0.6951 -0.6732 0.2523
vn 0.4004 -0.6731 0.6218
vn 0.3343 -0.7500 0.5707
vn 0.2443 -0.8288 0.5035
vn -0.3146 -0.8753 0.3674
vn 0.1567 -0.8977 0.4119
vn -0.2805 0.6664 0.6908
vn -0.2911 0.6801 0.6728
vn -0.1682 0.7263 0.6665
vn 0.0039 0.7378 0.6750
vn 0.0114 0.7819 0.6233
vn 0.3994 0.5108 0.7613
vn -0.4096 0.4259 0.8068
vn -0.3680 0.4870 0.7921
vn 0.6409 0.3604 0.6778
vn -0.4696 0.4559 0.7560
vn 0.5579 0.4747 0.6807
vn -0.3451 0.6410 0.6856
vn -0.4304 0.5658 0.7033
vn 0.4805 0.5218 0.7049
vn -0.6291 0.6347 0.4487
vn -0.4064 0.6659 0.6256
vn 0.3210 0.6562 0.6830
vn 0.1996 0.6606 0.7237
vn 0.3232 0.5986 0.7330
vn -0.9055 0.3726 0.2032
vn 0.6636 0.3403 0.6662
vn -0.9917 0.1274 -0.0193
vn 0.8298 0.0415 0.5565
vn -0.9752 0.1451 -0.1674
vn 0.8935 -0.1604 0.4193
vn -0.9520 0.2241 -0.2086
vn 0.9312 -0.1515 0.3316
vn -0.9628 0.2066 -0.1739
vn 0.9303 -0.2036 0.3051
vn -0.9836 0.1734 -0.0503
vn 0.7037 -0.5050 0.4997
vn -0.9920 -0.0219 0.1246
vn 0.2465 -0.5429 0.8028
vn 0.3984 -0.6311 0.6655
vn -0.8608 -0.4441 0.2486
vn 0.1829 -0.8965 0.4036
vn -0.0023 -0.9104 0.4137
vn -0.1372 -0.9050 0.4028
vn -0.0425 -0.8986 0.4368
vn 0.2377 -0.7213 0.6506
vn 0.2845 -0.5941 0.7524
vn 0.3344 -0.5631 0.7557
vn -0.6898 -0.6818 0.2436
vn 0.3490 -0.9118 0.2163
vn 0.1936 -0.9700 0.1468
vn 0.2604 -0.8949 0.3625
vn -0.4223 -0.8673 0.2635
vn 0.1129 -0.9659 0.2331
vn 0.3976 -0.8702 0.2909
vn -0.1675 0.8608 0.4806
vn -0.1108 0.8230 0.5571
vn -0.1169 0.7501 0.6509
vn 0.1167 0.5854 0.8023
vn -0.3608 0.6719 0.6469
vn -0.2836 0.7196 0.6338
vn -0.1999 0.8487 0.4895
vn -0.2225 0.8558 0.4669
vn 0.4685 0.2523 0.8467
vn -0.5223 0.3628 0.7717
vn -0.4600 0.3768 0.8040
vn 0.5321 0.2981 0.7925
vn 0.4255 0.2734 0.8627
vn -0.4714 0.4659 0.7488
vn -0.4606 0.3778 0.8032
vn 0.4173 0.4616 0.7828
vn 0.2904 0.4681 0.8346
vn -0.6258 0.5806 0.5208
vn 0.2817 0.5462 0.7888
vn 0.1612 0.5602 0.8126
vn 0.2589 0.4834 0.8362
vn -0.8503 0.5009 0.1615
vn 0.4077 0.4329 0.8040
vn 0.5346 0.1156 0.8372
vn -0.9647 0.2375 -0.1135
vn 0.7583 0.0473 0.6501
vn -0.9852 -0.0045 -0.1715
vn 0.8592 -0.0956 0.5026
vn -0.9752 0.0720 -0.2095
vn 0.8663 -0.2389 0.4387
vn -0.9482 0.2126 -0.2362
vn 0.8931 -0.1997 0.4030
vn -0.9374 0.2859 -0.1989
vn 0.9007 -0.2183 0.3756
vn -0.9469 0.3037 -0.1055
vn 0.8342 -0.4481 0.3214
vn -0.9848 0.1651 0.0532
vn 0.6638 -0.6514 0.3676
vn -0.9177 -0.2900 0.2715
vn 0.1542 -0.9863 0.0593
vn -0.0135 -0.9923 0.1228
vn -0.1856 -0.9657 0.1817
vn 0.5763 -0.6929 0.4334
vn -0.6723 -0.6353 0.3800
vn 0.3986 -0.9095 0.1178
vn 0.2598 -0.9643 0.0514
vn 0.2253 -0.9742 0.0146
vn -0.1312 -0.9529 0.2735
vn 0.0019 -0.9119 0.4105
vn 0.1946 -0.8481 0.4928
vn 0.5092 -0.7369 0.4447
vn -0.5813 -0.7218 0.3755
vn -0.2790 -0.8917 0.3564
vn 0.2177 -0.9293 0.2982
vn 0.4693 -0.8650 0.1777
vn -0.1994 0.5969 0.7771
vn 0.4037 0.6584 0.6353
vn -0.1791 0.7111 0.6799
vn -0.2370 0.6672 0.7061
vn -0.1698 0.5749 0.8004
vn 0.2867 0.4889 0.8239
vn 0.5410 0.6005 0.5888
vn -0.2502 0.8304 0.4978
vn -0.2077 0.8115 0.5462
vn -0.1986 0.7921 0.5772
vn -0.2272 0.7472 0.6246
vn 0.3323 0.3810 0.8628
vn 0.3566 0.4165 0.8363
vn 0.4380 0.5322 0.7245
vn -0.4103 0.6783 0.6096
vn -0.2470 0.8563 0.4535
vn 0.3618 0.1494 0.9202
vn 0.3593 0.1777 0.9162
vn 0.3997 0.4073 0.8212
vn -0.8105 0.3088 0.4978
vn 0.2935 0.2476 0.9233
vn 0.1954 0.3000 0.9337
vn 0.1968 0.4135 0.8890
vn 0.3055 0.4673 0.8296
vn -0.8280 0.3862 0.4066
vn 0.1317 0.4514 0.8826
vn 0.1719 0.4057 0.8977
vn 0.2509 0.4044 0.8795
vn 0.5348 0.4682 0.7034
vn -0.9114 0.3861 0.1424
vn 0.2173 0.4289 0.8768
vn 0.4480 0.3785 0.8100
vn 0.7754 0.2964 0.5575
vn -0.9442 0.3105 -0.1098
vn 0.7595 -0.1144 0.6404
vn -0.9623 0.2373 -0.1326
vn 0.7771 -0.1916 0.5996
vn -0.9959 -0.0093 -0.0902
vn 0.8191 -0.1466 0.5546
vn -0.9949 0.0273 -0.0969
vn 0.8148 -0.2660 0.5152
vn -0.9700 0.2216 -0.0996
vn 0.8383 -0.2184 0.4996
vn -0.9387 0.3370 -0.0733
vn 0.8416 -0.2051 0.4996
vn -0.9250 0.3790 -0.0279
vn 0.7587 -0.5028 0.4142
vn -0.9341 0.3477 0.0806
vn 0.6712 -0.6962 0.2546
vn -0.9586 -0.0654 0.2770
vn 0.1009 -0.9813 0.1636
vn -0.0253 -0.9853 0.1691
vn -0.2161 -0.9646 0.1510
vn 0.6423 -0.7523 0.1469
vn -0.7537 -0.5523 0.3563
vn 0.4293 -0.8892 0.1579
vn 0.3003 -0.9415 0.1528
vn 0.2239 -0.9625 0.1533
vn -0.2083 -0.9642 0.1643
vn -0.1190 -0.9739 0.1933
vn 0.1930 -0.9661 0.1717
vn 0.5891 -0.8008 0.1083
vn -0.5882 -0.7333 0.3411
vn -0.4833 -0.8347 0.2641
vn 0.5370 -0.8206 0.1958
vn -0.2469 -0.9396 0.2369
vn 0.2651 -0.9335 0.2416
vn -0.2825 0.4490 0.8477
vn 0.0097 0.5799 0.8146
vn 0.5219 0.6295 0.5756
vn -0.2375 0.5795 0.7796
vn -0.2960 0.5382 0.7891
vn 0.7416 0.5796 0.3377
vn -0.2625 0.6693 0.6951
vn -0.2246 0.6442 0.7311
vn 0.6225 0.6888 0.3715
vn 0.4713 0.7816 0.4086
vn -0.2944 0.8013 0.5208
vn -0.3023 0.7614 0.5735
vn -0.2177 0.7695 0.6003
vn 0.5168 0.7343 0.4402
vn -0.7716 0.4891 0.4066
vn -0.3424 0.8262 0.4473
vn 0.3463 0.6348 0.6907
vn 0.2954 0.7128 0.6362
vn 0.4965 0.6001 0.6272
vn -0.9957 0.0691 0.0619
vn 0.6198 0.4036 0.6730
vn -0.9795 0.1985 -0.0327
vn 0.7929 0.4308 0.4311
vn -0.9742 0.2009 -0.1027
vn 0.8295 0.3334 0.4481
vn -0.9554 0.2756 -0.1062
vn 0.7882 -0.0132 0.6153
vn -0.9453 0.3243 -0.0341
vn 0.7026 -0.2232 0.6757
vn -0.9963 0.0488 0.0701
vn 0.7023 -0.1565 0.6945
vn -0.9935 0.0044 0.1138
vn 0.6895 -0.2472 0.6808
vn -0.9693 0.2253 0.0980
vn 0.7193 -0.2159 0.6603
vn -0.9298 0.3560 0.0936
vn 0.7418 -0.1781 0.6466
vn -0.9063 0.4070 0.1142
vn 0.5714 -0.7610 0.3071
vn 0.6586 -0.5365 0.5277
vn -0.8689 0.4633 0.1740
vn 0.6071 -0.7712 0.1913
vn -0.9509 0.0890 0.2963
vn 0.5962 -0.7959 0.1056
vn -0.7951 -0.5417 0.2729
vn 0.2605 -0.9172 0.3015
vn 0.2188 -0.9162 0.3356
vn 0.0946 -0.9436 0.3172
vn -0.0050 -0.9574 0.2886
vn -0.1822 -0.9510 0.2498
vn -0.2138 -0.9553 0.2040
vn -0.1100 -0.9787 0.1733
vn 0.2544 -0.9586 0.1280
vn 0.6070 -0.7907 0.0796
vn -0.5663 -0.8200 0.0828
vn -0.4043 -0.9101 -0.0908
vn 0.5122 -0.8481 0.1357
vn 0.4230 -0.8740 0.2390
vn -0.2494 -0.9576 -0.1444
vn 0.1542 -0.9873 -0.0385
vn -0.2530 0.5983 0.7603
vn 0.1590 0.5661 0.8089
vn -0.2465 0.4073 0.8794
vn -0.2464 0.4105 0.8779
vn -0.2420 0.4043 0.8820
vn 0.1794 0.4563 0.8715
vn 0.6291 0.3910 0.6719
vn -0.3012 0.3779 0.8755
vn -0.2519 0.3660 0.8959
vn -0.2678 0.3993 0.8768
vn 0.6743 0.4940 0.5488
vn -0.3554 0.4995 0.7901
vn -0.2994 0.5209 0.7994
vn -0.2271 0.5526 0.8019
vn 0.6242 0.6162 0.4803
vn -0.4210 0.7362 0.5298
vn -0.3538 0.6708 0.6518
vn -0.3128 0.6575 0.6854
vn 0.5651 0.7218 0.3995
vn -0.4408 0.8047 0.3977
vn 0.4440 0.8185 0.3645
vn 0.3479 0.8117 0.4691
vn 0.2366 0.8077 0.5401
vn -0.8514 0.4608 0.2505
vn 0.2327 0.7912 0.5656
vn 0.6365 0.4635 0.6164
vn -0.9956 -0.0099 0.0934
vn 0.7910 0.2602 0.5537
vn -0.9923 0.1222 0.0208
vn 0.7658 0.3716 0.5249
vn -0.9855 0.1676 -0.0268
vn 0.7137 0.4389 0.5458
vn -0.9573 0.2854 -0.0453
vn 0.6810 0.2135 0.7005
vn -0.9153 0.4024 -0.0176
vn 0.5790 -0.1302 0.8049
vn 0.5508 -0.0295 0.8341
vn -0.9822 0.1662 0.0880
vn 0.5453 -0.1611 0.8226
vn -0.9835 0.0243 0.1792
vn 0.5452 -0.2345 0.8048
vn -0.9528 0.2323 0.1956
vn 0.6076 -0.2636 0.7493
vn -0.9044 0.3720 0.2089
vn 0.6855 -0.2514 0.6833
vn -0.8766 0.4201 0.2347
vn 0.4832 -0.7920 0.3732
vn 0.6364 -0.5426 0.5483
vn -0.8325 0.4985 0.2417
vn 0.5292 -0.8298 0.1770
vn 0.4861 -0.8271 0.2821
vn -0.9555 0.1277 0.2658
vn 0.5937 -0.7920 0.1420
vn -0.7749 -0.6059 0.1800
vn 0.2475 -0.9316 0.2664
vn 0.2321 -0.9409 0.2467
vn 0.1210 -0.9618 0.2454
vn -0.0130 -0.9654 0.2603
vn -0.1313 -0.9577 0.2561
vn -0.1201 -0.9808 0.1537
vn -0.0437 -0.9987 0.0246
vn 0.2365 -0.9708 0.0412
vn 0.5776 -0.8055 0.1324
vn -0.4078 -0.9127 -0.0261
vn -0.2941 -0.9354 -0.1963
vn -0.2643 -0.9355 -0.2344
vn -0.0544 -0.9896 -0.1335
vn 0.3240 -0.9398 0.1084
vn 0.3923 -0.8816 0.2625
vn -0.3917 0.7456 0.5391
vn -0.2110 0.8144 0.5405
vn -0.2493 0.7868 0.5646
vn -0.2821 0.8821 0.3771
vn -0.0760 0.8515 0.5188
vn 0.4748 0.5006 0.7238
vn -0.6083 0.5271 0.5934
vn -0.3421 0.4016 0.8495
vn 0.5940 0.3412 0.7286
vn -0.6625 0.5355 0.5237
vn -0.4136 0.4173 0.8092
vn 0.5761 0.4292 0.6956
vn -0.5896 0.6155 0.5231
vn 0.5351 0.5087 0.6744
vn -0.6160 0.7340 0.2860
vn 0.4538 0.6298 0.6304
vn 0.2825 0.7036 0.6520
vn -0.7033 0.7004 0.1213
vn -0.5437 0.8180 0.1877
vn 0.1742 0.7334 0.6571
vn 0.2229 0.7101 0.6679
vn 0.4153 0.5337 0.7367
vn -0.9662 0.2300 0.1164
vn 0.6801 0.2181 0.6999
vn -0.9808 -0.0197 0.1942
vn 0.6564 0.1676 0.7356
vn -0.9791 0.0661 0.1925
vn 0.6418 0.3017 0.7050
vn -0.9773 0.1375 0.1610
vn 0.5304 0.4534 0.7163
vn -0.9464 0.2856 0.1507
vn 0.5518 0.3564 0.7540
vn 0.5026 0.3168 0.8044
vn -0.8905 0.4299 0.1488
vn 0.5940 -0.0215 0.8041
vn -0.9415 0.2615 0.2128
vn 0.5398 -0.1979 0.8182
vn 0.5995 -0.2243 0.7683
vn -0.9466 0.0830 0.3114
vn 0.5742 -0.2263 0.7868
vn -0.8953 0.2535 0.3664
vn 0.5337 -0.3693 0.7608
vn 0.5634 -0.4144 0.7147
vn -0.8483 0.3743 0.3746
vn 0.6128 -0.4615 0.6415
vn -0.8391 0.4034 0.3649
vn 0.5701 -0.7402 0.3566
vn 0.6691 -0.5778 0.4674
vn -0.8436 0.4431 0.3035
vn 0.4218 -0.8420 0.3362
vn 0.4573 -0.8239 0.3348
vn -0.9792 0.0562 0.1952
vn 0.5885 -0.7850 0.1932
vn 0.4482 -0.8487 0.2807
vn -0.7364 -0.6757 0.0347
vn -0.3034 -0.9498 -0.0758
vn 0.1201 -0.9054 0.4073
vn 0.0109 -0.9294 0.3690
vn -0.0028 -0.9724 0.2331
vn 0.0842 -0.9964 0.0102
vn 0.0337 -0.9891 -0.1436
vn 0.0937 -0.9923 -0.0808
vn 0.4798 -0.8733 0.0843
vn -0.2532 -0.9620 -0.1025
vn -0.2683 -0.9567 -0.1129
vn -0.1947 -0.9767 -0.0908
vn 0.0461 -0.9951 0.0876
vn 0.2913 -0.9066 0.3053
vn 0.2696 -0.8857 0.3779
vn 0.1937 -0.8973 0.3966
vn -0.0620 0.7369 0.6732
vn -0.2931 0.8207 0.4905
vn 0.1598 0.6520 0.7412
vn 0.6128 0.3974 0.6831
vn -0.3764 0.8772 0.2982
vn -0.1908 0.9424 0.2747
vn -0.2607 0.9163 0.3041
vn -0.3395 0.8745 0.3465
vn 0.6237 0.3256 0.7106
vn -0.7314 0.6302 0.2607
vn 0.5781 0.4062 0.7077
vn -0.8362 0.5236 0.1634
vn 0.5248 0.3972 0.7529
vn 0.5071 0.4791 0.7164
vn -0.7949 0.5978 0.1039
vn 0.4248 0.5004 0.7545
vn 0.3279 0.5803 0.7455
vn -0.6921 0.7135 0.1096
vn 0.1530 0.6906 0.7069
vn 0.2216 0.6961 0.6829
vn 0.2353 0.6923 0.6822
vn 0.2293 0.6476 0.7266
vn -0.7029 0.7078 0.0713
vn -0.5877 0.8044 0.0872
vn 0.4362 0.3314 0.8366
vn -0.9334 0.3288 0.1433
vn 0.5515 0.1602 0.8186
vn 0.5517 0.1225 0.8250
vn -0.9576 0.0806 0.2767
vn 0.5442 0.1855 0.8182
vn -0.9382 0.0460 0.3431
vn 0.4939 0.3155 0.8102
vn 0.4135 0.3629 0.8350
vn -0.9360 0.1072 0.3353
vn 0.4079 0.4333 0.8037
vn 0.4902 0.3369 0.8039
vn -0.9129 0.2693 0.3068
vn 0.6341 0.1515 0.7582
vn -0.8804 0.3998 0.2550
vn 0.7147 -0.0803 0.6948
vn -0.8992 0.3379 0.2779
vn 0.7072 -0.1945 0.6798
vn -0.8947 0.1963 0.4013
vn 0.6086 -0.2479 0.7538
vn 0.6550 -0.2119 0.7253
vn -0.8468 0.2627 0.4626
vn 0.5627 -0.3707 0.7389
vn -0.8191 0.3616 0.4452
vn 0.5041 -0.6715 0.5431
vn 0.4436 -0.6120 0.6547
vn -0.8152 0.3809 0.4364
vn 0.5375 -0.8407 0.0661
vn 0.5591 -0.7844 0.2686
vn -0.8861 0.2818 0.3680
vn 0.5298 -0.8444 0.0788
vn -0.9726 -0.0829 0.2170
vn 0.4453 -0.8329 0.3285
vn 0.4831 -0.8503 0.2088
vn -0.6755 -0.7361 0.0429
vn -0.2569 -0.9622 -0.0902
vn 0.2400 -0.9704 -0.0266
vn 0.0624 -0.9960 -0.0647
vn -0.0083 -0.9986 -0.0516
vn 0.3045 -0.9502 0.0664
vn 0.4805 -0.8325 0.2758
vn -0.2394 -0.9615 -0.1348
vn -0.2380 -0.9575 -0.1631
vn -0.2686 -0.9521 -0.1461
vn -0.2619 -0.9643 0.0383
vn 0.1279 -0.8482 0.5140
vn 0.1625 -0.8493 0.5023
vn 0.2007 -0.9118 0.3583
vn 0.2222 -0.9662 0.1305
vn 0.0405 -0.9408 0.3367
vn 0.2484 -0.8457 0.4723
vn -0.3765 0.7402 0.5570
vn -0.2832 0.7502 0.5976
vn 0.3193 0.6321 0.7061
vn -0.2871 0.8151 0.5032
vn -0.3786 0.7561 0.5339
vn 0.7234 0.3345 0.6040
vn -0.6307 0.6842 0.3663
vn -0.3063 0.8539 0.4207
vn -0.2163 0.8609 0.4605
vn 0.6697 0.3946 0.6291
vn -0.8509 0.4550 0.2624
vn 0.6052 0.5259 0.5977
vn -0.8550 0.4686 0.2223
vn 0.4546 0.6110 0.6481
vn 0.4141 0.7165 0.5614
vn -0.7773 0.5976 0.1969
vn 0.2901 0.6706 0.6827
vn 0.2955 0.7658 0.5712
vn 0.2657 0.8194 0.5079
vn -0.6074 0.7660 0.2106
vn -0.6680 0.7207 0.1852
vn 0.1136 0.8787 0.4637
vn 0.3961 0.6898 0.6061
vn 0.7508 0.5135 0.4156
vn -0.6816 0.7044 0.1980
vn 0.4992 0.1876 0.8459
vn 0.7366 0.3299 0.5904
vn -0.8887 0.3990 0.2260
vn 0.4243 0.1274 0.8965
vn 0.6247 0.4508 0.6376
vn -0.9261 0.2132 0.3113
vn 0.4238 0.2107 0.8809
vn 0.2920 0.2039 0.9344
vn 0.5850 0.4538 0.6722
vn -0.9036 0.0968 0.4173
vn 0.3532 0.3123 0.8819
vn 0.6597 0.2296 0.7156
vn -0.8976 0.0669 0.4357
vn 0.7848 0.1017 0.6113
vn -0.9126 0.1977 0.3578
vn 0.8844 -0.0254 0.4660
vn -0.9048 0.3414 0.2545
vn 0.8975 -0.0904 0.4316
vn -0.8763 0.4155 0.2438
vn 0.8708 -0.1366 0.4723
vn -0.8838 0.3234 0.3380
vn 0.8576 -0.2058 0.4713
vn -0.8932 0.2583 0.3680
vn 0.7389 -0.3141 0.5961
vn -0.8845 0.3497 0.3088
vn 0.3170 -0.8631 0.3931
vn 0.3399 -0.8253 0.4509
vn 0.5912 -0.5925 0.5472
vn -0.8686 0.4085 0.2805
vn 0.4433 -0.8963 0.0135
vn 0.3626 -0.9060 0.2185
vn -0.9446 0.1682 0.2820
vn 0.5738 -0.8172 -0.0535
vn -0.9478 -0.1628 0.2742
vn 0.6166 -0.7851 0.0582
vn -0.6020 -0.7594 0.2468
vn -0.1837 -0.9801 0.0748
vn -0.1974 -0.9800 -0.0236
vn 0.2598 -0.9614 0.0907
vn 0.0734 -0.9928 0.0951
vn -0.0115 -0.9972 0.0737
vn 0.0951 -0.9822 0.1618
vn 0.3240 -0.8950 0.3067
vn 0.5533 -0.7938 0.2525
vn -0.2269 -0.9725 -0.0528
vn -0.3589 -0.9332 0.0197
vn 0.4135 -0.8885 0.1990
vn 0.3527 -0.9301 0.1023
vn -0.4355 -0.8929 0.1145
vn -0.1868 -0.9489 0.2542
vn 0.1481 -0.8992 0.4118
vn 0.1401 -0.8782 0.4573
vn 0.2878 -0.8892 0.3557
vn -0.4099 0.7265 0.5515
vn -0.2457 0.7974 0.5511
vn 0.2722 0.7944 0.5430
vn 0.6486 0.6020 0.4658
vn -0.3211 0.7695 0.5521
vn -0.4108 0.7331 0.5421
vn 0.7146 0.3790 0.5880
vn -0.3549 0.8209 0.4474
vn -0.2701 0.8037 0.5302
vn 0.7322 0.3561 0.5806
vn -0.6065 0.6944 0.3872
vn 0.6832 0.4458 0.5783
vn -0.7880 0.4714 0.3961
vn 0.5260 0.6195 0.5827
vn -0.7752 0.4469 0.4464
vn 0.4531 0.7423 0.4936
vn 0.4044 0.7697 0.4939
vn -0.6960 0.6053 0.3862
vn 0.3037 0.8249 0.4767
vn 0.2120 0.8671 0.4508
vn 0.4710 0.8405 0.2679
vn -0.6099 0.7165 0.3384
vn 0.8214 0.5703 0.0021
vn -0.7521 0.6208 0.2213
vn 0.8644 0.4989 -0.0631
vn -0.9210 0.3825 0.0738
vn 0.7389 0.6735 0.0202
vn -0.9371 0.3405 0.0776
vn 0.7440 0.6416 0.1865
vn -0.9456 0.2429 0.2164
vn 0.9098 0.2331 0.3434
vn -0.9439 0.0814 0.3199
vn 0.9375 -0.1252 0.3246
vn -0.9483 0.0974 0.3019
vn 0.9591 -0.1289 0.2521
vn -0.9208 0.3033 0.2454
vn 0.9673 -0.0399 0.2505
vn -0.8718 0.4376 0.2203
vn 0.9516 -0.1070 0.2880
vn -0.9266 0.3360 0.1688
vn 0.9191 -0.2383 0.3138
vn -0.9613 0.2541 0.1064
vn 0.8901 -0.2968 0.3459
vn -0.9194 0.3738 0.1226
vn 0.7003 -0.5809 0.4149
vn -0.8799 0.4395 0.1805
vn 0.3499 -0.9079 0.2308
vn 0.1983 -0.9271 0.3179
vn 0.2318 -0.8932 0.3853
vn 0.3545 -0.8268 0.4368
vn -0.9467 0.1810 0.2665
vn 0.5469 -0.8251 0.1419
vn -0.9295 -0.1085 0.3526
vn 0.6474 -0.7610 0.0426
vn -0.7408 -0.5365 0.4041
vn -0.1486 -0.9397 0.3080
vn -0.0814 -0.9691 0.2329
vn -0.1257 -0.9818 0.1420
vn 0.2664 -0.9205 0.2858
vn 0.1080 -0.9647 0.2402
vn 0.0048 -0.9773 0.2120
vn 0.0036 -0.9808 0.1948
vn 0.3268 -0.9350 0.1381
vn 0.6599 -0.7504 0.0378
vn -0.2380 -0.9645 0.1148
vn -0.4118 -0.9007 0.1382
vn 0.4448 -0.8635 0.2377
vn 0.3392 -0.8925 0.2972
vn -0.4512 -0.8826 0.1318
vn -0.3516 -0.9104 0.2178
vn -0.0320 -0.9102 0.4129
vn 0.2448 -0.8742 0.4193
vn 0.4265 -0.8621 0.2737
vn -0.0561 0.9227 0.3815
vn -0.4293 0.7511 0.5016
vn -0.4096 0.7675 0.4931
vn 0.3430 0.9292 0.1377
vn 0.6232 0.7621 0.1754
vn -0.4050 0.8401 0.3608
vn -0.3961 0.7905 0.4671
vn 0.7050 0.5223 0.4798
vn -0.5639 0.7935 0.2289
vn -0.4756 0.8472 0.2365
vn 0.6501 0.3441 0.6775
vn -0.7031 0.6153 0.3564
vn 0.5747 0.4556 0.6798
vn 0.5086 0.4332 0.7441
vn -0.7375 0.4820 0.4730
vn 0.4881 0.5790 0.6531
vn -0.7046 0.4700 0.5316
vn 0.3986 0.6793 0.6162
vn 0.2831 0.7165 0.6376
vn 0.3104 0.7522 0.5812
vn -0.6162 0.5556 0.5582
vn 0.6662 0.6753 0.3163
vn -0.6562 0.5796 0.4833
vn 0.8812 0.4717 0.0311
vn -0.8825 0.3954 0.2547
vn 0.8411 0.5408 -0.0107
vn -0.9526 0.3009 0.0452
vn 0.7027 0.7107 0.0342
vn -0.9283 0.3714 -0.0198
vn 0.6637 0.7371 0.1276
vn -0.9220 0.3859 0.0308
vn 0.8749 0.3611 0.3228
vn -0.9634 0.1905 0.1886
vn 0.9095 -0.1770 0.3762
vn -0.9634 0.0537 0.2626
vn 0.9226 -0.1727 0.3449
vn -0.9307 0.2783 0.2372
vn 0.9540 -0.0509 0.2956
vn -0.9207 0.3680 0.1304
vn 0.9556 -0.0674 0.2869
vn -0.9707 0.2403 -0.0042
vn 0.9200 -0.1861 0.3449
vn -0.9492 0.3145 -0.0044
vn 0.8886 -0.2697 0.3710
vn -0.8650 0.4813 0.1420
vn 0.7916 -0.4428 0.4209
vn -0.8477 0.4671 0.2514
vn 0.1517 -0.9274 0.3420
vn 0.1320 -0.9079 0.3979
vn 0.1481 -0.8545 0.4979
vn 0.5032 -0.6906 0.5195
vn -0.8788 0.2980 0.3727
vn 0.4751 -0.8319 0.2866
vn 0.3208 -0.8846 0.3386
vn -0.8685 -0.0152 0.4955
vn 0.5748 -0.7951 0.1933
vn -0.8387 -0.2628 0.4769
vn 0.0630 -0.9530 0.2962
vn 0.1111 -0.9828 0.1477
vn 0.3938 -0.9187 0.0298
vn 0.6508 -0.7563 0.0670
vn -0.5197 -0.7341 0.4370
vn -0.0639 -0.9396 0.3362
vn -0.0092 -0.9582 0.2858
vn -0.0769 -0.9613 0.2645
vn -0.2435 -0.9343 0.2606
vn -0.4127 -0.8744 0.2551
vn 0.3008 -0.8812 0.3648
vn 0.3029 -0.8792 0.3678
vn 0.1457 -0.9216 0.3597
vn -0.4321 -0.8614 0.2671
vn 0.5077 -0.7863 0.3522
vn 0.4055 -0.8518 0.3317
vn -0.4665 -0.8266 0.3147
vn -0.1811 -0.8769 0.4452
vn 0.3275 -0.8270 0.4570
vn -0.2754 0.7960 0.5390
vn 0.2283 0.9268 0.2981
vn -0.4375 0.7377 0.5142
vn -0.4308 0.7248 0.5376
vn 0.4955 0.8673 0.0472
vn 0.5147 0.8563 0.0424
vn -0.5255 0.7504 0.4009
vn 0.4739 0.8633 0.1736
vn 0.5399 0.6821 0.4932
vn -0.5187 0.8269 0.2173
vn -0.5478 0.7947 0.2614
vn 0.5196 0.3593 0.7752
vn 0.5119 0.5842 0.6298
vn -0.6623 0.7094 0.2411
vn 0.3834 0.4329 0.8159
vn -0.7558 0.5827 0.2986
vn 0.3812 0.5262 0.7601
vn 0.2485 0.5282 0.8119
vn 0.4087 0.5338 0.7403
vn -0.6677 0.6074 0.4304
vn 0.7252 0.4924 0.4813
vn -0.6580 0.5740 0.4873
vn 0.8830 0.4137 0.2216
vn -0.8298 0.3636 0.4233
vn 0.8735 0.4387 0.2110
vn -0.9336 0.1899 0.3037
vn 0.7880 0.5673 0.2392
vn -0.9395 0.2376 0.2469
vn 0.6870 0.6910 0.2250
vn -0.9217 0.3297 0.2044
vn 0.5980 0.7722 0.2147
vn 0.6603 0.7080 0.2504
vn -0.8750 0.4485 0.1820
vn 0.8778 0.2761 0.3914
vn -0.9110 0.3159 0.2653
vn 0.8702 -0.1646 0.4645
vn -0.9334 0.0575 0.3542
vn 0.8712 -0.2207 0.4386
vn -0.9372 0.1817 0.2978
vn 0.9079 -0.0914 0.4091
vn -0.9649 0.2202 0.1432
vn 0.9166 -0.0350 0.3982
vn -0.9788 0.1940 0.0664
vn 0.8999 -0.1107 0.4217
vn -0.8998 0.4193 0.1203
vn 0.8551 -0.2303 0.4645
vn -0.8061 0.5611 0.1882
vn 0.8006 -0.3168 0.5086
vn -0.8072 0.5237 0.2725
vn 0.6964 -0.4700 0.5424
vn -0.8062 0.4345 0.4017
vn 0.3232 -0.8082 0.4923
vn 0.1761 -0.8632 0.4731
vn -0.0006 -0.8739 0.4861
vn 0.0311 -0.8250 0.5643
vn 0.4276 -0.7101 0.5594
vn -0.8290 0.1022 0.5499
vn 0.4359 -0.8255 0.3586
vn 0.4048 -0.7807 0.4762
vn -0.7536 -0.2624 0.6027
vn 0.2853 -0.9573 -0.0472
vn 0.3803 -0.9211 -0.0833
vn 0.4938 -0.8627 0.1093
vn -0.5420 -0.5741 0.6137
vn -0.1797 -0.8703 0.4586
vn -0.0369 -0.8973 0.4399
vn -0.0192 -0.8840 0.4671
vn -0.0298 -0.8893 0.4563
vn -0.2354 -0.8741 0.4248
vn 0.2754 -0.8711 0.4066
vn 0.2278 -0.8960 0.3811
vn 0.2544 -0.9497 0.1829
vn -0.3987 -0.8163 0.4180
vn -0.3937 -0.8201 0.4152
vn 0.4374 -0.7877 0.4337
vn 0.2967 -0.8719 0.3894
vn -0.4860 -0.7902 0.3732
vn 0.5256 -0.7165 0.4586
vn -0.2593 -0.8697 0.4200
vn 0.2806 -0.8383 0.4674
vn -0.3120 0.6298 0.7113
vn 0.0814 0.8023 0.5914
vn -0.4429 0.6457 0.6220
vn -0.4124 0.6500 0.6383
vn 0.4472 0.8206 0.3557
vn 0.5549 0.8043 0.2126
vn -0.5469 0.6278 0.5539
vn 0.4919 0.8571 0.1532
vn -0.5726 0.6574 0.4898
vn 0.4442 0.8905 0.0984
vn 0.4664 0.8759 0.1233
vn -0.5586 0.7412 0.3722
vn 0.3598 0.9014 0.2410
vn 0.3691 0.7436 0.5576
vn 0.3981 0.7516 0.5260
vn -0.7311 0.6732 0.1109
vn 0.2356 0.4518 0.8604
vn 0.5040 0.6092 0.6122
vn -0.7367 0.6740 0.0541
vn 0.7725 0.3790 0.5095
vn -0.6120 0.7707 0.1774
vn 0.8689 0.3086 0.3871
vn -0.8324 0.4477 0.3266
vn -0.6210 0.7347 0.2731
vn 0.8590 0.3786 0.3447
vn -0.9327 0.1928 0.3048
vn 0.8258 0.4511 0.3384
vn -0.9504 0.1485 0.2734
vn 0.7413 0.5816 0.3350
vn -0.9390 0.2165 0.2673
vn 0.6849 0.6577 0.3136
vn -0.9098 0.3169 0.2682
vn 0.5831 0.7678 0.2654
vn 0.6322 0.7239 0.2761
vn -0.8479 0.4627 0.2587
vn 0.8485 0.3698 0.3786
vn -0.8496 0.4126 0.3286
vn 0.8836 -0.1250 0.4512
vn -0.8882 0.1054 0.4472
vn 0.8497 -0.2493 0.4647
vn -0.9151 0.0219 0.4026
vn 0.8715 -0.0883 0.4824
vn -0.9544 0.0837 0.2866
vn 0.8558 0.0117 0.5171
vn -0.9394 0.2145 0.2675
vn 0.8294 -0.0567 0.5558
vn -0.8645 0.4365 0.2492
vn 0.7941 -0.1461 0.5900
vn -0.7968 0.5725 0.1934
vn 0.7441 -0.2207 0.6306
vn -0.7720 0.5971 0.2180
vn 0.6512 -0.4028 0.6432
vn -0.7900 0.5364 0.2969
vn -0.0576 -0.7993 0.5982
vn 0.5774 -0.5911 0.5631
vn -0.8345 0.2781 0.4757
vn 0.2219 -0.9498 0.2204
vn 0.2949 -0.8486 0.4393
vn 0.3065 -0.7842 0.5395
vn 0.1350 -0.7908 0.5970
vn -0.0241 -0.7638 0.6450
vn 0.3823 -0.6869 0.6181
vn -0.7550 -0.1107 0.6463
vn 0.3713 -0.9191 -0.1315
vn 0.3210 -0.9384 -0.1282
vn 0.2780 -0.9604 -0.0171
vn -0.6129 -0.3969 0.6832
vn 0.4484 -0.8931 -0.0362
vn -0.3033 -0.6919 0.6552
vn -0.1068 -0.7994 0.5913
vn -0.0493 -0.8330 0.5510
vn -0.0218 -0.8444 0.5352
vn 0.0027 -0.8468 0.5319
vn -0.2030 -0.8434 0.4975
vn -0.3567 -0.8521 0.3830
vn 0.3556 -0.9142 0.1942
vn 0.2659 -0.9471 0.1795
vn 0.3608 -0.9254 0.1158
vn -0.3700 -0.8874 0.2750
vn -0.4462 -0.8825 0.1491
vn 0.5397 -0.8167 0.2040
vn -0.3222 -0.9436 0.0760
vn 0.1674 -0.9783 0.1223
vn 0.5557 -0.8091 0.1910
vn -0.1391 0.7542 0.6417
vn 0.3722 0.7665 0.5234
vn -0.4878 0.5570 0.6721
vn 0.5462 0.7520 0.3689
vn -0.5580 0.5738 0.5995
vn 0.5510 0.7561 0.3532
vn -0.5751 0.5844 0.5724
vn 0.5308 0.7901 0.3065
vn -0.6640 0.5768 0.4757
vn 0.4888 0.8455 0.2151
vn 0.4217 0.8903 0.1718
vn -0.7996 0.5547 0.2300
vn 0.2644 0.9390 0.2199
vn 0.3437 0.9090 0.2356
vn 0.4961 0.8520 0.1672
vn -0.8333 0.5520 0.0306
vn 0.5540 0.8117 0.1851
vn 0.6797 0.6576 0.3250
vn -0.6988 0.7133 0.0538
vn 0.7973 0.3636 0.4818
vn -0.5612 0.8234 0.0843
vn -0.5851 0.8090 0.0566
vn 0.7990 0.2799 0.5323
vn -0.8058 0.5398 0.2436
vn 0.7953 0.3240 0.5125
vn -0.9044 0.2002 0.3768
vn 0.7705 0.4311 0.4696
vn -0.9051 0.1330 0.4039
vn 0.6941 0.5741 0.4342
vn -0.9048 0.1940 0.3791
vn 0.6338 0.6670 0.3916
vn -0.8671 0.3319 0.3714
vn 0.6229 0.7012 0.3469
vn -0.7939 0.4744 0.3803
vn 0.8060 0.4170 0.4201
vn -0.7776 0.4636 0.4247
vn 0.8766 -0.0764 0.4751
vn -0.8456 0.1585 0.5098
vn 0.8341 -0.2058 0.5117
vn -0.8380 -0.0633 0.5420
vn 0.8219 -0.0519 0.5673
vn -0.8528 0.0008 0.5222
vn 0.8013 0.0732 0.5938
vn -0.8437 0.2105 0.4938
vn 0.7847 -0.0101 0.6198
vn -0.8222 0.3599 0.4411
vn 0.7517 -0.0633 0.6564
vn -0.7917 0.5087 0.3383
vn 0.6917 -0.1336 0.7098
vn -0.7545 0.6080 0.2471
vn 0.6720 -0.3293 0.6633
vn -0.7798 0.5781 0.2402
vn 0.5348 -0.5374 0.6520
vn -0.8258 0.4574 0.3300
vn 0.0439 -0.9968 0.0662
vn 0.0836 -0.9660 0.2446
vn 0.1817 -0.8605 0.4759
vn 0.0917 -0.7808 0.6180
vn -0.0589 -0.7407 0.6692
vn 0.5444 -0.5858 0.6004
vn -0.8829 0.0744 0.4635
vn 0.3811 -0.9242 -0.0259
vn 0.2914 -0.9566 -0.0044
vn 0.1822 -0.9831 0.0170
vn -0.0020 -0.7841 0.6206
vn 0.3257 -0.7198 0.6130
vn -0.7854 -0.3269 0.5256
vn 0.4568 -0.8841 -0.0983
vn -0.5789 -0.5558 0.5966
vn 0.0713 -0.8817 0.4663
vn 0.0387 -0.9358 0.3505
vn -0.0784 -0.9739 0.2131
vn 0.3326 -0.8871 -0.3200
vn 0.2602 -0.9186 -0.2974
vn 0.3547 -0.9040 -0.2386
vn -0.1901 -0.6993 0.6891
vn -0.0112 -0.7583 0.6519
vn 0.0139 -0.8124 0.5830
vn -0.1879 -0.9821 -0.0111
vn -0.2686 -0.9403 -0.2093
vn -0.3056 -0.8874 -0.3452
vn 0.5163 -0.7934 -0.3224
vn -0.3323 -0.8560 -0.3960
vn 0.0827 -0.9250 -0.3710
vn 0.5549 -0.7777 -0.2955
vn -0.4735 0.6860 0.5524
vn 0.0002 0.9247 0.3807
vn 0.4638 0.8170 0.3428
vn -0.5854 0.5678 0.5787
vn 0.5352 0.7422 0.4034
vn 0.5174 0.7341 0.4398
vn -0.5747 0.5741 0.5832
vn 0.5424 0.7184 0.4355
vn -0.6753 0.5192 0.5239
vn 0.5119 0.7562 0.4077
vn -0.8341 0.4122 0.3665
vn 0.4241 0.8244 0.3749
vn 0.2413 0.8999 0.3633
vn 0.3542 0.8768 0.3254
vn -0.8588 0.4415 0.2600
vn 0.5313 0.8030 0.2700
vn -0.7875 0.5734 0.2260
vn 0.4813 0.8381 0.2568
vn 0.5074 0.7736 0.3796
vn -0.6898 0.6997 0.1858
vn 0.5915 0.4541 0.6662
vn -0.5528 0.8282 0.0929
vn -0.6155 0.7757 0.1392
vn 0.6796 0.2291 0.6968
vn -0.6848 0.7042 0.1875
vn 0.7254 0.2231 0.6512
vn -0.7950 0.4018 0.4545
vn 0.7441 0.3614 0.5618
vn -0.8062 0.1172 0.5800
vn 0.6832 0.5710 0.4551
vn -0.8026 0.1528 0.5766
vn 0.6586 0.6334 0.4061
vn -0.7848 0.3034 0.5404
vn 0.6232 0.6876 0.3726
vn -0.7256 0.4707 0.5020
vn 0.8085 0.4296 0.4022
vn -0.7530 0.4349 0.4938
vn 0.8783 -0.0059 0.4780
vn -0.8413 0.1801 0.5097
vn 0.8282 -0.1211 0.5472
vn -0.8379 -0.0123 0.5457
vn 0.8090 -0.0212 0.5874
vn -0.8108 -0.0165 0.5851
vn 0.7903 0.1120 0.6025
vn -0.7910 0.1887 0.5820
vn 0.7433 0.0689 0.6654
vn -0.7949 0.2749 0.5409
vn 0.6895 0.0153 0.7241
vn -0.8086 0.3812 0.4483
vn 0.6538 -0.0115 0.7566
vn -0.8075 0.5264 0.2663
vn 0.5625 -0.2933 0.7730
vn 0.5721 -0.1803 0.8001
vn -0.8138 0.5675 0.1253
vn 0.4493 -0.4708 0.7592
vn 0.4640 -0.4226 0.7785
vn -0.8526 0.5190 0.0609
vn 0.4319 -0.6465 0.6288
vn -0.9880 0.1431 0.0590
vn 0.3767 -0.9069 0.1886
vn 0.2944 -0.9403 0.1706
vn 0.1719 -0.9721 0.1594
vn -0.0079 -0.9858 0.1678
vn -0.0513 -0.9876 0.1481
vn 0.0378 -0.9816 0.1869
vn 0.0027 -0.9636 0.2672
vn -0.0793 -0.9395 0.3334
vn -0.0557 -0.9780 0.2011
vn 0.2149 -0.9278 0.3050
vn 0.5089 -0.6995 0.5017
vn -0.9409 -0.3224 0.1037
vn 0.2528 -0.8809 -0.4002
vn 0.2148 -0.9197 -0.3287
vn 0.2057 -0.9590 -0.1950
vn 0.2938 -0.9545 0.0516
vn -0.7985 -0.5809 0.1581
vn 0.0932 -0.9544 -0.2836
vn 0.0002 -0.9138 -0.4061
vn -0.1281 -0.8755 -0.4659
vn 0.4123 -0.7838 -0.4644
vn -0.5968 -0.7383 0.3142
vn -0.2703 -0.9172 0.2927
vn 0.0640 -0.9472 0.3141
vn 0.1673 -0.9532 0.2517
vn 0.2609 -0.9577 0.1217
vn 0.2061 -0.9755 -0.0769
vn -0.2158 -0.8436 -0.4917
vn -0.2873 -0.8097 -0.5118
vn 0.0847 -0.8144 -0.5741
vn 0.5124 -0.6921 -0.5084
vn -0.6505 0.7108 0.2675
vn -0.4437 0.8600 0.2522
vn 0.0229 0.9731 0.2293
vn 0.3714 0.8898 0.2653
vn 0.4106 0.8065 0.4253
vn -0.7051 0.6569 0.2669
vn 0.4979 0.7143 0.4918
vn -0.6978 0.6782 0.2307
vn 0.5648 0.6941 0.4464
vn 0.5186 0.7272 0.4497
vn -0.8319 0.5156 0.2051
vn 0.4227 0.7646 0.4865
vn -0.8733 0.3854 0.2980
vn 0.2801 0.8285 0.4849
vn 0.3640 0.8295 0.4236
vn 0.4988 0.7706 0.3967
vn -0.8092 0.4517 0.3758
vn 0.4037 0.7798 0.4785
vn -0.7173 0.5759 0.3921
vn 0.3363 0.7619 0.5535
vn 0.3466 0.7097 0.6133
vn 0.5687 0.6206 0.5398
vn -0.6406 0.6885 0.3400
vn 0.7289 0.3157 0.6075
vn -0.5792 0.7637 0.2851
vn 0.7948 0.1989 0.5733
vn -0.5905 0.7330 0.3376
vn -0.5702 0.7793 0.2598
vn 0.8160 0.1969 0.5435
vn -0.7598 0.4161 0.4996
vn 0.7667 0.3583 0.5327
vn -0.8392 0.1155 0.5315
vn 0.6854 0.5447 0.4832
vn -0.8587 0.1210 0.4979
vn 0.6708 0.6038 0.4306
vn -0.8628 0.2573 0.4353
vn 0.6259 0.6775 0.3863
vn 0.7879 0.5520 0.2730
vn -0.8328 0.4581 0.3107
vn 0.9598 0.2464 0.1347
vn -0.8599 0.4491 0.2427
vn 0.9824 0.0747 0.1713
vn -0.9072 0.2769 0.3167
vn 0.9599 0.0023 0.2802
vn -0.8878 0.0987 0.4496
vn 0.9037 0.0729 0.4219
vn -0.8725 -0.0086 0.4886
vn 0.8042 0.2193 0.5524
vn -0.9052 0.1246 0.4064
vn 0.7249 0.2097 0.6562
vn -0.9167 0.2418 0.3182
vn 0.7056 0.0668 0.7054
vn -0.9173 0.2939 0.2686
vn 0.7292 -0.0152 0.6842
vn -0.9066 0.3974 0.1420
vn 0.7805 -0.1793 0.5989
vn -0.8759 0.4814 -0.0331
vn 0.7134 -0.5313 0.4568
vn -0.8683 0.4698 -0.1593
vn 0.4125 -0.8713 0.2657
vn 0.4170 -0.7968 0.4372
vn 0.4823 -0.7861 0.3866
vn -0.9590 0.1339 -0.2497
vn 0.3248 -0.8921 0.3142
vn 0.2229 -0.9442 0.2426
vn 0.0829 -0.9922 0.0936
vn 0.0530 -0.9940 -0.0954
vn 0.0206 -0.9789 -0.2034
vn -0.0632 -0.9851 -0.1600
vn -0.1069 -0.9897 -0.0955
vn -0.1635 -0.9856 -0.0423
vn 0.1143 -0.9906 0.0752
vn 0.4186 -0.8845 0.2059
vn -0.9026 -0.3163 -0.2921
vn 0.3615 -0.8932 -0.2673
vn 0.2054 -0.9521 -0.2267
vn 0.1815 -0.9637 -0.1957
vn 0.0302 -0.9900 -0.1381
vn 0.0520 -0.9973 0.0519
vn 0.2989 -0.9198 0.2541
vn -0.7441 -0.5912 -0.3111
vn 0.3013 -0.8871 -0.3496
vn 0.1894 -0.9061 -0.3783
vn 0.0467 -0.9168 -0.3967
vn -0.1186 -0.9182 -0.3778
vn -0.2217 -0.9066 -0.3591
vn -0.1774 -0.8851 -0.4302
vn 0.1480 -0.8511 -0.5037
vn 0.4346 -0.8176 -0.3777
vn -0.6015 -0.7352 -0.3125
vn -0.3062 -0.8878 -0.3436
vn 0.0371 -0.9442 -0.3273
vn 0.2425 -0.9235 -0.2973
vn 0.3474 -0.8812 -0.3205
vn -0.0442 0.9618 0.2702
vn -0.6568 0.7541 -0.0051
vn -0.4849 0.8686 0.1017
vn 0.2774 0.8984 0.3404
vn 0.2643 0.8735 0.4087
vn 0.4329 0.7541 0.4939
vn -0.7463 0.6629 -0.0609
vn 0.5094 0.6406 0.5747
vn -0.7262 0.6843 -0.0656
vn 0.4726 0.6822 0.5579
vn 0.3751 0.7029 0.6043
vn -0.7583 0.6445 0.0986
vn 0.3241 0.7305 0.6011
vn 0.4346 0.7490 0.5002
vn -0.7442 0.5272 0.4101
vn 0.4966 0.7702 0.4001
vn -0.6935 0.4474 0.5647
vn 0.3502 0.8270 0.4399
vn 0.2976 0.8185 0.4915
vn 0.3409 0.8088 0.4792
vn -0.6702 0.5217 0.5278
vn 0.5992 0.6572 0.4573
vn -0.6186 0.6465 0.4465
vn 0.8291 0.2853 0.4809
vn -0.5625 0.7188 0.4085
vn 0.8679 0.1747 0.4651
vn -0.5115 0.7544 0.4114
vn 0.8267 0.2609 0.4985
vn -0.8209 0.4312 0.3744
vn 0.7085 0.4303 0.5593
vn -0.9619 0.0603 0.2667
vn 0.6588 0.4916 0.5695
vn -0.9855 0.0509 0.1616
vn 0.6909 0.5491 0.4704
vn -0.9839 0.1711 0.0519
vn 0.8984 0.3862 0.2089
vn -0.9323 0.3532 -0.0781
vn 0.9886 0.1419 -0.0502
vn -0.8763 0.4592 -0.1456
vn 0.9880 0.1276 -0.0871
vn -0.9047 0.4225 -0.0553
vn 0.9914 0.1292 -0.0195
vn -0.9664 0.2394 0.0933
vn 0.9655 0.2378 0.1064
vn -0.9882 -0.0039 0.1530
vn 0.8888 0.4010 0.2218
vn -0.9941 -0.0036 0.1089
vn 0.8632 0.3865 0.3248
vn -0.9822 0.1860 0.0274
vn 0.9092 0.1226 0.3978
vn -0.9641 0.2657 0.0012
vn 0.9239 -0.1550 0.3497
vn -0.9542 0.2980 -0.0259
vn 0.9154 -0.3188 0.2456
vn -0.9239 0.3677 -0.1060
vn 0.7877 -0.5880 0.1841
vn -0.8968 0.3937 -0.2017
vn -0.0348 -0.9704 -0.2390
vn 0.3945 -0.9187 0.0169
vn 0.3257 -0.9388 0.1120
vn 0.4845 -0.8543 0.1883
vn -0.9515 0.0896 -0.2944
vn 0.3821 -0.9224 0.0559
vn 0.2648 -0.9548 -0.1349
vn 0.1392 -0.9538 -0.2661
vn -0.1162 -0.9760 -0.1843
vn -0.1719 -0.9793 -0.1066
vn -0.2534 -0.9673 -0.0040
vn 0.0408 -0.9967 0.0696
vn 0.4134 -0.9099 0.0338
vn -0.8427 -0.3967 -0.3639
vn 0.0568 -0.9730 -0.2238
vn -0.1181 -0.9635 -0.2403
vn 0.3496 -0.9298 -0.1151
vn 0.2298 -0.9565 -0.1799
vn 0.1410 -0.9708 -0.1938
vn -0.0311 -0.9846 -0.1719
vn -0.1179 -0.9841 -0.1326
vn 0.0982 -0.9949 0.0214
vn 0.3536 -0.9248 0.1404
vn -0.6387 -0.6406 -0.4262
vn 0.3235 -0.9022 -0.2851
vn 0.3008 -0.9267 -0.2252
vn 0.2172 -0.9518 -0.2165
vn -0.1604 -0.9360 -0.3132
vn -0.0299 -0.9072 -0.4197
vn 0.0841 -0.9073 -0.4119
vn 0.2507 -0.9409 -0.2279
vn -0.3612 -0.7697 -0.5264
vn -0.0630 -0.8617 -0.5035
vn 0.1815 -0.8976 -0.4017
vn -0.5673 0.8052 0.1728
vn -0.1628 0.9413 0.2957
vn 0.2118 0.9005 0.3797
vn 0.2072 0.8817 0.4239
vn -0.6901 0.7196 0.0772
vn 0.2712 0.8267 0.4930
vn 0.3650 0.6914 0.6235
vn 0.3652 0.6167 0.6974
vn -0.7618 0.6474 0.0249
vn 0.3940 0.5667 0.7236
vn 0.3154 0.5830 0.7487
vn -0.7625 0.6466 0.0233
vn 0.3555 0.6442 0.6773
vn 0.5599 0.6305 0.5376
vn -0.5559 0.7993 0.2282
vn -0.6319 0.7705 0.0846
vn 0.5131 0.7214 0.4652
vn -0.5966 0.6804 0.4256
vn 0.3624 0.8148 0.4525
vn 0.3460 0.8602 0.3746
vn -0.7948 0.4740 0.3789
vn 0.3864 0.8629 0.3256
vn 0.5995 0.7394 0.3064
vn -0.7621 0.5337 0.3664
vn 0.8377 0.4935 0.2341
vn -0.6986 0.6508 0.2974
vn 0.8945 0.3174 0.3148
vn -0.5343 0.8114 0.2369
vn -0.6207 0.7448 0.2451
vn 0.8452 0.2402 0.4774
vn -0.7998 0.5838 0.1397
vn 0.7569 0.3373 0.5598
vn -0.9940 0.1059 -0.0288
vn 0.6744 0.4927 0.5499
vn -0.9992 -0.0049 -0.0407
vn 0.7005 0.4644 0.5418
vn -0.9973 -0.0203 -0.0707
vn 0.8359 0.3353 0.4345
vn -0.9898 0.0956 -0.1053
vn 0.9815 0.1187 0.1502
vn -0.9513 0.2769 -0.1354
vn 0.9971 0.0581 -0.0492
vn -0.8829 0.4368 -0.1723
vn 0.9854 0.1592 -0.0597
vn -0.8560 0.4810 -0.1896
vn 0.9815 0.1879 -0.0352
vn -0.9306 0.3349 -0.1475
vn 0.9488 0.3156 -0.0127
vn -0.9972 0.0527 -0.0539
vn 0.8773 0.4797 0.0164
vn -0.9983 -0.0579 -0.0002
vn 0.8740 0.4801 0.0748
vn -0.9937 0.1028 -0.0451
vn 0.9858 0.1330 0.1023
vn -0.9659 0.2212 -0.1342
vn 0.9676 -0.2447 0.0617
vn -0.9468 0.2765 -0.1645
vn 0.9283 -0.3686 0.0485
vn -0.9336 0.3320 -0.1349
vn 0.8295 -0.5419 0.1353
vn -0.9315 0.3379 -0.1344
vn 0.2137 -0.9672 -0.1372
vn -0.0355 -0.9862 -0.1619
vn -0.2073 -0.9692 -0.1326
vn 0.3339 -0.9240 0.1865
vn 0.2318 -0.9400 0.2505
vn 0.5172 -0.8215 0.2400
vn -0.9809 0.0327 -0.1916
vn 0.1098 -0.9938 0.0159
vn -0.0074 -0.9999 0.0103
vn -0.1540 -0.9880 -0.0096
vn 0.4889 -0.8696 -0.0697
vn 0.3538 -0.9293 -0.1061
vn -0.2651 -0.9627 -0.0550
vn -0.3348 -0.9421 0.0174
vn 0.0012 -0.9967 0.0809
vn 0.4298 -0.8940 0.1264
vn -0.8163 -0.5146 -0.2623
vn 0.1953 -0.9783 -0.0685
vn 0.0525 -0.9982 -0.0281
vn -0.0082 -0.9942 -0.1072
vn 0.0262 -0.9487 -0.3150
vn 0.0449 -0.9006 -0.4323
vn -0.0738 -0.9190 -0.3873
vn 0.0070 -0.9805 -0.1964
vn 0.3152 -0.9490 0.0022
vn 0.3031 -0.9523 0.0359
vn -0.0524 -0.9986 -0.0022
vn 0.3626 -0.9318 -0.0157
vn -0.4288 -0.8217 -0.3754
vn -0.1078 -0.9005 -0.4212
vn 0.0472 -0.9290 -0.3671
vn 0.2051 -0.9523 -0.2260
vn 0.2649 -0.9565 -0.1222
vn -0.5747 0.7926 0.2035
vn -0.2246 0.9481 0.2251
vn 0.1136 0.9467 0.3015
vn 0.2001 0.9133 0.3547
vn 0.1772 0.9163 0.3591
vn 0.1795 0.8925 0.4139
vn 0.2244 0.8413 0.4918
vn -0.7162 0.6737 0.1823
vn 0.2705 0.5922 0.7591
vn 0.3933 0.5405 0.7437
vn -0.7496 0.6397 0.1700
vn 0.3893 0.5155 0.7633
vn 0.6244 0.4479 0.6399
vn -0.6542 0.7310 0.1940
vn 0.6639 0.5191 0.5382
vn -0.5778 0.7709 0.2681
vn -0.4496 0.8479 0.2810
vn 0.4922 0.6767 0.5475
vn 0.4154 0.7368 0.5335
vn -0.8520 0.5029 0.1455
vn 0.4605 0.7836 0.4170
vn -0.8684 0.4895 0.0791
vn 0.4842 0.8422 0.2371
vn 0.6898 0.7235 -0.0270
vn -0.8099 0.5691 0.1421
vn 0.8429 0.4898 -0.2229
vn -0.7851 0.6118 0.0962
vn 0.8619 0.4786 -0.1672
vn -0.6624 0.7491 0.0057
vn 0.8795 0.4684 0.0845
vn -0.8563 0.4950 -0.1474
vn -0.5670 0.8218 -0.0565
vn 0.7867 0.5518 0.2770
vn -0.9735 0.0566 -0.2216
vn 0.7089 0.5625 0.4255
vn -0.9737 -0.0091 -0.2276
vn 0.8386 0.3725 0.3975
vn -0.9839 0.0061 -0.1788
vn 0.9650 0.1155 0.2353
vn -0.9872 0.1353 -0.0841
vn 0.9917 -0.0995 0.0819
vn -0.9636 0.2656 -0.0310
vn 1.0000 0.0052 -0.0039
vn -0.9162 0.3972 -0.0533
vn 0.9859 0.1649 -0.0296
vn -0.8665 0.4941 -0.0711
vn 0.9730 0.2310 -0.0045
vn -0.9176 0.3952 -0.0414
vn 0.9253 0.3712 0.0770
vn -0.9941 0.1082 -0.0119
vn 0.8653 0.4889 0.1102
vn -0.9964 -0.0804 -0.0283
vn 0.8779 0.4747 0.0626
vn -0.9961 0.0166 -0.0866
vn 0.9935 0.1055 0.0437
vn -0.9750 0.1876 -0.1188
vn 0.9585 -0.2820 0.0409
vn -0.9480 0.3046 -0.0921
vn 0.9358 -0.3508 0.0355
vn -0.9327 0.3544 -0.0676
vn 0.8738 -0.4803 0.0760
vn -0.9421 0.3312 -0.0518
vn 0.2484 -0.9660 0.0722
vn -0.0101 -0.9989 0.0460
vn -0.2691 -0.9620 0.0471
vn 0.2550 -0.9314 0.2596
vn 0.5768 -0.7996 0.1671
vn -0.9983 -0.0075 -0.0582
vn 0.4801 -0.8762 0.0418
vn 0.3536 -0.9320 0.0793
vn -0.3216 -0.9425 0.0912
vn -0.3465 -0.9322 0.1046
vn -0.0829 -0.9832 0.1624
vn 0.3290 -0.9014 0.2815
vn 0.3195 -0.8909 0.3229
vn -0.7859 -0.6012 -0.1448
vn 0.1087 -0.9574 -0.2674
vn -0.0034 -0.9809 -0.1944
vn 0.1161 -0.9761 -0.1839
vn 0.2172 -0.9373 -0.2725
vn 0.0435 -0.9630 -0.2659
vn -0.1586 -0.9402 -0.3013
vn -0.1844 -0.9513 -0.2468
vn 0.1076 -0.9930 -0.0494
vn 0.2655 -0.9491 0.1698
vn 0.1359 -0.9702 0.2004
vn 0.0123 -0.9866 0.1629
vn -0.1565 -0.9723 0.1734
vn -0.0097 -0.9916 0.1292
vn 0.4087 -0.9120 0.0360
vn -0.3409 -0.9027 -0.2624
vn -0.0912 -0.9451 -0.3139
vn -0.0302 -0.9474 -0.3185
vn 0.1363 -0.9388 -0.3164
vn 0.2204 -0.9257 -0.3075
vn -0.5051 0.8239 0.2570
vn -0.2255 0.9541 0.1973
vn 0.0467 0.9798 0.1945
vn 0.2065 0.9580 0.1988
vn 0.1512 0.9661 0.2093
vn 0.0705 0.9671 0.2445
vn 0.0504 0.9624 0.2668
vn 0.0595 0.8555 0.5144
vn 0.2109 0.7304 0.6496
vn -0.6887 0.6544 0.3121
vn 0.5940 0.4312 0.6791
vn -0.6987 0.6221 0.3533
vn 0.5585 0.4441 0.7006
vn -0.6006 0.6963 0.3930
vn 0.5196 0.5390 0.6630
vn 0.4880 0.6173 0.6171
vn -0.5852 0.6936 0.4201
vn -0.4463 0.7965 0.4080
vn 0.5221 0.6665 0.5321
vn -0.8608 0.4436 0.2496
vn 0.6914 0.6653 0.2819
vn -0.8717 0.4665 0.1499
vn 0.8197 0.5637 -0.1018
vn -0.8136 0.5647 0.1382
vn 0.8530 0.4116 -0.3208
vn -0.7890 0.6008 0.1284
vn 0.7871 0.5008 -0.3602
vn -0.6730 0.7317 0.1079
vn 0.7447 0.5964 -0.2996
vn -0.8849 0.4541 -0.1037
vn -0.5993 0.8005 0.0058
vn 0.6566 0.7514 -0.0657
vn -0.9830 0.0054 -0.1836
vn 0.7766 0.6128 0.1461
vn -0.9757 -0.0109 -0.2188
vn 0.9678 0.2097 0.1396
vn -0.9806 0.1150 -0.1585
vn 0.9997 -0.0052 0.0219
vn -0.9717 0.2317 -0.0458
vn 0.9898 -0.1425 0.0051
vn -0.9571 0.2887 0.0251
vn 0.9994 -0.0225 0.0248
vn -0.9115 0.4039 0.0781
vn 0.9861 0.1626 0.0332
vn -0.8478 0.5146 0.1283
vn 0.9618 0.2706 0.0425
vn -0.9107 0.3905 0.1349
vn 0.9051 0.4220 0.0520
vn -0.9945 0.0783 0.0690
vn 0.8932 0.4494 0.0157
vn -0.9947 -0.0992 0.0284
vn 0.9008 0.4318 -0.0463
vn -0.9992 -0.0149 0.0367
vn 0.9913 0.1099 -0.0726
vn -0.9807 0.1865 0.0583
vn 0.9563 -0.2857 -0.0614
vn -0.9431 0.3264 0.0637
vn 0.9406 -0.3367 -0.0432
vn -0.9276 0.3654 0.0780
vn 0.8906 -0.4543 -0.0215
vn -0.9313 0.3532 0.0888
vn 0.2332 -0.9404 0.2474
vn 0.0177 -0.9653 0.2606
vn -0.2638 -0.9378 0.2258
vn 0.6300 -0.7761 0.0298
vn -0.9944 -0.0114 0.1050
vn 0.0170 -0.9996 -0.0216
vn 0.4194 -0.8987 0.1284
vn 0.3167 -0.9280 0.1964
vn -0.3583 -0.9064 0.2237
vn -0.3281 -0.9092 0.2564
vn 0.3711 -0.9029 0.2168
vn 0.3666 -0.9207 0.1340
vn -0.7365 -0.6755 0.0354
vn -0.2469 -0.9624 -0.1135
vn -0.0701 -0.9794 -0.1894
vn 0.0298 -0.9667 -0.2542
vn 0.2140 -0.9098 -0.3557
vn 0.1721 -0.9035 -0.3924
vn 0.0224 -0.9363 -0.3504
vn -0.0660 -0.9503 -0.3042
vn 0.0990 -0.9689 -0.2266
vn 0.1828 -0.9751 -0.1258
vn -0.1114 -0.9907 -0.0782
vn -0.2367 -0.9683 -0.0800
vn -0.1374 -0.9905 0.0117
vn 0.1155 -0.9748 0.1910
vn 0.1594 -0.9483 0.2743
vn -0.0057 -0.9522 0.3054
vn -0.1666 -0.9316 0.3231
vn 0.1136 -0.9596 0.2575
vn 0.4671 -0.8754 0.1242
vn -0.1212 -0.9580 0.2598
vn 0.2537 -0.9381 0.2356
vn 0.0332 0.9029 0.4285
vn -0.5699 0.7150 0.4050
vn -0.3908 0.8701 0.3002
vn -0.1757 0.9553 0.2379
vn 0.0500 0.9775 0.2052
vn 0.1704 0.9590 0.2265
vn 0.0973 0.9502 0.2960
vn 0.0308 0.9372 0.3474
vn 0.0482 0.9306 0.3629
vn -0.1192 0.9189 0.3761
vn 0.4986 0.6594 0.5626
vn 0.5813 0.5511 0.5987
vn -0.6095 0.6000 0.5182
vn 0.5745 0.4385 0.6911
vn -0.5355 0.6110 0.5830
vn 0.5593 0.4717 0.6817
vn -0.4185 0.6837 0.5979
vn -0.4546 0.6664 0.5909
vn 0.6192 0.5526 0.5578
vn -0.7565 0.4251 0.4970
vn 0.7784 0.5129 0.3619
vn -0.8546 0.3706 0.3638
vn 0.9202 0.3891 0.0427
vn -0.8293 0.4474 0.3347
vn 0.9156 0.3839 -0.1195
vn -0.8205 0.5121 0.2538
vn 0.9077 0.3482 -0.2340
vn -0.7391 0.6269 0.2466
vn 0.8338 0.4686 -0.2919
vn -0.6745 0.7029 0.2257
vn 0.7168 0.6476 -0.2586
vn -0.8905 0.4381 0.1231
vn 0.6359 0.7506 -0.1796
vn -0.9975 -0.0658 -0.0270
vn 0.5428 0.8186 -0.1877
vn 0.7753 0.6083 -0.1700
vn -0.9968 -0.0254 -0.0758
vn 0.9821 0.1749 -0.0696
vn -0.9761 0.2138 -0.0388
vn 0.9999 -0.0081 0.0102
vn -0.9584 0.2853 0.0095
vn 0.9922 -0.1123 0.0550
vn -0.9440 0.3274 0.0408
vn 0.9957 -0.0009 0.0930
vn -0.8700 0.4817 0.1052
vn 0.9798 0.1663 0.1112
vn -0.8055 0.5602 0.1933
vn 0.9674 0.2432 0.0699
vn -0.9032 0.3517 0.2461
vn 0.9180 0.3964 -0.0084
vn -0.9727 0.0205 0.2312
vn 0.9081 0.4152 -0.0544
vn -0.9684 -0.0578 0.2427
vn 0.9197 0.3827 -0.0876
vn -0.9516 0.0308 0.3058
vn 0.9830 0.0873 -0.1613
vn -0.9390 0.1485 0.3102
vn 0.9432 -0.2758 -0.1853
vn -0.9121 0.3081 0.2706
vn 0.9465 -0.2883 -0.1450
vn -0.8876 0.3745 0.2683
vn 0.8924 -0.4391 -0.1046
vn -0.9092 0.3262 0.2590
vn 0.6683 -0.7411 -0.0644
vn -0.9746 -0.0387 0.2205
vn 0.0062 -1.0000 0.0031
vn 0.3926 -0.8810 0.2640
vn 0.2653 -0.9218 0.2827
vn 0.1692 -0.9221 0.3480
vn 0.0163 -0.9134 0.4067
vn -0.2137 -0.8941 0.3935
vn -0.3700 -0.8569 0.3588
vn 0.3611 -0.9289 -0.0820
vn 0.4132 -0.9098 -0.0395
vn -0.6773 -0.7213 0.1450
vn -0.1586 -0.9862 0.0470
vn -0.0001 -0.9991 -0.0431
vn 0.1570 -0.9750 -0.1572
vn 0.3031 -0.9216 -0.2425
vn 0.1381 -0.9561 -0.2584
vn -0.0062 -0.9714 -0.2372
vn -0.0784 -0.9681 -0.2379
vn -0.0017 -0.9842 -0.1769
vn 0.0726 -0.9966 -0.0389
vn -0.1247 -0.9910 0.0479
vn -0.2663 -0.9573 0.1128
vn -0.2667 -0.9429 0.1995
vn 0.0752 -0.8854 0.4588
vn -0.0579 -0.8362 0.5453
vn 0.5070 -0.8123 0.2883
vn -0.2714 -0.9064 0.3236
vn 0.0406 -0.9898 0.1367
vn 0.3120 -0.9481 -0.0605
vn -0.0444 -0.9430 0.3298
vn -0.1002 -0.8356 0.5402
vn 0.2520 -0.8700 0.4238
vn -0.3403 0.8767 0.3401
vn -0.1461 0.9139 0.3788
vn 0.0537 0.9155 0.3986
vn 0.1160 0.9012 0.4176
vn 0.0605 0.9020 0.4275
vn 0.0234 0.9102 0.4134
vn 0.0912 0.9265 0.3651
vn -0.0277 0.9729 0.2295
vn 0.0703 0.9949 0.0728
vn -0.4802 0.7013 0.5269
vn -0.4274 0.8191 0.3827
vn 0.4222 0.9033 0.0758
vn 0.6236 0.7478 0.2279
vn -0.4721 0.6057 0.6405
vn 0.7299 0.5633 0.3874
vn -0.4487 0.6225 0.6412
vn -0.4563 0.5950 0.6616
vn 0.8216 0.5333 0.2015
vn -0.6538 0.5283 0.5417
vn 0.8275 0.5598 0.0423
vn -0.8538 0.2380 0.4631
vn 0.8946 0.4467 -0.0059
vn -0.8289 0.3040 0.4696
vn 0.9562 0.2741 -0.1031
vn -0.8291 0.3504 0.4357
vn 0.9430 0.2987 -0.1467
vn -0.7993 0.4633 0.3827
vn 0.9370 0.2937 -0.1890
vn -0.7000 0.6303 0.3357
vn 0.8707 0.4478 -0.2033
vn -0.7029 0.6363 0.3180
vn 0.7166 0.6706 -0.1920
vn -0.9176 0.3225 0.2324
vn 0.6339 0.7488 -0.1935
vn -0.9842 -0.1215 0.1286
vn 0.5821 0.7796 -0.2311
vn 0.7046 0.6084 -0.3653
vn -0.9925 -0.0321 0.1180
vn 0.8923 0.3225 -0.3158
vn -0.9596 0.2531 0.1231
vn 0.9811 0.1710 -0.0905
vn -0.9511 0.2880 0.1119
vn 0.9929 -0.0408 0.1113
vn -0.9307 0.3500 0.1065
vn 0.9869 0.0144 0.1609
vn -0.8327 0.5400 0.1226
vn 0.9823 0.1407 0.1233
vn -0.7706 0.6149 0.1678
vn 0.9806 0.1831 0.0694
vn -0.8667 0.3963 0.3030
vn 0.9334 0.3572 0.0350
vn -0.9137 0.0180 0.4060
vn 0.9106 0.4121 0.0300
vn -0.9120 -0.0340 0.4089
vn 0.9522 0.3038 -0.0328
vn -0.8943 0.1068 0.4346
vn 0.9855 -0.0235 -0.1678
vn -0.8770 0.1021 0.4694
vn 0.9429 -0.2554 -0.2136
vn -0.8615 0.2605 0.4359
vn 0.9579 -0.2291 -0.1729
vn -0.8410 0.3714 0.3934
vn 0.9126 -0.3955 -0.1038
vn -0.8798 0.2715 0.3903
vn 0.7269 -0.6866 0.0118
vn -0.9241 -0.1065 0.3670
vn 0.1481 -0.9801 -0.1324
vn -0.0062 -0.9865 -0.1639
vn -0.0844 -0.9824 -0.1667
vn 0.1235 -0.9357 0.3304
vn -0.0154 -0.9343 0.3561
vn -0.1764 -0.9218 0.3451
vn 0.3915 -0.8994 -0.1943
vn 0.2893 -0.9396 -0.1829
vn 0.3347 -0.9421 -0.0228
vn -0.5965 -0.7438 0.3016
vn -0.1067 -0.9753 0.1934
vn 0.1152 -0.9875 0.1080
vn 0.2770 -0.9607 -0.0195
vn 0.3425 -0.9347 -0.0949
vn -0.1418 -0.9862 -0.0857
vn -0.0385 -0.9970 0.0665
vn 0.0183 -0.9946 0.1018
vn -0.1497 -0.9864 0.0682
vn -0.2609 -0.9652 -0.0170
vn -0.2966 -0.9513 -0.0835
vn 0.4108 -0.8356 0.3648
vn 0.2683 -0.9001 0.3432
vn -0.3437 -0.9018 0.2620
vn -0.1300 -0.9837 0.1246
vn 0.2717 -0.9604 -0.0614
vn -0.2454 -0.9694 0.0051
vn -0.1932 -0.9346 0.2985
vn -0.1566 -0.8515 0.5005
vn 0.0496 -0.8819 0.4689
vn 0.3636 -0.8616 0.3543
vn 0.4996 -0.8010 0.3299
vn -0.3635 0.8635 0.3497
vn -0.3890 0.8384 0.3818
vn -0.1889 0.8562 0.4809
vn 0.0272 0.8446 0.5347
vn 0.0622 0.8197 0.5694
vn 0.0727 0.8100 0.5820
vn 0.1538 0.8692 0.4699
vn 0.2608 0.9367 0.2337
vn 0.1905 0.9811 0.0333
vn 0.1855 0.9743 -0.1279
vn -0.4286 0.6878 0.5858
vn -0.4082 0.7714 0.4882
vn -0.3620 0.8435 0.3968
vn 0.3393 0.9198 -0.1973
vn 0.5966 0.7852 -0.1659
vn -0.4844 0.5927 0.6435
vn -0.4614 0.5841 0.6678
vn 0.8093 0.5594 -0.1793
vn -0.5936 0.6033 0.5325
vn 0.8285 0.4664 -0.3100
vn -0.7493 0.4570 0.4793
vn 0.7842 0.4670 -0.4086
vn -0.7990 0.2706 0.5371
vn 0.8191 0.4352 -0.3736
vn -0.8065 0.2591 0.5315
vn 0.9129 0.3104 -0.2650
vn -0.7991 0.3150 0.5121
vn 0.9400 0.2809 -0.1935
vn -0.7271 0.4443 0.5234
vn 0.9397 0.3040 -0.1567
vn -0.6357 0.5871 0.5013
vn 0.8740 0.4780 -0.0869
vn -0.7448 0.4859 0.4573
vn 0.7544 0.6491 -0.0976
vn -0.9343 0.1159 0.3372
vn 0.6583 0.7368 -0.1545
vn -0.9627 -0.1266 0.2393
vn 0.7497 0.5807 -0.3173
vn -0.9669 -0.0345 0.2529
vn 0.7925 0.3960 -0.4639
vn -0.9413 0.2400 0.2374
vn 0.8396 0.4142 -0.3516
vn -0.9330 0.2802 0.2260
vn 0.9814 0.1427 -0.1286
vn -0.9054 0.3543 0.2341
vn 0.9999 0.0162 -0.0024
vn -0.8088 0.5423 0.2274
vn 0.9932 0.1159 0.0093
vn -0.7221 0.6479 0.2427
vn 0.9833 0.1789 0.0341
vn -0.7993 0.4917 0.3455
vn 0.9374 0.3460 0.0390
vn -0.8810 0.0878 0.4649
vn 0.9026 0.4284 0.0426
vn -0.8550 -0.0297 0.5177
vn 0.9811 0.1929 0.0125
vn -0.8350 0.1512 0.5290
vn 0.9851 -0.1489 -0.0864
vn -0.8397 0.0929 0.5350
vn 0.9768 -0.1963 -0.0860
vn -0.8264 0.2130 0.5213
vn 0.9836 -0.1801 -0.0126
vn -0.7874 0.3581 0.5019
vn 0.9335 -0.3583 0.0138
vn -0.8160 0.2377 0.5270
vn 0.7742 -0.6323 0.0270
vn -0.8314 -0.1422 0.5372
vn 0.1857 -0.9812 0.0516
vn 0.0189 -0.9995 0.0258
vn -0.1146 -0.9930 0.0281
vn 0.1359 -0.9907 0.0032
vn -0.0191 -0.9996 -0.0186
vn -0.1317 -0.9889 -0.0685
vn 0.3958 -0.9129 -0.0999
vn 0.2281 -0.9726 -0.0447
vn 0.0155 -0.9999 0.0057
vn 0.4408 -0.8963 0.0492
vn -0.6733 -0.5921 0.4429
vn 0.3823 -0.9128 0.1438
vn 0.3644 -0.9286 0.0697
vn -0.2763 -0.9554 0.1041
vn -0.1197 -0.9740 0.1925
vn 0.0976 -0.9835 0.1525
vn -0.0056 -0.9999 -0.0106
vn -0.1420 -0.9711 -0.1917
vn -0.2363 -0.9283 -0.2871
vn -0.3907 -0.8874 -0.2446
vn 0.4443 -0.8946 0.0482
vn 0.3262 -0.9447 0.0327
vn -0.2812 -0.9518 -0.1225
vn -0.0410 -0.9866 -0.1580
vn 0.3530 -0.9245 -0.1439
vn -0.3358 -0.8697 0.3617
vn -0.0528 -0.9447 0.3235
vn 0.2039 -0.9451 0.2556
vn -0.4989 -0.8662 -0.0290
vn 0.4488 -0.8884 0.0966
vn 0.5051 -0.8618 0.0473
vn -0.2636 -0.9481 0.1777
vn 0.1731 -0.9655 0.1946
vn -0.4859 0.8268 0.2835
vn -0.3047 0.8525 0.4248
vn -0.0760 0.8208 0.5662
vn -0.0169 0.7575 0.6526
vn 0.1651 0.7636 0.6242
vn 0.4466 0.7990 0.4026
vn -0.3534 0.9194 0.1729
vn -0.4010 0.8902 0.2162
vn 0.4841 0.8662 0.1237
vn 0.3142 0.9493 -0.0134
vn -0.3484 0.8990 0.2652
vn -0.3575 0.9197 0.1624
vn 0.2961 0.9502 -0.0970
vn 0.4039 0.8880 -0.2197
vn 0.6094 0.7250 -0.3211
vn -0.6455 0.5655 0.5133
vn -0.4706 0.7718 0.4276
vn 0.8147 0.4703 -0.3392
vn -0.7568 0.5115 0.4069
vn 0.8564 0.3557 -0.3743
vn -0.7958 0.4734 0.3776
vn 0.8046 0.3972 -0.4413
vn -0.8802 0.3111 0.3585
vn 0.7508 0.4716 -0.4625
vn -0.8841 0.2752 0.3776
vn 0.8111 0.4487 -0.3752
vn -0.7985 0.4059 0.4446
vn 0.9051 0.3820 -0.1866
vn -0.7402 0.4772 0.4737
vn 0.9221 0.3870 -0.0081
vn -0.6986 0.5988 0.3917
vn 0.8643 0.5001 0.0533
vn -0.8540 0.3599 0.3757
vn 0.7959 0.6045 0.0343
vn -0.9319 -0.0352 0.3611
vn 0.7644 0.6414 -0.0660
vn -0.9327 -0.1142 0.3420
vn 0.7044 0.6675 -0.2414
vn 0.7954 0.4737 -0.3780
vn -0.9364 -0.0234 0.3502
vn 0.8304 0.3585 -0.4266
vn -0.9280 0.1963 0.3168
vn 0.7416 0.5255 -0.4170
vn -0.9163 0.2813 0.2852
vn 0.8683 0.3021 -0.3935
vn -0.8729 0.3847 0.3002
vn 0.9407 0.0393 -0.3369
vn -0.7700 0.5472 0.3281
vn 0.9485 0.1506 -0.2789
vn -0.7307 0.6217 0.2821
vn 0.9533 0.2274 -0.1987
vn -0.8173 0.5317 0.2221
vn 0.9337 0.3109 -0.1778
vn -0.8901 0.2730 0.3650
vn 0.8739 0.4520 -0.1791
vn -0.8224 0.0742 0.5641
vn 0.9697 0.2264 -0.0912
vn -0.8215 0.0843 0.5639
vn 0.9858 -0.1661 0.0253
vn -0.8649 0.0776 0.4959
vn 0.9868 -0.1525 0.0545
vn -0.8609 0.1967 0.4693
vn 0.9890 -0.1276 0.0750
vn -0.8510 0.3385 0.4015
vn 0.9373 -0.3218 0.1337
vn -0.9198 0.2083 0.3327
vn 0.7217 -0.6849 0.1003
vn -0.9339 -0.2007 0.2960
vn 0.0472 -0.9795 0.1956
vn -0.1413 -0.9709 0.1933
vn 0.3552 -0.9180 -0.1765
vn 0.1579 -0.9600 -0.2313
vn -0.0214 -0.9723 -0.2328
vn -0.0877 -0.9711 -0.2221
vn -0.2445 -0.9416 -0.2314
vn 0.3561 -0.9344 -0.0052
vn 0.1781 -0.9837 0.0238
vn 0.2591 -0.9658 0.0092
vn -0.7281 -0.6330 0.2630
vn 0.3712 -0.9063 0.2020
vn 0.1997 -0.9571 0.2101
vn -0.3087 -0.9345 0.1771
vn -0.0868 -0.9912 0.1001
vn 0.1994 -0.9799 0.0106
vn 0.1552 -0.9836 -0.0920
vn -0.0755 -0.9876 -0.1379
vn -0.2532 -0.9623 -0.0995
vn -0.4377 -0.8971 -0.0598
vn 0.4211 -0.8926 -0.1609
vn -0.0904 -0.9784 -0.1858
vn 0.2952 -0.9526 -0.0737
vn -0.3753 -0.8839 0.2792
vn 0.0056 -0.9483 0.3173
vn 0.2732 -0.9303 0.2448
vn 0.4297 -0.8817 0.1948
vn -0.6071 -0.7927 -0.0553
vn 0.5281 -0.8470 -0.0619
vn 0.5159 -0.8436 -0.1493
vn -0.3218 -0.9466 -0.0202
vn 0.2306 -0.9730 -0.0012
vn -0.2442 0.8574 0.4530
vn -0.0009 0.8835 0.4684
vn 0.3580 0.8741 0.3282
vn -0.5466 0.8193 0.1730
vn -0.4607 0.8388 0.2903
vn 0.6483 0.7501 0.1305
vn -0.3835 0.9173 0.1069
vn -0.4499 0.8827 0.1359
vn 0.5938 0.8042 0.0250
vn 0.3929 0.9176 -0.0602
vn -0.3543 0.8955 0.2695
vn -0.2605 0.9517 0.1627
vn -0.3348 0.9344 0.1216
vn 0.4081 0.8915 -0.1967
vn 0.5050 0.7998 -0.3245
vn -0.6421 0.6565 0.3958
vn 0.6551 0.6561 -0.3746
vn -0.8113 0.4466 0.3771
vn 0.8547 0.3875 -0.3455
vn -0.9054 0.3783 0.1926
vn 0.8612 0.3584 -0.3604
vn -0.9587 0.2839 0.0144
vn 0.7986 0.4848 -0.3566
vn -0.9313 0.3643 -0.0004
vn 0.7626 0.5565 -0.3299
vn -0.8570 0.5150 0.0183
vn 0.8013 0.5711 -0.1784
vn -0.8332 0.5529 0.0072
vn 0.8600 0.5097 0.0262
vn -0.7683 0.6394 0.0288
vn 0.8582 0.4975 0.1263
vn -0.8928 0.4120 0.1822
vn 0.8466 0.5297 0.0527
vn -0.9295 0.0247 0.3679
vn 0.8784 0.4512 -0.1577
vn -0.8960 -0.0925 0.4344
vn 0.8309 0.3941 -0.3928
vn -0.8877 0.0021 0.4605
vn 0.8180 0.3687 -0.4416
vn -0.8750 0.1523 0.4596
vn 0.7636 0.5313 -0.3668
vn -0.8580 0.2641 0.4406
vn 0.8423 0.3643 -0.3972
vn -0.8051 0.4071 0.4313
vn 0.9007 0.0586 -0.4305
vn -0.7657 0.5252 0.3713
vn 0.8789 0.1468 -0.4538
vn -0.8178 0.5249 0.2358
vn 0.8480 0.2336 -0.4757
vn -0.8413 0.5182 0.1541
vn 0.8524 0.2909 -0.4345
vn -0.8379 0.4927 0.2350
vn 0.8101 0.4601 -0.3633
vn -0.9153 0.1966 0.3517
vn 0.8876 0.3989 -0.2301
vn -0.9408 -0.0344 0.3372
vn 0.9999 -0.0112 -0.0068
vn -0.9628 0.0366 0.2679
vn 0.9804 -0.1637 0.1100
vn -0.9728 0.1409 0.1840
vn 0.9895 -0.1020 0.1024
vn -0.9674 0.2482 0.0492
vn 0.9619 -0.1976 0.1888
vn -0.9860 0.1590 -0.0504
vn 0.3863 -0.8932 0.2300
vn 0.7648 -0.5580 0.3222
vn -0.9719 -0.2220 -0.0780
vn -0.1151 -0.9932 -0.0150
vn 0.3862 -0.9213 -0.0444
vn 0.1785 -0.9824 -0.0560
vn -0.0481 -0.9972 -0.0575
vn -0.0992 -0.9945 -0.0333
vn -0.2470 -0.9688 -0.0216
vn 0.3137 -0.9456 0.0861
vn 0.1781 -0.9782 0.1073
vn 0.2202 -0.9678 0.1220
vn -0.7970 -0.6030 -0.0340
vn 0.3428 -0.8971 0.2786
vn 0.1947 -0.9299 0.3122
vn 0.0551 -0.9459 0.3197
vn -0.1486 -0.9360 0.3191
vn -0.1657 -0.9643 0.2064
vn 0.0748 -0.9968 -0.0289
vn 0.2335 -0.9633 -0.1327
vn 0.1265 -0.9881 -0.0878
vn -0.2643 -0.9644 -0.0085
vn -0.4341 -0.9009 0.0007
vn 0.4871 -0.8633 -0.1319
vn 0.3954 -0.9160 -0.0681
vn -0.1648 -0.9863 -0.0115
vn 0.2261 -0.9735 0.0333
vn -0.6297 -0.7741 0.0653
vn -0.3699 -0.8925 0.2580
vn 0.0819 -0.9393 0.3330
vn 0.3490 -0.9025 0.2525
vn 0.4136 -0.8804 0.2321
vn -0.5667 -0.8216 -0.0616
vn 0.5069 -0.8248 -0.2508
vn -0.2642 -0.9340 -0.2404
vn 0.2556 -0.9153 -0.3113
vn -0.5357 0.7900 0.2984
vn -0.2444 0.9298 0.2754
vn 0.1823 0.9789 0.0923
vn 0.4822 0.8719 -0.0854
vn -0.5275 0.7899 0.3129
vn 0.6592 0.7469 -0.0877
vn -0.2886 0.8855 0.3641
vn -0.3759 0.8601 0.3450
vn -0.4525 0.8244 0.3399
vn 0.6204 0.7827 -0.0508
vn 0.5123 0.8437 -0.1602
vn -0.5990 0.7720 0.2128
vn -0.2919 0.9120 0.2881
vn -0.2580 0.9009 0.3490
vn 0.5053 0.8072 -0.3051
vn 0.5417 0.7693 -0.3388
vn -0.8365 0.5241 0.1602
vn 0.6824 0.6683 -0.2962
vn -0.9107 0.3802 0.1612
vn 0.8863 0.3767 -0.2695
vn -0.9775 0.1943 0.0821
vn 0.8931 0.3755 -0.2477
vn -0.9803 0.1881 -0.0600
vn 0.8404 0.4913 -0.2288
vn -0.9174 0.3764 -0.1289
vn 0.7870 0.5556 -0.2681
vn -0.8505 0.5051 -0.1470
vn 0.6926 0.6730 -0.2596
vn -0.7972 0.5955 -0.0995
vn 0.7520 0.6578 -0.0423
vn -0.7356 0.6774 -0.0011
vn 0.8217 0.5367 0.1917
vn -0.7883 0.5824 0.1985
vn 0.9272 0.3520 0.1276
vn -0.8496 0.2388 0.4703
vn 0.9611 0.2525 -0.1117
vn -0.8172 -0.0614 0.5731
vn 0.9224 0.3008 -0.2423
vn -0.8119 0.0237 0.5833
vn 0.8779 0.3971 -0.2674
vn -0.7925 0.1431 0.5929
vn 0.7959 0.5440 -0.2657
vn -0.7739 0.2245 0.5922
vn 0.8788 0.3878 -0.2780
vn -0.8009 0.3267 0.5018
vn 0.9585 0.0847 -0.2721
vn -0.8545 0.4047 0.3257
vn 0.9517 0.0909 -0.2934
vn -0.8756 0.4416 0.1957
vn 0.9115 0.1930 -0.3632
vn -0.8543 0.4985 0.1468
vn 0.8567 0.3598 -0.3697
vn -0.8705 0.4915 0.0274
vn 0.8113 0.4995 -0.3038
vn -0.9721 0.2153 -0.0931
vn 0.8114 0.5363 -0.2324
vn -0.9992 0.0077 -0.0393
vn 0.9679 0.2507 -0.0197
vn -0.9977 0.0224 0.0645
vn 0.9632 -0.0933 0.2520
vn -0.9964 0.0636 0.0555
vn 0.9450 -0.1137 0.3066
vn -0.9858 0.1658 0.0261
vn 0.9511 -0.0987 0.2926
vn -0.9928 0.1197 0.0024
vn 0.9100 -0.2929 0.2934
vn -0.9750 -0.2219 -0.0119
vn 0.1112 -0.9938 0.0010
vn 0.3377 -0.9410 0.0227
vn 0.1493 -0.9812 0.1226
vn -0.0157 -0.9921 0.1248
vn -0.1131 -0.9901 0.0825
vn -0.2580 -0.9618 0.0919
vn 0.2484 -0.9683 -0.0260
vn 0.1341 -0.9894 0.0557
vn 0.1017 -0.9785 0.1796
vn 0.2212 -0.9237 0.3128
vn 0.6082 -0.7171 0.3405
vn -0.8161 -0.5778 -0.0073
vn 0.1520 -0.9127 0.3793
vn 0.0312 -0.8973 0.4402
vn -0.1121 -0.8957 0.4304
vn 0.0582 -0.9519 0.3007
vn 0.2643 -0.9578 0.1126
vn 0.2034 -0.9761 0.0762
vn -0.1067 -0.9826 0.1521
vn -0.3228 -0.9375 0.1301
vn -0.4519 -0.8819 0.1345
vn 0.3704 -0.9246 -0.0892
vn 0.3906 -0.9204 -0.0190
vn -0.1161 -0.9926 0.0354
vn 0.2287 -0.9726 -0.0416
vn -0.6770 -0.7360 -0.0006
vn 0.3805 -0.9202 0.0922
vn 0.3602 -0.9215 0.1453
vn 0.2635 -0.9265 0.2688
vn -0.4118 -0.9104 0.0390
vn -0.0094 -0.9554 -0.2950
vn 0.2741 -0.8474 -0.4547
vn 0.3129 -0.8928 -0.3239
vn -0.4095 -0.9077 0.0916
vn 0.1479 -0.9808 0.1275
vn -0.4887 0.7282 0.4804
vn -0.4518 0.7738 0.4441
vn -0.0140 0.9627 0.2702
vn 0.4145 0.9100 -0.0038
vn 0.5303 0.8376 -0.1313
vn -0.4515 0.7662 0.4573
vn 0.5948 0.7988 -0.0898
vn -0.3176 0.8758 0.3635
vn -0.2980 0.8578 0.4187
vn -0.3807 0.8121 0.4421
vn 0.6376 0.7691 -0.0448
vn -0.6569 0.7532 -0.0349
vn -0.4160 0.8795 0.2314
vn 0.6377 0.7591 -0.1309
vn 0.5630 0.7941 -0.2290
vn -0.8243 0.5237 -0.2151
vn 0.5515 0.7968 -0.2468
vn -0.8908 0.4146 -0.1859
vn 0.8061 0.5576 -0.1982
vn -0.9799 0.1840 -0.0766
vn 0.9130 0.3789 -0.1510
vn -0.9823 0.1811 0.0476
vn 0.8668 0.4672 -0.1745
vn -0.9251 0.3619 0.1153
vn 0.8219 0.5419 -0.1756
vn -0.8675 0.4870 0.1011
vn 0.7382 0.6602 -0.1387
vn -0.7797 0.6216 0.0751
vn 0.6128 0.7813 -0.1181
vn 0.6249 0.7803 -0.0253
vn -0.7105 0.6996 0.0757
vn 0.8226 0.5653 0.0615
vn -0.6596 0.7315 0.1727
vn 0.9803 0.1957 0.0261
vn -0.7268 0.4807 0.4907
vn 0.9905 0.1363 -0.0171
vn -0.7245 -0.0045 0.6892
vn 0.9591 0.2805 -0.0380
vn -0.7137 0.0076 0.7004
vn 0.9190 0.3913 -0.0476
vn -0.7361 0.1164 0.6668
vn 0.8416 0.5376 -0.0515
vn -0.7825 0.1514 0.6040
vn 0.9157 0.3900 -0.0967
vn -0.8391 0.1830 0.5122
vn 0.9865 0.1073 -0.1234
vn -0.8723 0.2600 0.4140
vn 0.9898 0.0528 -0.1327
vn -0.8801 0.3604 0.3091
vn 0.9772 0.1477 -0.1524
vn -0.9132 0.3849 0.1337
vn 0.9107 0.3638 -0.1955
vn -0.9534 0.2561 -0.1596
vn 0.8264 0.5123 -0.2339
vn -0.9253 0.1574 -0.3451
vn 0.7611 0.6283 -0.1614
vn -0.9419 0.1766 -0.2858
vn 0.8745 0.4816 0.0579
vn -0.9854 0.1336 -0.1059
vn 0.9534 0.0768 0.2917
vn -0.9889 0.1250 0.0799
vn 0.9229 -0.1293 0.3628
vn -0.9704 0.1674 0.1741
vn 0.9365 -0.1639 0.3102
vn -0.9806 0.0869 0.1755
vn 0.9111 -0.3741 0.1733
vn -0.9595 -0.2541 0.1219
vn 0.2415 -0.9582 0.1534
vn 0.0877 -0.9701 0.2263
vn 0.0480 -0.9723 0.2286
vn -0.1251 -0.9633 0.2374
vn 0.2753 -0.9527 -0.1291
vn 0.1911 -0.9715 -0.1405
vn 0.0443 -0.9944 -0.0960
vn -0.0158 -0.9995 -0.0263
vn 0.1336 -0.9906 0.0309
vn 0.5963 -0.7991 0.0760
vn -0.7806 -0.6250 0.0061
vn 0.3220 -0.9011 0.2904
vn 0.2079 -0.9220 0.3267
vn 0.0506 -0.9440 0.3261
vn -0.1368 -0.9174 0.3738
vn -0.2950 -0.8992 0.3231
vn 0.2989 -0.9083 -0.2927
vn 0.1102 -0.9622 -0.2489
vn 0.2268 -0.9669 -0.1168
vn 0.3462 -0.9377 0.0293
vn -0.2080 -0.9581 0.1970
vn 0.0666 -0.9976 0.0175
vn -0.5351 -0.8187 -0.2084
vn 0.2970 -0.8818 -0.3663
vn 0.2349 -0.9316 -0.2773
vn 0.1194 -0.9829 -0.1402
vn 0.0102 -0.9989 0.0447
vn -0.0987 -0.9658 0.2399
vn -0.0857 -0.9384 0.3346
vn 0.1912 -0.9276 0.3210
vn -0.4250 -0.8730 0.2391
vn -0.1750 -0.9815 0.0782
vn 0.3031 -0.9395 -0.1599
vn -0.0575 -0.9428 -0.3283
vn -0.5039 0.7067 0.4966
vn -0.2787 0.8313 0.4810
vn 0.2753 0.9141 0.2979
vn -0.4704 0.7315 0.4936
vn 0.5620 0.8241 0.0701
vn 0.5694 0.8219 -0.0164
vn -0.3521 0.8343 0.4242
vn -0.4205 0.7772 0.4681
vn 0.5472 0.8368 -0.0186
vn -0.6161 0.7816 0.0975
vn -0.3918 0.8542 0.3419
vn 0.6388 0.7692 0.0166
vn -0.7785 0.5858 -0.2253
vn 0.7157 0.6983 -0.0115
vn -0.7977 0.4364 -0.4162
vn 0.6251 0.7644 -0.1577
vn 0.5838 0.7651 -0.2714
vn -0.7805 0.4571 -0.4265
vn 0.7610 0.6030 -0.2393
vn -0.8924 0.3559 -0.2774
vn 0.9033 0.4148 -0.1091
vn -0.9276 0.3735 0.0086
vn 0.8927 0.4473 -0.0546
vn -0.8888 0.4054 0.2136
vn 0.8201 0.5709 -0.0385
vn -0.8727 0.4353 0.2211
vn 0.7368 0.6761 0.0010
vn -0.7907 0.5961 0.1397
vn 0.6227 0.7821 -0.0238
vn 0.5762 0.8147 -0.0652
vn -0.6888 0.7103 0.1449
vn 0.8405 0.5391 -0.0534
vn -0.5894 0.7826 0.2002
vn 0.9889 0.1472 -0.0220
vn -0.6470 0.5837 0.4906
vn -0.4944 0.8336 0.2464
vn 0.9887 0.1498 0.0058
vn -0.7658 0.0908 0.6366
vn 0.9597 0.2782 0.0394
vn -0.7719 -0.0568 0.6332
vn 0.9067 0.4156 0.0721
vn -0.8176 0.0370 0.5746
vn 0.8481 0.5226 0.0875
vn -0.8447 0.0826 0.5289
vn 0.9483 0.3158 0.0322
vn -0.8447 0.1264 0.5201
vn 0.9957 0.0465 -0.0802
vn -0.8586 0.1537 0.4891
vn 0.9897 0.0415 -0.1372
vn -0.9335 0.1576 0.3222
vn 0.9807 0.1557 -0.1184
vn -0.9946 0.1028 0.0107
vn 0.9385 0.3280 -0.1076
vn -0.9699 0.0165 -0.2428
vn 0.8444 0.5278 -0.0913
vn -0.9400 0.1236 -0.3180
vn 0.7634 0.6442 -0.0469
vn -0.9129 0.2698 -0.3062
vn 0.7500 0.6573 -0.0741
vn 0.8334 0.5415 -0.1105
vn -0.9246 0.3230 -0.2019
vn 0.9768 0.2002 -0.0764
vn -0.9660 0.2530 -0.0538
vn 0.9972 -0.0701 -0.0262
vn -0.9820 0.1890 0.0006
vn 0.9675 -0.2529 -0.0060
vn -0.9972 0.0750 0.0047
vn 0.8335 -0.5416 -0.1091
vn -0.9426 -0.3294 -0.0555
vn 0.0508 -0.9476 0.3152
vn 0.3122 -0.9494 -0.0351
vn 0.1761 -0.9837 -0.0376
vn 0.0537 -0.9960 -0.0713
vn 0.0002 -0.9859 -0.1675
vn 0.0936 -0.9704 -0.2226
vn 0.4763 -0.8523 -0.2161
vn -0.6773 -0.7049 -0.2109
vn 0.0994 -0.8404 -0.5328
vn -0.0107 -0.8761 -0.4820
vn -0.1552 -0.9048 -0.3966
vn 0.1311 -0.8973 0.4214
vn 0.0219 -0.8744 0.4848
vn -0.0977 -0.8661 0.4903
vn 0.2955 -0.9393 -0.1743
vn 0.0861 -0.9781 -0.1894
vn 0.0794 -0.9842 -0.1584
vn 0.1399 -0.9885 0.0568
vn 0.1155 -0.9559 0.2699
vn 0.0635 -0.9344 0.3504
vn -0.1137 -0.9110 0.3965
vn -0.0398 -0.9553 0.2930
vn 0.2863 -0.9550 0.0776
vn -0.2833 -0.8497 -0.4448
vn 0.0835 -0.8048 -0.5876
vn 0.1789 -0.7940 -0.5811
vn -0.2712 -0.9303 -0.2469
vn -0.1904 -0.9799 -0.0596
vn 0.1242 -0.9836 0.1305
vn 0.2529 -0.9196 0.3007
vn -0.2162 -0.8727 0.4377
vn -0.2426 -0.9341 0.2619
vn 0.0793 -0.9955 -0.0523
vn 0.4101 -0.8909 -0.1952
vn -0.5431 0.7990 0.2582
vn -0.2043 0.9426 0.2640
vn 0.3876 0.8884 0.2460
vn 0.6173 0.7572 0.2134
vn -0.4638 0.8178 0.3409
vn -0.5037 0.8100 0.3004
vn 0.6203 0.7731 0.1324
vn -0.5093 0.8282 0.2341
vn -0.4326 0.8391 0.3299
vn 0.5430 0.8371 0.0666
vn -0.7671 0.6415 0.0075
vn 0.5819 0.8086 0.0874
vn 0.7530 0.6468 0.1209
vn -0.8782 0.4106 -0.2452
vn 0.7700 0.6357 0.0551
vn -0.8557 0.3906 -0.3394
vn 0.7027 0.7096 -0.0505
vn -0.8039 0.4613 -0.3754
vn 0.6325 0.7649 -0.1222
vn 0.6987 0.7120 -0.0696
vn -0.7852 0.5190 -0.3377
vn 0.8573 0.5054 0.0978
vn -0.7934 0.5902 -0.1491
vn 0.8791 0.4441 0.1731
vn -0.8389 0.5364 0.0922
vn 0.7858 0.5913 0.1814
vn -0.8533 0.4512 0.2615
vn 0.7079 0.6826 0.1817
vn -0.7910 0.5423 0.2832
vn 0.6326 0.7611 0.1431
vn -0.5694 0.7573 0.3199
vn -0.6428 0.7082 0.2921
vn 0.5759 0.8133 0.0828
vn 0.8257 0.5529 0.1116
vn -0.5067 0.8141 0.2835
vn 0.9721 0.1811 0.1489
vn -0.7465 0.6464 0.1578
vn 0.9703 0.1692 0.1727
vn -0.9894 0.0950 0.1099
vn 0.9368 0.2929 0.1914
vn -0.9898 -0.1291 0.0596
vn 0.8722 0.4437 0.2058
vn -0.9984 -0.0064 0.0567
vn 0.8436 0.4991 0.1983
vn -0.9933 0.0934 0.0678
vn 0.9672 0.2039 0.1513
vn -0.9851 0.1552 0.0735
vn 0.9965 -0.0645 0.0538
vn -0.9948 0.0933 0.0403
vn 0.9989 0.0447 0.0137
vn -0.9966 -0.0633 -0.0520
vn 0.9772 0.2069 0.0477
vn -0.9750 -0.1309 -0.1794
vn 0.9404 0.3298 0.0826
vn -0.9713 -0.0583 -0.2308
vn 0.8652 0.5004 0.0328
vn -0.9657 0.1182 -0.2311
vn 0.8359 0.5186 -0.1795
vn -0.9310 0.2912 -0.2202
vn 0.7972 0.4444 -0.4086
vn -0.8898 0.4088 -0.2029
vn 0.8096 0.3509 -0.4706
vn -0.9293 0.3234 -0.1784
vn 0.9065 0.0964 -0.4110
vn -0.9695 0.1848 -0.1607
vn 0.9363 -0.2221 -0.2721
vn -0.9746 0.0296 -0.2218
vn 0.7336 -0.6407 -0.2265
vn -0.8427 -0.4203 -0.3366
vn 0.3196 -0.9333 0.1638
vn 0.1970 -0.9710 0.1354
vn 0.1425 -0.9884 0.0528
vn 0.1093 -0.9918 -0.0657
vn 0.2915 -0.9378 -0.1887
vn -0.4420 -0.7862 -0.4319
vn -0.0785 -0.8508 -0.5195
vn 0.1203 -0.8637 -0.4894
vn 0.1330 -0.8586 -0.4952
vn 0.0355 -0.8832 -0.4676
vn -0.0672 -0.9046 -0.4210
vn -0.2151 -0.8936 -0.3940
vn -0.3534 -0.8616 -0.3645
vn 0.2685 -0.9629 0.0279
vn 0.1567 -0.9875 0.0182
vn -0.0026 -1.0000 -0.0004
vn -0.0963 -0.9901 0.1020
vn -0.0635 -0.9532 0.2956
vn 0.0184 -0.8960 0.4437
vn -0.0146 -0.8766 0.4810
vn -0.0668 -0.8904 0.4502
vn 0.1516 -0.9462 0.2858
vn 0.3849 -0.9077 0.1673
vn -0.3668 -0.8895 -0.2726
vn -0.0603 -0.9932 -0.0999
vn 0.1278 -0.9896 0.0661
vn 0.0150 -0.9824 0.1864
vn -0.0487 -0.9555 0.2910
vn -0.1459 -0.9122 0.3829
vn -0.1412 -0.8994 0.4136
vn 0.0775 -0.9705 0.2283
vn 0.3212 -0.9462 -0.0400
vn 0.3583 -0.9310 -0.0704
vn -0.5453 0.8348 -0.0763
vn -0.2436 0.9698 -0.0117
vn 0.2793 0.9482 0.1511
vn 0.5716 0.7666 0.2925
vn -0.4819 0.8682 -0.1182
vn -0.5134 0.8517 -0.1054
vn 0.6500 0.6957 0.3057
vn -0.5813 0.8065 -0.1078
vn -0.4819 0.8686 -0.1154
vn 0.5807 0.7764 0.2450
vn -0.8385 0.5299 -0.1268
vn 0.5484 0.8163 0.1815
vn 0.7411 0.6588 0.1295
vn -0.9130 0.3652 -0.1818
vn 0.8246 0.5629 0.0561
vn -0.9047 0.3831 -0.1867
vn 0.7624 0.6455 -0.0461
vn -0.8774 0.4243 -0.2240
vn 0.6677 0.7313 -0.1392
vn 0.6367 0.7594 -0.1335
vn -0.7945 0.5499 -0.2575
vn 0.7805 0.6200 -0.0796
vn -0.6934 0.6918 -0.2017
vn 0.8176 0.5718 0.0675
vn -0.7217 0.6918 -0.0252
vn 0.7099 0.6549 0.2592
vn -0.7851 0.5791 0.2197
vn 0.7024 0.6475 0.2955
vn -0.6971 0.6138 0.3705
vn 0.7045 0.7005 0.1139
vn -0.6043 0.7191 0.3431
vn 0.8230 0.5380 -0.1820
vn -0.6653 0.7188 0.2017
vn -0.5443 0.7782 0.3132
vn 0.9351 0.2361 -0.2644
vn -0.9469 0.2969 -0.1238
vn 0.9544 0.2223 -0.1992
vn -0.9492 -0.0540 -0.3099
vn 0.9213 0.3740 -0.1064
vn -0.9151 -0.1316 -0.3811
vn 0.8532 0.5216 0.0061
vn -0.9100 -0.0295 -0.4135
vn 0.8743 0.4813 0.0630
vn -0.8852 0.0771 -0.4588
vn 0.9889 0.1398 0.0500
vn -0.8627 0.1249 -0.4901
vn 0.9947 -0.0856 0.0570
vn -0.8826 0.1041 -0.4584
vn 0.9915 0.0717 0.1083
vn -0.9478 -0.0309 -0.3173
vn 0.9701 0.2158 0.1113
vn -0.9852 -0.1081 -0.1326
vn 0.9631 0.2685 0.0200
vn -0.9989 -0.0337 -0.0339
vn 0.9336 0.3003 -0.1957
vn -0.9921 0.1253 -0.0054
vn 0.8574 0.2100 -0.4699
vn -0.9601 0.2779 -0.0306
vn 0.7527 0.2240 -0.6191
vn -0.9213 0.3731 -0.1092
vn 0.6996 0.3585 -0.6181
vn -0.9176 0.3706 -0.1436
vn 0.7911 0.2772 -0.5453
vn -0.9720 0.2104 -0.1048
vn 0.8990 -0.0981 -0.4267
vn -0.9870 -0.0830 -0.1378
vn 0.3292 -0.9235 -0.1971
vn 0.7234 -0.6262 -0.2907
vn -0.7630 -0.5913 -0.2611
vn 0.1627 -0.9458 -0.2812
vn 0.1242 -0.9466 -0.2975
vn -0.0229 -0.9613 -0.2746
vn -0.0909 -0.9641 -0.2495
vn -0.2064 -0.9424 -0.2633
vn 0.2775 -0.9599 0.0386
vn 0.2510 -0.9666 -0.0517
vn 0.1971 -0.9707 -0.1378
vn -0.1650 -0.9274 -0.3358
vn -0.3820 -0.8843 -0.2686
vn -0.4682 -0.8532 -0.2297
vn 0.2429 -0.9615 0.1283
vn 0.1907 -0.9721 0.1362
vn -0.0265 -0.9895 0.1424
vn -0.2226 -0.9572 0.1853
vn -0.2199 -0.9326 0.2863
vn 0.2989 -0.9541 -0.0190
vn 0.3568 -0.9332 -0.0426
vn 0.2886 -0.9568 0.0354
vn -0.1945 -0.9656 -0.1726
vn 0.0439 -0.9924 -0.1153
vn -0.0365 -0.9931 -0.1117
vn -0.1582 -0.9851 -0.0678
vn -0.3027 -0.9502 0.0745
vn 0.4123 -0.9057 0.0987
vn 0.2824 -0.9529 0.1107
vn -0.0919 -0.9150 0.3928
vn 0.0569 -0.9268 0.3712
vn 0.1561 -0.9728 0.1712
vn -0.1469 -0.9715 0.1859
vn 0.2862 -0.9426 0.1720
vn -0.5749 0.8025 -0.1594
vn -0.3303 0.9406 -0.0784
vn 0.1380 0.9904 0.0085
vn 0.4607 0.8784 0.1271
vn 0.5597 0.7482 0.3564
vn -0.5463 0.7982 -0.2538
vn 0.4428 0.6339 0.6341
vn -0.4305 0.8269 -0.3618
vn -0.4842 0.8045 -0.3440
vn 0.4889 0.6307 0.6027
vn -0.6869 0.6786 -0.2603
vn 0.7961 0.5171 0.3144
vn -0.9083 0.3753 -0.1849
vn 0.8737 0.4865 0.0007
vn -0.9130 0.3592 -0.1933
vn 0.8119 0.5767 -0.0907
vn -0.8955 0.3935 -0.2081
vn 0.7144 0.6805 -0.1628
vn -0.8226 0.5254 -0.2176
vn 0.6593 0.7205 -0.2149
vn -0.6677 0.7132 -0.2133
vn 0.6399 0.7641 0.0822
vn -0.6238 0.7610 -0.1783
vn 0.7285 0.6550 0.2006
vn -0.6494 0.7136 0.2627
vn -0.6550 0.7557 -0.0030
vn 0.8160 0.5780 0.0021
vn -0.6744 0.6407 0.3668
vn 0.8534 0.4887 -0.1811
vn -0.6576 0.7001 0.2782
vn 0.8481 0.3818 -0.3673
vn -0.8028 0.5956 0.0254
vn -0.5852 0.7940 0.1643
vn 0.8680 0.3081 -0.3895
vn -0.9776 0.0908 -0.1897
vn 0.8846 0.3731 -0.2797
vn -0.9290 -0.1907 -0.3172
vn 0.8425 0.5245 -0.1231
vn -0.9046 -0.1719 -0.3901
vn 0.8011 0.5985 0.0076
vn -0.8836 -0.0940 -0.4588
vn 0.8628 0.4992 0.0799
vn -0.8582 0.0193 -0.5129
vn 0.9648 0.1763 0.1950
vn -0.8432 0.1221 -0.5236
vn 0.9671 -0.0797 0.2418
vn -0.8599 0.2261 -0.4576
vn 0.9828 0.0497 0.1777
vn -0.9378 0.1995 -0.2842
vn 0.9916 0.1187 0.0513
vn -0.9954 0.0753 -0.0584
vn 0.9858 0.0813 -0.1467
vn -0.9912 0.0591 0.1187
vn 0.9396 0.0582 -0.3373
vn -0.9708 0.1409 0.1942
vn 0.8982 0.0238 -0.4389
vn -0.9544 0.2338 0.1855
vn 0.8564 0.1632 -0.4899
vn -0.9412 0.3048 0.1459
vn 0.7578 0.3619 -0.5429
vn -0.9349 0.3465 0.0767
vn 0.7131 0.3175 -0.6250
vn -0.9759 0.2182 0.0036
vn 0.7391 -0.0303 -0.6729
vn -0.9877 -0.1532 -0.0301
vn 0.4227 -0.7237 -0.5456
vn 0.6781 -0.5036 -0.5353
vn -0.7150 -0.6959 -0.0672
vn -0.1158 -0.9854 -0.1251
vn 0.2040 -0.9645 -0.1675
vn 0.1259 -0.9741 -0.1881
vn -0.0409 -0.9781 -0.2042
vn -0.1058 -0.9743 -0.1989
vn -0.2104 -0.9633 -0.1669
vn 0.2524 -0.9024 -0.3493
vn 0.3098 -0.8813 -0.3569
vn 0.3169 -0.8724 -0.3721
vn 0.2729 -0.8548 -0.4414
vn -0.4013 -0.9052 -0.1402
vn -0.5109 -0.8499 -0.1288
vn -0.0124 -0.9958 -0.0907
vn 0.2420 -0.9615 0.1303
vn 0.1520 -0.9739 0.1684
vn -0.0682 -0.9685 0.2395
vn -0.2599 -0.9281 0.2665
vn 0.3791 -0.8774 -0.2941
vn 0.2861 -0.8968 -0.3375
vn -0.2528 -0.9607 -0.1149
vn 0.0229 -0.9958 -0.0883
vn -0.1847 -0.9781 -0.0963
vn -0.4015 -0.9148 -0.0436
vn 0.4202 -0.8860 0.1963
vn 0.2918 -0.9426 0.1623
vn -0.2873 -0.9169 0.2771
vn -0.0990 -0.9603 0.2609
vn 0.2402 -0.9612 0.1359
vn 0.4129 -0.9040 -0.1107
vn -0.2147 -0.9754 0.0502
vn 0.2830 -0.9458 0.1591
vn -0.6433 0.7594 -0.0973
vn -0.4076 0.9132 -0.0035
vn 0.0478 0.9960 0.0757
vn 0.2712 0.9344 0.2308
vn 0.2406 0.8098 0.5351
vn 0.0715 0.6311 0.7724
vn 0.1349 0.5704 0.8102
vn 0.2804 0.6121 0.7394
vn -0.6169 0.7600 -0.2045
vn 0.2131 0.2843 0.9348
vn 0.2590 0.1899 0.9470
vn 0.4366 0.2628 0.8604
vn -0.5362 0.7925 -0.2907
vn 0.4632 0.1098 0.8794
vn 0.3864 -0.1476 0.9104
vn -0.6240 0.7323 -0.2726
vn -0.4028 0.8604 -0.3121
vn 0.7043 0.0743 0.7060
vn -0.9020 0.3821 -0.2011
vn 0.8147 0.3673 0.4487
vn -0.9188 0.3408 -0.1993
vn 0.7587 0.4231 0.4954
vn -0.8974 0.3942 -0.1982
vn 0.6337 0.5612 0.5325
vn -0.8373 0.5103 -0.1964
vn 0.4406 0.7107 0.5484
vn -0.6929 0.6807 -0.2379
vn 0.3390 0.7066 0.6212
vn 0.5122 0.4029 0.7585
vn -0.5835 0.7644 -0.2741
vn 0.8452 0.3085 0.4364
vn -0.5067 0.8618 0.0239
vn -0.4853 0.8560 -0.1782
vn 0.8523 0.4488 0.2686
vn -0.6981 0.6918 0.1843
vn 0.8894 0.3988 0.2234
vn -0.7578 0.6477 0.0788
vn 0.9007 0.3353 0.2762
vn -0.8407 0.4801 -0.2506
vn 0.8468 0.3985 0.3523
vn -0.9190 0.0051 -0.3941
vn 0.7760 0.4548 0.4369
vn -0.8857 -0.2413 -0.3966
vn 0.7061 0.5260 0.4742
vn -0.8919 -0.2058 -0.4027
vn 0.7528 0.5179 0.4063
vn -0.9069 -0.1303 -0.4007
vn 0.7689 0.5137 0.3807
vn -0.9172 -0.0069 -0.3983
vn 0.8127 0.2853 0.5081
vn -0.9061 0.1371 -0.4001
vn 0.8340 -0.1183 0.5389
vn -0.8704 0.2917 -0.3965
vn 0.9093 -0.1357 0.3934
vn -0.8674 0.3835 -0.3170
vn 0.9885 -0.0847 0.1256
vn -0.9441 0.3069 -0.1206
vn 0.9827 -0.1390 -0.1225
vn -0.9758 0.2019 0.0840
vn 0.9543 -0.0814 -0.2875
vn -0.9757 0.1528 0.1567
vn 0.9457 0.0128 -0.3247
vn -0.9659 0.2156 0.1431
vn 0.9349 0.1316 -0.3296
vn -0.9403 0.3036 0.1541
vn 0.8699 0.2674 -0.4145
vn -0.9432 0.2865 0.1685
vn 0.7809 0.1791 -0.5984
vn -0.9860 0.1335 0.0997
vn 0.6009 -0.2714 -0.7518
vn -0.9754 -0.2196 -0.0203
vn 0.2944 -0.6832 -0.6682
vn 0.3207 -0.6477 -0.6911
vn -0.6784 -0.7289 -0.0925
vn -0.0747 -0.9932 -0.0897
vn 0.2117 -0.9752 -0.0646
vn 0.1685 -0.9814 -0.0922
vn -0.0068 -0.9883 -0.1527
vn -0.1672 -0.9783 -0.1223
vn -0.2701 -0.9627 -0.0184
vn 0.3331 -0.9008 -0.2786
vn 0.3409 -0.8402 -0.4217
vn 0.3507 -0.7313 -0.5850
vn -0.4066 -0.9131 0.0312
vn -0.4555 -0.8887 -0.0524
vn -0.2314 -0.9518 -0.2012
vn 0.0180 -0.9675 -0.2523
vn -0.0375 -0.9710 -0.2361
vn 0.0867 -0.9544 0.2857
vn -0.1042 -0.9444 0.3118
vn 0.5584 -0.8268 -0.0675
vn 0.4688 -0.8657 -0.1757
vn -0.2637 -0.9483 -0.1766
vn -0.4486 -0.8877 -0.1040
vn 0.4013 -0.8844 0.2383
vn 0.3195 -0.9113 0.2596
vn 0.2400 -0.9356 0.2588
vn -0.2316 -0.9328 0.2760
vn -0.2637 -0.9436 0.2000
vn -0.0101 -0.9931 0.1170
vn 0.3876 -0.9216 0.0201
vn -0.3207 -0.9471 -0.0114
vn 0.1532 -0.9792 0.1332
vn -0.1115 0.9551 0.2745
vn 0.1782 0.9487 0.2613
vn -0.6649 0.6810 -0.3068
vn -0.4236 0.8316 -0.3592
vn -0.0691 0.9483 -0.3099
vn 0.0060 0.9975 -0.0703
vn -0.1121 0.9794 0.1679
vn 0.3634 0.9076 0.2101
vn 0.4977 0.7760 0.3875
vn -0.6439 0.6812 -0.3485
vn 0.7551 0.4538 0.4732
vn -0.4985 0.7717 -0.3949
vn 0.4156 -0.0186 0.9094
vn 0.7915 0.3580 0.4954
vn -0.5659 0.7697 -0.2956
vn -0.3622 0.8563 -0.3683
vn 0.3126 -0.1143 0.9430
vn 0.2597 -0.0782 0.9625
vn 0.6883 0.3175 0.6523
vn -0.8944 0.4026 -0.1947
vn 0.3924 0.0835 0.9160
vn 0.2245 -0.0085 0.9744
vn 0.1292 0.0090 0.9916
vn 0.5957 0.4309 0.6778
vn -0.9238 0.3352 -0.1848
vn 0.3350 0.1304 0.9332
vn 0.1032 0.0490 0.9935
vn 0.0619 0.0828 0.9946
vn 0.5314 0.5454 0.6482
vn -0.8995 0.3965 -0.1836
vn 0.1544 0.3045 0.9399
vn -0.0285 0.2727 0.9617
vn 0.1518 0.3902 0.9081
vn 0.6240 0.6432 0.4438
vn -0.8556 0.4802 -0.1935
vn -0.0143 0.4282 0.9036
vn 0.2073 0.3500 0.9135
vn 0.7935 0.3588 0.4916
vn -0.7455 0.6331 -0.2084
vn 0.8634 0.1097 0.4924
vn -0.6397 0.7385 -0.2132
vn 0.8705 0.1971 0.4511
vn -0.3968 0.8985 -0.1880
vn -0.5318 0.8240 -0.1955
vn 0.8109 0.3836 0.4419
vn -0.6771 0.7281 -0.1072
vn -0.4156 0.8962 -0.1551
vn 0.8573 0.3723 0.3556
vn -0.8693 0.4718 -0.1473
vn 0.8924 0.3544 0.2794
vn -0.8984 0.3073 -0.3137
vn 0.8060 0.4944 0.3255
vn -0.9152 0.0304 -0.4018
vn 0.7590 0.5314 0.3763
vn -0.9183 -0.2091 -0.3363
vn 0.8095 0.4962 0.3137
vn -0.9161 -0.2341 -0.3255
vn 0.8516 0.4586 0.2537
vn -0.9160 -0.1470 -0.3732
vn 0.8073 0.5577 0.1929
vn -0.9239 0.0099 -0.3826
vn 0.8995 0.3961 0.1843
vn -0.9214 0.1404 -0.3623
vn 0.9685 -0.1116 0.2228
vn -0.8918 0.3075 -0.3319
vn 0.9055 -0.3820 0.1847
vn -0.8376 0.4580 -0.2977
vn 0.9412 -0.3365 -0.0289
vn -0.8542 0.4688 -0.2250
vn 0.9049 -0.3265 -0.2729
vn -0.9289 0.3634 -0.0706
vn 0.8529 -0.2281 -0.4697
vn -0.9766 0.1980 0.0837
vn 0.8220 -0.0286 -0.5688
vn -0.9703 0.2049 0.1285
vn 0.5619 0.0157 -0.8271
vn 0.8219 0.0766 -0.5645
vn -0.9373 0.3274 0.1196
vn 0.4903 -0.1168 -0.8637
vn 0.7845 0.0826 -0.6146
vn -0.9485 0.2867 0.1345
vn 0.3162 -0.3343 -0.8878
vn 0.6489 -0.0960 -0.7548
vn -0.9936 0.0292 0.1087
vn 0.2793 -0.3141 -0.9074
vn 0.2725 -0.3644 -0.8905
vn 0.2357 -0.4575 -0.8574
vn 0.4645 -0.3642 -0.8072
vn -0.9384 -0.3455 -0.0102
vn 0.3520 -0.1887 -0.9168
vn 0.3190 -0.2394 -0.9170
vn 0.3880 -0.4697 -0.7930
vn -0.6388 -0.7597 -0.1211
vn -0.1000 -0.9878 -0.1193
vn 0.1756 -0.9825 -0.0622
vn 0.1819 -0.9833 -0.0100
vn -0.0099 -0.9990 0.0445
vn -0.2216 -0.9720 0.0788
vn -0.3058 -0.9484 0.0837
vn 0.4885 -0.6389 -0.5943
vn 0.4216 -0.6097 -0.6712
vn -0.3591 -0.9329 0.0285
vn -0.2577 -0.9545 -0.1501
vn -0.0781 -0.9295 -0.3604
vn 0.0191 -0.8933 -0.4491
vn -0.0518 -0.8916 -0.4498
vn -0.2815 -0.8667 -0.4118
vn 0.5901 -0.7967 -0.1308
vn 0.5709 -0.7886 -0.2283
vn -0.4675 -0.8142 -0.3442
vn 0.3353 -0.8989 0.2822
vn 0.2265 -0.9326 0.2809
vn 0.0494 -0.9505 0.3068
vn -0.1066 -0.9430 0.3151
vn -0.1652 -0.9445 0.2840
vn -0.1737 -0.9653 0.1952
vn 0.1061 -0.9930 0.0524
vn 0.4657 -0.8807 -0.0868
vn -0.4418 -0.8649 -0.2381
vn -0.0877 -0.9961 -0.0084
vn 0.2974 -0.9284 0.2229
vn -0.0912 0.8851 -0.4564
vn 0.1826 0.8733 -0.4516
vn -0.2612 0.5772 -0.7737
vn -0.1194 0.5478 -0.8280
vn -0.1800 0.5991 -0.7802
vn -0.2788 0.6586 -0.6990
vn 0.3160 0.8395 -0.4421
vn 0.5290 0.7713 -0.3540
vn -0.5096 0.5022 -0.6987
vn -0.1330 0.4530 -0.8815
vn -0.0604 0.4010 -0.9141
vn -0.1723 0.3099 -0.9350
vn -0.2887 0.2491 -0.9245
vn 0.7638 0.4586 -0.4542
vn -0.5132 0.5283 -0.6764
vn -0.4318 0.3583 -0.8277
vn 0.0327 0.3236 -0.9456
vn -0.1143 0.2677 -0.9567
vn 0.4107 -0.0497 -0.9104
vn 0.7587 0.3527 -0.5477
vn -0.2644 0.7425 -0.6155
vn -0.3286 0.6712 -0.6645
vn -0.3196 0.5359 -0.7814
vn 0.2349 -0.2812 -0.9304
vn 0.2180 -0.2806 -0.9347
vn 0.1883 -0.1472 -0.9710
vn 0.6409 0.2694 -0.7188
vn -0.6539 0.5799 -0.4859
vn -0.0347 -0.1692 -0.9850
vn 0.2840 -0.1804 -0.9417
vn 0.2717 -0.1624 -0.9486
vn 0.1860 -0.1599 -0.9694
vn 0.0558 -0.1310 -0.9898
vn -0.0390 -0.0742 -0.9965
vn 0.5356 0.4499 -0.7147
vn -0.8573 0.2940 -0.4226
vn 0.0999 -0.0076 -0.9950
vn -0.0328 -0.0132 -0.9994
vn -0.1310 -0.0178 -0.9912
vn 0.0421 -0.0001 -0.9991
vn 0.2895 -0.0159 -0.9570
vn 0.3097 -0.0766 -0.9477
vn 0.1729 -0.1063 -0.9792
vn 0.0063 -0.0813 -0.9967
vn -0.0988 -0.0269 -0.9947
vn -0.0528 0.0663 -0.9964
vn 0.5442 0.5819 -0.6043
vn -0.8057 0.3087 -0.5055
vn 0.0930 0.1224 -0.9881
vn -0.0368 0.1346 -0.9902
vn 0.3586 0.0518 -0.9321
vn 0.1713 0.0334 -0.9846
vn -0.0229 0.0393 -0.9990
vn -0.1584 0.0638 -0.9853
vn -0.1560 0.1528 -0.9759
vn 0.2040 0.3642 -0.9087
vn 0.6566 0.6368 -0.4041
vn -0.7321 0.3719 -0.5708
vn 0.3504 0.1911 -0.9169
vn 0.1613 0.2262 -0.9606
vn -0.0247 0.2316 -0.9725
vn -0.1760 0.2255 -0.9582
vn -0.2276 0.2398 -0.9437
vn 0.1098 0.3200 -0.9410
vn 0.8002 0.3818 -0.4625
vn -0.5951 0.5827 -0.5535
vn -0.0378 -0.1005 -0.9942
vn 0.1270 0.4007 -0.9074
vn -0.0162 0.4160 -0.9092
vn -0.1494 0.3984 -0.9050
vn 0.8873 0.1319 -0.4419
vn -0.5888 0.7510 -0.2989
vn -0.0145 0.0516 -0.9986
vn 0.8870 0.1155 -0.4472
vn -0.3768 0.9089 -0.1785
vn -0.5056 0.8412 -0.1915
vn 0.5505 -0.0022 -0.8348
vn 0.8506 0.3207 -0.4166
vn -0.6735 0.6743 -0.3029
vn -0.4622 0.8586 -0.2217
vn 0.0932 -0.0391 -0.9949
vn 0.0262 -0.0814 -0.9963
vn -0.1215 -0.0989 -0.9877
vn 0.4211 0.0338 -0.9064
vn 0.7620 0.2899 -0.5791
vn -0.8126 0.3755 -0.4458
vn 0.0633 0.0491 -0.9968
vn -0.1534 0.0876 -0.9843
vn 0.3321 0.0743 -0.9403
vn 0.6674 0.2742 -0.6924
vn -0.8571 0.2128 -0.4692
vn 0.0703 0.2086 -0.9755
vn 0.0484 -0.0579 -0.9971
vn 0.2893 0.2393 -0.9269
vn 0.6374 0.5034 -0.5834
vn -0.8997 0.1181 -0.4202
vn 0.0766 0.0492 -0.9958
vn 0.1805 -0.2432 -0.9531
vn -0.0328 -0.2747 -0.9610
vn -0.1397 -0.2091 -0.9679
vn 0.2873 0.3117 -0.9057
vn 0.7374 0.5255 -0.4244
vn -0.9248 -0.1465 -0.3512
vn 0.2234 -0.1773 -0.9585
vn -0.0519 -0.1730 -0.9836
vn -0.1682 -0.1928 -0.9667
vn -0.1414 -0.1567 -0.9775
vn -0.0851 -0.0063 -0.9964
vn 0.7711 0.4558 -0.4446
vn -0.8863 -0.2981 -0.3545
vn 0.3424 -0.0466 -0.9384
vn 0.1945 -0.0428 -0.9800
vn -0.0491 -0.0207 -0.9986
vn -0.1856 0.0134 -0.9825
vn -0.1837 0.0406 -0.9821
vn -0.1894 0.0484 -0.9807
vn 0.8097 0.4206 -0.4094
vn -0.8879 -0.1776 -0.4243
vn 0.3542 0.2063 -0.9121
vn 0.1886 0.1910 -0.9633
vn -0.0361 0.1671 -0.9853
vn -0.2070 0.1448 -0.9676
vn -0.1699 0.1380 -0.9758
vn 0.7774 0.4818 -0.4044
vn -0.8933 0.0282 -0.4486
vn 0.1853 0.2938 -0.9377
vn -0.0010 0.2912 -0.9567
vn -0.1816 0.2600 -0.9484
vn 0.8079 0.4159 -0.4176
vn -0.8934 0.1702 -0.4157
vn 0.9227 -0.0494 -0.3822
vn -0.8726 0.3507 -0.3400
vn 0.8322 -0.4425 -0.3341
vn -0.8412 0.4408 -0.3132
vn 0.7864 -0.4777 -0.3917
vn -0.7937 0.5077 -0.3351
vn 0.0260 0.0153 -0.9995
vn 0.7378 -0.4312 -0.5193
vn -0.8148 0.5425 -0.2045
vn 0.1971 -0.1930 -0.9612
vn 0.3343 -0.2933 -0.8957
vn 0.6096 -0.3432 -0.7146
vn -0.9334 0.3535 0.0614
vn 0.4397 -0.1236 -0.8896
vn 0.6055 -0.1299 -0.7851
vn -0.9571 0.2051 0.2047
vn 0.4233 -0.0792 -0.9025
vn -0.9310 0.3074 0.1970
vn 0.2805 -0.3993 -0.8729
vn 0.2970 -0.2752 -0.9144
vn -0.9666 0.2311 0.1108
vn 0.4479 -0.3468 -0.8241
vn 0.3178 -0.3744 -0.8711
vn 0.2387 -0.3810 -0.8932
vn 0.2233 -0.4008 -0.8886
vn -0.9949 -0.0908 -0.0445
vn 0.4941 -0.2529 -0.8318
vn 0.3127 -0.2905 -0.9043
vn -0.8669 -0.4618 -0.1876
vn 0.5315 -0.1181 -0.8388
vn -0.5689 -0.7901 -0.2281
vn -0.1422 -0.9720 -0.1869
vn 0.0874 -0.9903 -0.1083
vn 0.0773 -0.9962 0.0406
vn -0.0747 -0.9837 0.1633
vn -0.1889 -0.9697 0.1547
vn -0.2665 -0.9615 0.0676
vn 0.5586 -0.1587 -0.8141
vn 0.5870 -0.3193 -0.7440
vn -0.1863 -0.9764 -0.1097
vn -0.0090 -0.9347 -0.3553
vn 0.0688 -0.8665 -0.4944
vn 0.0490 -0.8385 -0.5427
vn -0.0771 -0.8404 -0.5364
vn -0.2797 -0.8213 -0.4972
vn 0.5923 -0.5956 -0.5426
vn -0.4426 -0.7537 -0.4859
vn -0.5201 -0.7261 -0.4497
vn 0.3574 -0.9307 0.0782
vn 0.2261 -0.9709 0.0784
vn 0.0473 -0.9966 0.0681
vn -0.0787 -0.9964 0.0321
vn -0.1225 -0.9924 -0.0147
vn -0.0613 -0.9942 -0.0883
vn 0.2344 -0.9551 -0.1811
vn 0.5286 -0.7769 -0.3420
vn -0.3869 -0.8756 -0.2891
vn 0.0992 -0.9936 -0.0534
vn -0.1719 0.4722 -0.8646
vn 0.0411 0.5260 -0.8495
vn -0.2533 0.2273 -0.9403
vn -0.0012 0.1995 -0.9799
vn 0.1892 0.3418 -0.9205
vn 0.3804 0.3094 -0.8715
vn -0.1459 0.3634 -0.9201
vn -0.2689 0.2312 -0.9350
vn -0.1394 0.1224 -0.9826
vn 0.1387 -0.0694 -0.9879
vn 0.1909 -0.1831 -0.9644
vn 0.3079 -0.1696 -0.9362
vn -0.2758 0.3754 -0.8849
vn -0.0686 0.1483 -0.9865
vn 0.0703 0.0926 -0.9932
vn -0.0705 0.0437 -0.9966
vn -0.2410 0.0053 -0.9705
vn 0.0142 -0.1137 -0.9934
vn 0.2761 -0.2220 -0.9351
vn -0.1946 0.5502 -0.8121
vn -0.1997 0.5734 -0.7946
vn -0.1442 0.4697 -0.8710
vn 0.0595 0.1965 -0.9787
vn 0.1200 -0.0569 -0.9911
vn 0.0587 -0.1504 -0.9869
vn -0.1415 -0.1990 -0.9697
vn 0.0671 -0.2236 -0.9724
vn -0.4624 0.3164 -0.8283
vn -0.2454 0.2365 -0.9401
vn -0.1735 0.2427 -0.9545
vn 0.0544 0.1539 -0.9866
vn 0.2593 0.0526 -0.9644
vn 0.2178 0.0163 -0.9758
vn -0.4693 0.1298 -0.8735
vn -0.2496 0.0283 -0.9679
vn -0.0467 -0.1064 -0.9932
vn 0.1047 -0.1707 -0.9797
vn 0.1706 -0.0474 -0.9842
vn 0.1977 0.0779 -0.9772
vn -0.1484 0.1489 -0.9776
vn 0.0315 0.1572 -0.9871
vn 0.3385 0.1088 -0.9346
vn -0.3890 0.1557 -0.9080
vn -0.1387 0.0059 -0.9903
vn 0.1301 -0.1560 -0.9792
vn 0.0835 -0.2500 -0.9646
vn 0.0111 -0.2038 -0.9789
vn 0.0881 -0.0212 -0.9959
vn 0.0118 0.1250 -0.9921
vn -0.0710 0.2283 -0.9710
vn -0.1629 0.2603 -0.9517
vn 0.0619 0.2341 -0.9702
vn 0.3769 0.1771 -0.9092
vn -0.3491 0.3533 -0.8679
vn -0.2401 0.2367 -0.9414
vn 0.0458 0.0704 -0.9965
vn 0.2354 -0.0593 -0.9701
vn 0.0910 -0.1232 -0.9882
vn -0.0859 -0.0702 -0.9938
vn -0.1075 0.0896 -0.9902
vn -0.1291 0.1765 -0.9758
vn -0.1899 0.2261 -0.9554
vn 0.0579 0.2853 -0.9567
vn 0.3592 0.3231 -0.8756
vn 0.3033 0.3626 -0.8812
vn -0.2051 0.3507 -0.9138
vn 0.2101 0.2586 -0.9429
vn -0.3644 0.7614 -0.5362
vn -0.2791 0.6334 -0.7218
vn -0.2517 0.5234 -0.8140
vn -0.0960 0.4213 -0.9018
vn 0.2367 0.2468 -0.9397
vn 0.2767 0.1452 -0.9499
vn 0.1346 0.1274 -0.9827
vn -0.0887 -0.0216 -0.9958
vn -0.1110 -0.1103 -0.9877
vn -0.1564 -0.1585 -0.9749
vn -0.2679 -0.1096 -0.9572
vn -0.0921 0.0616 -0.9939
vn 0.1947 0.3077 -0.9314
vn 0.2349 0.4779 -0.8464
vn 0.0901 0.5236 -0.8472
vn -0.0255 0.5414 -0.8404
vn -0.1037 0.5396 -0.8355
vn -0.0230 0.4045 -0.9143
vn 0.3793 0.1568 -0.9119
vn -0.4106 0.8331 -0.3706
vn 0.3005 0.2335 -0.9248
vn 0.2307 0.2122 -0.9496
vn 0.1317 0.1146 -0.9846
vn 0.0215 -0.0904 -0.9957
vn -0.0287 -0.2161 -0.9759
vn -0.1433 -0.2676 -0.9528
vn -0.3138 -0.2645 -0.9119
vn -0.2622 -0.2118 -0.9415
vn -0.0398 -0.0606 -0.9974
vn 0.1542 0.0966 -0.9833
vn 0.0691 0.1750 -0.9821
vn -0.1344 0.2538 -0.9579
vn 0.5121 0.0048 -0.8589
vn -0.5606 0.6828 -0.4686
vn -0.3893 0.8427 -0.3720
vn 0.3295 0.2645 -0.9064
vn 0.3048 0.1884 -0.9336
vn 0.2352 0.0786 -0.9688
vn -0.3081 -0.1168 -0.9442
vn -0.2594 -0.1881 -0.9473
vn -0.0715 -0.3211 -0.9443
vn 0.0909 -0.3816 -0.9199
vn -0.0262 -0.3239 -0.9457
vn -0.2544 -0.2103 -0.9439
vn 0.5306 -0.0769 -0.8441
vn -0.7701 0.3560 -0.5293
vn 0.3965 0.1642 -0.9032
vn 0.3087 0.1264 -0.9427
vn 0.1921 0.0805 -0.9781
vn -0.2757 0.1157 -0.9542
vn -0.0896 -0.0162 -0.9958
vn 0.1090 -0.2398 -0.9647
vn 0.0730 -0.3014 -0.9507
vn -0.1214 -0.2874 -0.9501
vn -0.2364 -0.3055 -0.9224
vn -0.0682 -0.3974 -0.9151
vn 0.2220 -0.3525 -0.9091
vn 0.3743 -0.1207 -0.9194
vn -0.7716 0.2283 -0.5938
vn 0.3052 0.1936 -0.9324
vn 0.1665 0.2203 -0.9611
vn -0.1371 0.2698 -0.9531
vn -0.1883 0.1909 -0.9634
vn 0.1074 0.0509 -0.9929
vn 0.2006 -0.0802 -0.9764
vn -0.0980 -0.1151 -0.9885
vn -0.0860 -0.2206 -0.9716
vn 0.0487 -0.3763 -0.9252
vn 0.0700 -0.3784 -0.9230
vn 0.0692 -0.1533 -0.9858
vn 0.1981 0.1128 -0.9737
vn -0.8017 0.1953 -0.5649
vn 0.2234 0.2863 -0.9317
vn 0.1136 0.3966 -0.9109
vn 0.0365 0.4233 -0.9052
vn -0.1244 0.3922 -0.9114
vn -0.0509 0.2820 -0.9581
vn 0.2231 0.1602 -0.9615
vn 0.2383 0.1330 -0.9620
vn -0.0321 0.0636 -0.9975
vn 0.1070 -0.0879 -0.9904
vn 0.0076 -0.0805 -0.9967
vn 0.1385 0.1309 -0.9817
vn -0.8225 -0.1219 -0.5555
vn 0.1190 -0.2861 -0.9508
vn -0.0236 -0.2894 -0.9569
vn -0.0864 -0.2740 -0.9578
vn -0.0570 -0.2448 -0.9679
vn -0.0159 -0.1081 -0.9940
vn 0.3123 0.2954 -0.9029
vn 0.2980 0.2269 -0.9272
vn 0.1476 0.1623 -0.9756
vn 0.0773 0.0355 -0.9964
vn 0.2603 -0.1211 -0.9579
vn 0.2005 0.2079 -0.9574
vn -0.7805 -0.3266 -0.5331
vn 0.2986 -0.0813 -0.9509
vn 0.1428 -0.0936 -0.9853
vn -0.0060 -0.1247 -0.9922
vn -0.0824 -0.1596 -0.9837
vn -0.0897 -0.1606 -0.9829
vn -0.1342 -0.1421 -0.9807
vn 0.3080 0.3086 -0.8999
vn 0.2338 0.2526 -0.9389
vn 0.2642 0.0868 -0.9606
vn -0.1697 0.0943 -0.9810
vn 0.3582 0.2937 -0.8862
vn -0.8074 -0.2014 -0.5546
vn 0.2914 0.0125 -0.9565
vn 0.1681 0.0032 -0.9858
vn 0.0223 -0.0206 -0.9995
vn -0.1062 0.0099 -0.9943
vn -0.0954 0.0381 -0.9947
vn -0.1037 -0.0063 -0.9946
vn -0.2735 -0.0585 -0.9601
vn 0.2859 0.3522 -0.8912
vn 0.3987 0.2773 -0.8742
vn -0.2539 0.1770 -0.9509
vn -0.2116 0.2558 -0.9433
vn 0.2323 0.3008 -0.9249
vn 0.5844 0.3349 -0.7391
vn -0.7979 -0.0045 -0.6027
vn -0.5230 -0.1099 -0.8452
vn 0.2879 0.0625 -0.9556
vn 0.1827 0.0621 -0.9812
vn -0.0100 0.0984 -0.9951
vn -0.1564 0.1467 -0.9767
vn -0.0717 0.1484 -0.9863
vn -0.0727 0.1414 -0.9873
vn -0.2539 0.1502 -0.9555
vn 0.4033 0.2075 -0.8912
vn 0.3653 0.2726 -0.8901
vn -0.1755 0.2624 -0.9489
vn -0.3091 0.2822 -0.9082
vn -0.2457 0.3197 -0.9151
vn 0.2281 0.3611 -0.9042
vn 0.5734 0.3248 -0.7522
vn -0.7510 0.1718 -0.6375
vn -0.4566 0.0751 -0.8865
vn -0.2469 -0.0129 -0.9690
vn 0.1393 0.2406 -0.9606
vn -0.0686 0.2876 -0.9553
vn -0.1100 0.2485 -0.9624
vn -0.0224 0.1593 -0.9870
vn -0.0994 0.1461 -0.9843
vn 0.0718 -0.4243 -0.9027
vn 0.0259 -0.3120 -0.9497
vn 0.1885 -0.0372 -0.9814
vn 0.2545 0.2778 -0.9263
vn 0.1709 0.3922 -0.9038
vn -0.0057 0.4234 -0.9059
vn -0.1754 0.4536 -0.8738
vn -0.1375 0.4334 -0.8907
vn -0.2499 0.3129 -0.9163
vn 0.5184 0.0829 -0.8511
vn 0.7159 0.0136 -0.6981
vn -0.6449 0.3172 -0.6953
vn -0.3354 0.1325 -0.9327
vn -0.2112 0.0356 -0.9768
vn 0.0574 0.1672 -0.9842
vn -0.1211 0.1265 -0.9845
vn 0.3685 -0.3116 -0.8758
vn 0.2037 -0.3500 -0.9143
vn 0.0486 -0.3560 -0.9332
vn -0.0957 -0.3409 -0.9352
vn -0.1160 -0.2230 -0.9679
vn -0.0131 0.0354 -0.9993
vn 0.0527 0.2947 -0.9541
vn -0.0739 0.4383 -0.8958
vn -0.0219 0.0043 -0.9998
vn 0.6224 -0.2955 -0.7247
vn -0.7300 0.3622 -0.5796
vn -0.3678 0.2526 -0.8949
vn -0.1723 0.1377 -0.9754
vn -0.2094 0.0841 -0.9742
vn 0.4104 -0.1418 -0.9008
vn 0.2343 -0.1740 -0.9565
vn 0.0478 -0.1911 -0.9804
vn -0.1054 -0.2000 -0.9741
vn -0.2028 -0.2215 -0.9538
vn -0.1955 -0.2011 -0.9599
vn -0.1798 -0.0554 -0.9821
vn 0.1600 -0.3408 -0.9264
vn 0.0725 -0.4188 -0.9052
vn 0.2829 -0.4646 -0.8391
vn 0.5828 -0.4756 -0.6589
vn -0.6144 0.5535 -0.5623
vn 0.3855 0.0232 -0.9224
vn 0.2047 0.0445 -0.9778
vn -0.0495 -0.0233 -0.9985
vn -0.1856 -0.0337 -0.9820
vn -0.1962 -0.0671 -0.9783
vn -0.2373 -0.1423 -0.9610
vn -0.0727 -0.2107 -0.9748
vn 0.2089 -0.2686 -0.9403
vn 0.2579 -0.3135 -0.9139
vn 0.1929 -0.2857 -0.9387
vn 0.1978 -0.3668 -0.9090
vn 0.4538 -0.4677 -0.7585
vn -0.6725 0.6876 -0.2739
vn 0.3309 0.1157 -0.9365
vn 0.2784 0.1520 -0.9484
vn 0.1112 0.1424 -0.9835
vn -0.0736 0.1008 -0.9922
vn -0.1722 0.0961 -0.9804
vn -0.1031 0.0337 -0.9941
vn -0.1670 -0.0493 -0.9847
vn -0.0695 -0.0685 -0.9952
vn 0.2398 -0.0407 -0.9700
vn 0.3038 -0.0625 -0.9507
vn -0.8542 0.5165 -0.0604
vn 0.3358 0.2131 -0.9175
vn 0.2595 0.1854 -0.9478
vn 0.1520 0.1868 -0.9706
vn -0.0561 0.1627 -0.9851
vn -0.1041 0.0822 -0.9912
vn -0.0439 0.0181 -0.9989
vn -0.1495 0.0245 -0.9885
vn -0.0768 0.0352 -0.9964
vn 0.1963 0.0625 -0.9785
vn 0.3630 0.0998 -0.9264
vn 0.3644 -0.0140 -0.9311
vn -0.9683 0.2401 0.0688
vn 0.2305 0.3559 -0.9056
vn 0.1752 0.3571 -0.9175
vn 0.0309 0.2961 -0.9546
vn -0.0189 0.2082 -0.9779
vn -0.0323 0.1648 -0.9858
vn -0.1203 0.1190 -0.9856
vn 0.0180 -0.0108 -0.9998
vn 0.2329 -0.1610 -0.9591
vn 0.3536 -0.2252 -0.9079
vn 0.3957 -0.1938 -0.8977
vn -0.9767 0.2142 0.0095
vn -0.0032 -0.2725 -0.9622
vn 0.0205 0.3889 -0.9211
vn 0.0189 0.3400 -0.9402
vn 0.0804 0.1479 -0.9857
vn 0.2583 -0.1725 -0.9506
vn 0.3568 -0.3954 -0.8464
vn 0.3262 -0.4582 -0.8268
vn -0.9797 0.0494 -0.1944
vn 0.2411 -0.1782 -0.9540
vn 0.1282 -0.2099 -0.9693
vn -0.0284 -0.2138 -0.9765
vn -0.2183 -0.1990 -0.9554
vn 0.4930 -0.2144 -0.8432
vn -0.9035 -0.2250 -0.3647
vn 0.2861 -0.0319 -0.9577
vn 0.1498 -0.0726 -0.9860
vn -0.0349 -0.0753 -0.9965
vn -0.2195 -0.0758 -0.9727
vn -0.2964 -0.0853 -0.9512
vn 0.5842 -0.2053 -0.7852
vn -0.7465 -0.4929 -0.4471
vn 0.3282 -0.1593 -0.9311
vn 0.1420 -0.1746 -0.9743
vn -0.0691 -0.1343 -0.9885
vn -0.2628 -0.0543 -0.9633
vn 0.6435 -0.1374 -0.7530
vn 0.5874 -0.1178 -0.8007
vn -0.3861 -0.8421 -0.3766
vn -0.0747 -0.9742 -0.2129
vn -0.0531 -0.9974 -0.0482
vn -0.1156 -0.9933 -0.0075
vn -0.1234 -0.9914 -0.0429
vn -0.1636 -0.9762 -0.1426
vn 0.0325 -0.9511 -0.3072
vn 0.1967 -0.8714 -0.4495
vn 0.2221 -0.6537 -0.7234
vn 0.1021 -0.6083 -0.7871
vn -0.1077 -0.5988 -0.7936
vn -0.3341 -0.5646 -0.7547
vn 0.6332 -0.1686 -0.7554
vn -0.4269 -0.7247 -0.5409
vn -0.5443 -0.6734 -0.5003
vn 0.6159 -0.4063 -0.6750
vn -0.5532 -0.7048 -0.4442
vn 0.3316 -0.9033 -0.2722
vn 0.2709 -0.9159 -0.2964
vn 0.1237 -0.9007 -0.4165
vn 0.0002 -0.8625 -0.5060
vn -0.0593 -0.8193 -0.5703
vn 0.0210 -0.7917 -0.6105
vn 0.3782 -0.7134 -0.5899
vn -0.0972 -0.9173 -0.3862
vn -0.1383 0.6953 -0.7053
vn -0.1135 0.6455 -0.7553
vn -0.1392 0.5882 -0.7966
vn 0.1003 0.4656 -0.8793
vn 0.3739 0.2872 -0.8819
vn -0.1013 0.3123 -0.9446
vn 0.2293 0.2111 -0.9502
vn -0.4135 0.5638 -0.7150
vn -0.3183 0.6599 -0.6805
vn -0.0026 0.3882 -0.9216
vn 0.2516 0.3022 -0.9194
vn 0.4169 0.2734 -0.8669
vn -0.1093 -0.1689 -0.9796
vn 0.3104 -0.1492 -0.9388
vn -0.5690 0.3597 -0.7395
vn -0.3991 0.2904 -0.8697
vn 0.1986 -0.0415 -0.9792
vn 0.3141 0.1605 -0.9357
vn 0.3777 0.2355 -0.8955
vn -0.6279 0.2140 -0.7482
vn 0.2437 -0.3824 -0.8913
vn 0.0867 -0.3942 -0.9149
vn 0.0210 -0.3219 -0.9466
vn 0.1288 -0.1823 -0.9748
vn 0.2949 -0.0049 -0.9555
vn 0.4082 0.1536 -0.8999
vn -0.6930 0.1731 -0.6999
vn -0.5125 0.0918 -0.8538
vn 0.3513 -0.2664 -0.8976
vn 0.2781 -0.3379 -0.8991
vn 0.0862 -0.3691 -0.9254
vn -0.0291 -0.3929 -0.9191
vn -0.0251 -0.3614 -0.9321
vn 0.0789 -0.2045 -0.9757
vn 0.2288 0.0467 -0.9723
vn -0.6762 -0.1079 -0.7287
vn -0.5122 -0.1077 -0.8521
vn -0.1589 -0.1726 -0.9721
vn 0.2895 -0.2391 -0.9268
vn 0.4036 -0.2666 -0.8752
vn 0.2924 -0.2704 -0.9173
vn -0.0411 0.1680 -0.9849
vn -0.0034 0.3917 -0.9201
vn 0.0139 0.4906 -0.8713
vn -0.0775 0.5113 -0.8559
vn 0.0966 0.4430 -0.8913
vn -0.5751 -0.3076 -0.7580
vn -0.1452 -0.3138 -0.9383
vn 0.2755 -0.2354 -0.9320
vn 0.3586 -0.1224 -0.9254
vn -0.2511 -0.0853 -0.9642
vn -0.2033 0.0807 -0.9758
vn -0.1528 0.3100 -0.9384
vn -0.1122 0.4603 -0.8806
vn 0.2169 0.4414 -0.8707
vn 0.3997 0.3389 -0.8517
vn -0.5608 -0.2601 -0.7861
vn -0.1885 -0.2721 -0.9436
vn 0.1211 -0.1404 -0.9827
vn 0.2865 -0.0198 -0.9579
vn -0.3582 -0.0306 -0.9332
vn -0.3641 0.1094 -0.9249
vn 0.3990 0.2165 -0.8911
vn 0.2784 0.3211 -0.9052
vn -0.2520 -0.1630 -0.9539
vn -0.0416 -0.0878 -0.9953
vn 0.2146 0.0195 -0.9765
vn -0.3822 0.1374 -0.9138
vn -0.3642 0.0395 -0.9305
vn 0.2843 -0.2155 -0.9342
vn 0.1857 -0.0986 -0.9776
vn 0.2193 0.0634 -0.9736
vn -0.1387 -0.0117 -0.9903
vn 0.0985 0.0878 -0.9913
vn 0.2665 0.1783 -0.9472
vn -0.2800 0.1858 -0.9418
vn -0.3441 0.1846 -0.9206
vn -0.1301 0.0086 -0.9915
vn 0.2430 -0.2792 -0.9290
vn 0.3133 -0.4164 -0.8535
vn 0.1951 -0.4426 -0.8752
vn -0.2060 0.1717 -0.9634
vn 0.2273 0.1021 -0.9685
vn -0.1982 0.0506 -0.9789
vn -0.0262 0.1510 -0.9882
vn 0.1762 0.2835 -0.9426
vn 0.0611 0.3770 -0.9242
vn -0.0571 0.3749 -0.9253
vn 0.0338 0.2782 -0.9599
vn -0.3151 0.1313 -0.9399
vn -0.3032 0.1225 -0.9450
vn 0.1159 0.0087 -0.9932
vn 0.4692 -0.1842 -0.8637
vn -0.1169 0.3883 -0.9141
vn 0.0249 0.2179 -0.9756
vn -0.0775 -0.1942 -0.9779
vn 0.2585 -0.3048 -0.9167
vn -0.2636 0.1228 -0.9568
vn -0.1685 0.2509 -0.9532
vn 0.0257 0.4172 -0.9084
vn 0.0212 0.4903 -0.8713
vn 0.0644 0.4162 -0.9070
vn 0.1795 0.2647 -0.9475
vn 0.0954 0.2074 -0.9736
vn -0.1234 0.2167 -0.9684
vn -0.3081 0.1986 -0.9304
vn -0.2196 0.1240 -0.9677
vn 0.2898 -0.0336 -0.9565
vn 0.5525 -0.1243 -0.8242
vn -0.1021 0.0268 -0.9944
vn 0.0613 -0.0900 -0.9941
vn 0.1843 -0.2464 -0.9515
vn -0.2276 0.4084 -0.8840
vn -0.0976 0.3295 -0.9391
vn -0.2001 0.3031 -0.9317
vn -0.3082 0.2966 -0.9039
vn 0.2576 0.3552 -0.8986
vn 0.0643 0.3773 -0.9239
vn -0.1273 0.4072 -0.9044
vn -0.2525 0.3812 -0.8893
vn 0.4601 0.0274 -0.8874
vn 0.5383 -0.0559 -0.8409
vn -0.4827 0.6823 -0.5490
vn -0.2782 0.6417 -0.7147
vn -0.0674 0.5178 -0.8528
vn -0.0716 0.4484 -0.8909
vn -0.1704 0.4304 -0.8864
vn -0.0045 0.1927 -0.9813
vn 0.5285 0.0997 -0.8431
vn -0.7463 0.5443 -0.3831
vn 0.0233 0.4038 -0.9145
vn 0.1003 -0.3597 -0.9276
vn -0.0730 -0.2836 -0.9562
vn 0.5309 0.2488 -0.8101
vn -0.9193 0.2500 -0.3040
vn 0.2094 -0.4393 -0.8736
vn 0.1018 -0.4529 -0.8857
vn 0.0242 -0.4222 -0.9062
vn -0.1251 -0.4029 -0.9066
vn -0.3361 -0.3498 -0.8745
vn 0.5173 0.2854 -0.8068
vn 0.3504 0.3341 -0.8750
vn -0.9178 0.0497 -0.3939
vn 0.4458 -0.2723 -0.8527
vn 0.2231 -0.2975 -0.9283
vn 0.0972 -0.3148 -0.9442
vn -0.1470 -0.2757 -0.9499
vn -0.3437 -0.2197 -0.9130
vn -0.4084 -0.2471 -0.8787
vn 0.3297 0.4810 -0.8124
vn 0.2126 0.4808 -0.8506
vn 0.2072 0.4542 -0.8665
vn 0.1154 0.4238 -0.8984
vn -0.8202 -0.1700 -0.5463
vn 0.4379 -0.1741 -0.8820
vn -0.3232 -0.1845 -0.9282
vn -0.3837 -0.2137 -0.8984
vn 0.2876 0.1958 -0.9375
vn 0.2097 0.1867 -0.9598
vn 0.0931 0.2726 -0.9576
vn 0.0012 0.3611 -0.9325
vn 0.1518 0.3163 -0.9364
vn 0.3824 0.0700 -0.9214
vn -0.7053 -0.3074 -0.6388
vn 0.4299 -0.1003 -0.8973
vn 0.4086 -0.0125 -0.9126
vn -0.4055 -0.0303 -0.9136
vn 0.3157 -0.0504 -0.9475
vn 0.1789 -0.0380 -0.9831
vn -0.0081 0.0078 -0.9999
vn -0.0642 0.0935 -0.9935
vn 0.3087 0.0644 -0.9490
vn 0.5885 -0.0926 -0.8032
vn -0.6508 -0.4276 -0.6274
vn -0.4156 -0.5874 -0.6944
vn -0.1728 -0.4789 -0.8607
vn -0.0463 -0.4481 -0.8928
vn -0.0087 -0.3728 -0.9279
vn 0.0019 -0.3164 -0.9486
vn 0.1399 -0.2571 -0.9562
vn 0.3210 -0.1476 -0.9355
vn 0.4064 -0.1077 -0.9073
vn -0.3749 0.0109 -0.9270
vn -0.4556 0.1014 -0.8844
vn 0.3082 -0.0096 -0.9513
vn 0.1804 -0.0127 -0.9835
vn -0.0299 -0.0400 -0.9988
vn -0.0683 -0.1003 -0.9926
vn 0.3956 -0.1422 -0.9073
vn -0.1655 -0.8402 -0.5165
vn -0.0932 -0.8624 -0.4976
vn -0.0870 -0.8328 -0.5468
vn -0.0566 -0.7894 -0.6112
vn -0.0015 -0.7226 -0.6912
vn 0.2057 -0.6363 -0.7435
vn 0.3768 -0.5863 -0.7171
vn -0.4207 -0.3337 -0.8436
vn -0.4603 -0.2063 -0.8635
vn 0.3071 -0.1756 -0.9353
vn 0.1483 -0.1450 -0.9782
vn 0.0018 -0.1193 -0.9929
vn -0.0027 -0.1702 -0.9854
vn 0.4064 -0.1983 -0.8919
vn -0.4854 -0.5702 -0.6627
vn -0.5412 -0.4079 -0.7353
vn 0.2655 -0.5458 -0.7948
vn 0.0817 -0.4860 -0.8701
vn -0.0022 -0.4459 -0.8951
vn 0.0375 -0.4460 -0.8942
vn 0.3809 -0.4308 -0.8181
vn -0.5773 -0.5905 -0.5640
vn -0.2165 -0.7355 -0.6420
vn 0.2617 -0.7539 -0.6027
vn 0.3263 -0.7212 -0.6111
vn -0.0125 0.5099 -0.8601
vn 0.0080 0.4759 -0.8794
vn -0.2262 0.2665 -0.9369
vn 0.0577 0.0218 -0.9981
vn 0.1700 -0.0809 -0.9821
vn 0.0979 -0.1310 -0.9865
vn -0.3480 0.1579 -0.9241
vn -0.0518 -0.0145 -0.9986
vn 0.1963 -0.2648 -0.9441
vn -0.2388 0.0135 -0.9710
vn 0.1725 -0.1338 -0.9759
vn -0.1375 0.1955 -0.9710
vn 0.2834 0.1793 -0.9421
vn -0.0187 -0.1567 -0.9875
vn 0.3029 -0.2583 -0.9173
vn -0.3105 0.3735 -0.8741
vn -0.1120 0.4892 -0.8649
vn 0.0489 0.5042 -0.8622
vn 0.2108 0.4262 -0.8798
vn -0.0398 0.2632 -0.9639
vn -0.3137 0.4117 -0.8556
vn -0.3046 0.3375 -0.8907
vn -0.0456 0.1527 -0.9872
vn 0.1292 0.0106 -0.9916
vn 0.2489 0.0016 -0.9685
vn 0.2373 0.0923 -0.9670
vn -0.2002 0.2791 -0.9392
vn -0.2349 0.3387 -0.9111
vn 0.1259 0.3091 -0.9427
vn 0.5750 0.1664 -0.8010
vn -0.2673 0.5102 -0.8175
vn -0.0024 0.4237 -0.9058
vn -0.0746 0.4105 -0.9088
vn -0.1637 0.4410 -0.8824
vn -0.2281 0.3612 -0.9041
vn -0.0166 0.0562 -0.9983
vn 0.2128 -0.3035 -0.9288
vn 0.1788 -0.4653 -0.8669
vn 0.1478 -0.4464 -0.8825
vn -0.3011 -0.2065 -0.9310
vn -0.3274 -0.0743 -0.9420
vn 0.1077 0.0648 -0.9921
vn 0.5641 0.1949 -0.8024
vn -0.6296 0.3190 -0.7085
vn -0.2141 0.2664 -0.9398
vn 0.0892 0.2706 -0.9586
vn 0.0306 0.2541 -0.9667
vn -0.1204 0.2177 -0.9686
vn -0.1548 0.1676 -0.9736
vn -0.0332 0.0485 -0.9983
vn 0.3281 -0.1944 -0.9244
vn 0.3946 -0.3822 -0.8356
vn -0.4066 -0.3135 -0.8581
vn -0.0794 -0.1694 -0.9823
vn 0.3904 0.1222 -0.9125
vn -0.6602 -0.0365 -0.7502
vn -0.2480 -0.0403 -0.9679
vn 0.0684 -0.0073 -0.9976
vn 0.0661 -0.0009 -0.9978
vn -0.0363 -0.0802 -0.9961
vn -0.1059 -0.1570 -0.9819
vn 0.0909 -0.2057 -0.9744
vn 0.4789 -0.2317 -0.8468
vn -0.3088 -0.1948 -0.9309
vn 0.0659 0.0945 -0.9933
vn 0.3946 0.3852 -0.8342
vn -0.5879 -0.2713 -0.7621
vn -0.2482 -0.2674 -0.9311
vn -0.0126 -0.2158 -0.9764
vn 0.0689 -0.1488 -0.9865
vn 0.0321 -0.1495 -0.9882
vn -0.0618 -0.1865 -0.9805
vn 0.1364 -0.2335 -0.9628
vn 0.4895 -0.2172 -0.8445
vn -0.4473 -0.1680 -0.8785
vn -0.2646 0.0362 -0.9637
vn 0.2066 0.2439 -0.9475
vn 0.4015 0.2706 -0.8750
vn -0.4164 -0.3286 -0.8477
vn -0.1258 -0.2641 -0.9563
vn 0.0189 -0.1844 -0.9827
vn 0.0388 -0.1434 -0.9889
vn -0.0136 -0.1633 -0.9865
vn 0.1794 -0.1886 -0.9655
vn -0.5102 0.0170 -0.8599
vn -0.3859 0.0147 -0.9224
vn 0.1573 -0.0367 -0.9869
vn 0.4466 -0.0659 -0.8923
vn -0.5117 0.0846 -0.8550
vn -0.3561 0.0542 -0.9329
vn 0.1996 0.0106 -0.9798
vn 0.4450 -0.0122 -0.8955
vn -0.5213 -0.1732 -0.8356
vn -0.3405 -0.1664 -0.9254
vn 0.2064 -0.1543 -0.9662
vn 0.4602 -0.1404 -0.8766
vn -0.2990 -0.4721 -0.8293
vn 0.2066 -0.5138 -0.8327
vn 0.4162 -0.4663 -0.7806
vt 0.582290 0.222340
vt 0.577320 0.233300
vt 0.565310 0.227130
vt 0.572450 0.215770
vt 0.598040 0.209440
vt 0.591660 0.214420
vt 0.585290 0.204500
vt 0.593890 0.200060
vt 0.601360 0.196610
vt 0.606490 0.205940
vt 0.540250 0.263720
vt 0.538610 0.273450
vt 0.528610 0.268250
vt 0.532870 0.260030
vt 0.545060 0.255640
vt 0.537840 0.251720
vt 0.551720 0.247290
vt 0.543470 0.242990
vt 0.558430 0.237940
vt 0.549550 0.233920
vt 0.555880 0.223890
vt 0.562510 0.212240
vt 0.580660 0.194700
vt 0.592250 0.191150
vt 0.601020 0.187310
vt 0.523670 0.275120
vt 0.519950 0.281100
vt 0.514790 0.278280
vt 0.517600 0.271170
vt 0.520800 0.264320
vt 0.524800 0.256800
vt 0.529400 0.248020
vt 0.534510 0.238480
vt 0.540030 0.229170
vt 0.545670 0.218920
vt 0.551920 0.206440
vt 0.577360 0.182890
vt 0.590530 0.180080
vt 0.600910 0.176530
vt 0.507800 0.275950
vt 0.510230 0.268400
vt 0.513110 0.261240
vt 0.516420 0.253120
vt 0.519800 0.243370
vt 0.523700 0.232420
vt 0.499840 0.274150
vt 0.502320 0.266350
vt 0.504530 0.258380
vt 0.507150 0.249450
vt 0.509660 0.238760
vt 0.490180 0.273090
vt 0.492870 0.264680
vt 0.494190 0.255130
vt 0.589880 0.241230
vt 0.584470 0.254050
vt 0.571250 0.244860
vt 0.594490 0.231010
vt 0.605700 0.220650
vt 0.599660 0.227000
vt 0.546480 0.268540
vt 0.553660 0.261540
vt 0.563280 0.254260
vt 0.610680 0.194600
vt 0.518370 0.287620
vt 0.523640 0.285510
vt 0.530670 0.280920
vt 0.612670 0.183000
vt 0.512200 0.286840
vt 0.613050 0.172050
vt 0.504570 0.285230
vt 0.528710 0.222160
vt 0.534060 0.211670
vt 0.539940 0.199750
vt 0.575270 0.169180
vt 0.587860 0.167480
vt 0.598940 0.164020
vt 0.611140 0.159790
vt 0.496190 0.283820
vt 0.512760 0.227140
vt 0.517560 0.216350
vt 0.523190 0.205700
vt 0.528980 0.194170
vt 0.573870 0.156930
vt 0.585690 0.154920
vt 0.596960 0.151230
vt 0.486910 0.282920
vt 0.495960 0.244990
vt 0.498310 0.233950
vt 0.500710 0.222110
vt 0.476290 0.282330
vt 0.479330 0.272330
vt 0.482030 0.263520
vt 0.482580 0.252710
vt 0.483560 0.241010
vt 0.468870 0.271700
vt 0.470530 0.262320
vt 0.470020 0.250330
vt 0.602130 0.252020
vt 0.596600 0.263850
vt 0.607080 0.242100
vt 0.613770 0.232070
vt 0.609990 0.240050
vt 0.616620 0.222030
vt 0.576630 0.265450
vt 0.564520 0.269860
vt 0.620290 0.207200
vt 0.528590 0.293240
vt 0.538210 0.288860
vt 0.547600 0.283390
vt 0.556210 0.276740
vt 0.624230 0.192730
vt 0.519810 0.296780
vt 0.628800 0.179040
vt 0.510870 0.295000
vt 0.626020 0.167070
vt 0.640810 0.171720
vt 0.636260 0.162380
vt 0.643500 0.159580
vt 0.651500 0.165750
vt 0.501570 0.294140
vt 0.623650 0.155390
vt 0.634740 0.152060
vt 0.492240 0.293480
vt 0.609450 0.147020
vt 0.622520 0.143250
vt 0.483120 0.292560
vt 0.504300 0.210110
vt 0.509390 0.198420
vt 0.514880 0.187120
vt 0.572630 0.140950
vt 0.584360 0.139740
vt 0.595640 0.137290
vt 0.608420 0.134060
vt 0.473810 0.291800
vt 0.485530 0.229260
vt 0.487800 0.217370
vt 0.491040 0.204320
vt 0.463550 0.293460
vt 0.466140 0.281540
vt 0.470830 0.237680
vt 0.471980 0.224870
vt 0.456710 0.278970
vt 0.455770 0.270200
vt 0.455640 0.259630
vt 0.455100 0.246070
vt 0.628180 0.262450
vt 0.626120 0.272640
vt 0.613540 0.263000
vt 0.620200 0.253190
vt 0.600800 0.281810
vt 0.595270 0.292650
vt 0.585290 0.285500
vt 0.590730 0.274310
vt 0.607170 0.272800
vt 0.626920 0.235920
vt 0.622780 0.251420
vt 0.577960 0.298400
vt 0.566870 0.286330
vt 0.574300 0.277350
vt 0.631330 0.220720
vt 0.546070 0.298080
vt 0.556490 0.292800
vt 0.635370 0.204990
vt 0.527090 0.307030
vt 0.535490 0.302610
vt 0.638960 0.190350
vt 0.518840 0.304750
vt 0.649380 0.181520
vt 0.659320 0.176080
vt 0.509530 0.303360
vt 0.645060 0.150530
vt 0.652690 0.157250
vt 0.499150 0.302230
vt 0.489830 0.301520
vt 0.633920 0.140870
vt 0.643080 0.138780
vt 0.480730 0.300460
vt 0.621810 0.130950
vt 0.633730 0.129110
vt 0.644640 0.127360
vt 0.471500 0.298730
vt 0.495800 0.191340
vt 0.500910 0.180020
vt 0.572210 0.124840
vt 0.583820 0.124070
vt 0.595260 0.122190
vt 0.607770 0.120020
vt 0.620980 0.117190
vt 0.474610 0.212530
vt 0.480430 0.199570
vt 0.486690 0.186520
vt 0.491520 0.175170
vt 0.572230 0.113890
vt 0.583590 0.112150
vt 0.594540 0.105900
vt 0.450630 0.286510
vt 0.458590 0.233220
vt 0.460890 0.221400
vt 0.461930 0.209220
vt 0.199040 0.900160
vt 0.199740 0.891630
vt 0.208770 0.888560
vt 0.211990 0.900430
vt 0.201400 0.910360
vt 0.215040 0.909520
vt 0.221430 0.919580
vt 0.206840 0.922490
vt 0.642650 0.262080
vt 0.637190 0.270190
vt 0.603510 0.299640
vt 0.600440 0.311780
vt 0.590140 0.304900
vt 0.609920 0.290140
vt 0.617870 0.282330
vt 0.639840 0.248980
vt 0.644370 0.234910
vt 0.566360 0.303170
vt 0.648940 0.218480
vt 0.556270 0.308900
vt 0.544380 0.313070
vt 0.650520 0.202260
vt 0.534760 0.315590
vt 0.528320 0.315470
vt 0.660830 0.192890
vt 0.670460 0.186960
vt 0.672030 0.173130
vt 0.683430 0.182810
vt 0.519810 0.313900
vt 0.666060 0.164170
vt 0.508990 0.313130
vt 0.662250 0.154490
vt 0.497840 0.311380
vt 0.656500 0.144520
vt 0.487860 0.310240
vt 0.651090 0.135010
vt 0.478160 0.309470
vt 0.468030 0.307650
vt 0.633550 0.115030
vt 0.644910 0.112020
vt 0.457440 0.304340
vt 0.608140 0.104820
vt 0.619950 0.103330
vt 0.631850 0.101450
vt 0.444910 0.297820
vt 0.471300 0.195600
vt 0.478600 0.183380
vt 0.483050 0.172030
vt 0.571670 0.104380
vt 0.583910 0.102880
vt 0.220560 0.884190
vt 0.225130 0.898700
vt 0.221450 0.935400
vt 0.210470 0.935080
vt 0.221530 0.947190
vt 0.213620 0.946510
vt 0.219160 0.957250
vt 0.224330 0.909730
vt 0.609300 0.306850
vt 0.618090 0.299440
vt 0.629140 0.292400
vt 0.639050 0.285480
vt 0.647580 0.278370
vt 0.657000 0.272330
vt 0.647250 0.278810
vt 0.660450 0.255820
vt 0.669620 0.266820
vt 0.592780 0.322820
vt 0.589110 0.334150
vt 0.579900 0.327590
vt 0.584930 0.316610
vt 0.652970 0.244580
vt 0.665350 0.238610
vt 0.673630 0.249780
vt 0.567550 0.321210
vt 0.575560 0.310950
vt 0.657360 0.228050
vt 0.669570 0.222500
vt 0.677330 0.233060
vt 0.551300 0.323910
vt 0.661600 0.211690
vt 0.672160 0.205180
vt 0.681250 0.216730
vt 0.539210 0.323770
vt 0.682130 0.198990
vt 0.693550 0.193700
vt 0.529820 0.324020
vt 0.684310 0.171410
vt 0.695390 0.180780
vt 0.519910 0.324340
vt 0.678350 0.160740
vt 0.509140 0.323980
vt 0.674030 0.150230
vt 0.497770 0.322360
vt 0.668100 0.139400
vt 0.486560 0.320750
vt 0.661920 0.129250
vt 0.475740 0.319890
vt 0.655190 0.119680
vt 0.464700 0.318440
vt 0.453470 0.316060
vt 0.441580 0.311960
vt 0.231480 0.959530
vt 0.230240 0.973610
vt 0.218930 0.973570
vt 0.229770 0.987190
vt 0.218220 0.987620
vt 0.230390 0.999780
vt 0.218270 0.999740
vt 0.842210 0.662390
vt 0.830920 0.663340
vt 0.830580 0.651630
vt 0.842750 0.650030
vt 0.852120 0.664320
vt 0.854000 0.649170
vt 0.864300 0.661340
vt 0.864030 0.648100
vt 0.874910 0.657940
vt 0.872980 0.648120
vt 0.885120 0.652590
vt 0.233150 0.877410
vt 0.237780 0.889350
vt 0.234190 0.921830
vt 0.232350 0.936360
vt 0.231540 0.948720
vt 0.236410 0.900920
vt 0.235580 0.910260
vt 0.677580 0.292610
vt 0.670270 0.302600
vt 0.659070 0.291230
vt 0.668040 0.282960
vt 0.682920 0.284850
vt 0.677000 0.276920
vt 0.685610 0.270840
vt 0.627730 0.310580
vt 0.639240 0.303560
vt 0.651330 0.297520
vt 0.660690 0.289630
vt 0.681020 0.259880
vt 0.691220 0.253260
vt 0.696640 0.262270
vt 0.599040 0.329980
vt 0.609120 0.323740
vt 0.618010 0.317350
vt 0.685060 0.243670
vt 0.696380 0.237690
vt 0.703310 0.248980
vt 0.584930 0.345660
vt 0.576780 0.339020
vt 0.688860 0.227180
vt 0.698990 0.220470
vt 0.707490 0.230960
vt 0.566890 0.335660
vt 0.691480 0.210220
vt 0.708310 0.213870
vt 0.701370 0.203890
vt 0.711250 0.198360
vt 0.718950 0.208600
vt 0.554380 0.333920
vt 0.704020 0.188880
vt 0.712630 0.184830
vt 0.721880 0.192460
vt 0.541050 0.333560
vt 0.706490 0.177000
vt 0.530060 0.334320
vt 0.698660 0.166810
vt 0.519760 0.335030
vt 0.693210 0.155980
vt 0.509050 0.334980
vt 0.688140 0.145330
vt 0.498060 0.334030
vt 0.680720 0.134180
vt 0.486140 0.332700
vt 0.674700 0.123570
vt 0.473800 0.331750
vt 0.669420 0.112520
vt 0.461290 0.330690
vt 0.912650 0.658100
vt 0.900570 0.656840
vt 0.903860 0.643780
vt 0.919510 0.644430
vt 0.449740 0.328610
vt 0.887850 0.640940
vt 0.438880 0.325820
vt 0.244260 0.960650
vt 0.243470 0.973900
vt 0.243010 0.986980
vt 0.243350 0.999540
vt 0.829820 0.639120
vt 0.842280 0.638490
vt 0.873500 0.638570
vt 0.247910 0.881480
vt 0.245560 0.871220
vt 0.246350 0.921940
vt 0.244980 0.936220
vt 0.243970 0.949260
vt 0.853630 0.638000
vt 0.864020 0.637900
vt 0.248080 0.890210
vt 0.247630 0.901030
vt 0.247620 0.909860
vt 0.684450 0.310300
vt 0.677170 0.321790
vt 0.663600 0.312130
vt 0.672980 0.300180
vt 0.687530 0.304170
vt 0.680960 0.313090
vt 0.691740 0.298130
vt 0.691280 0.286220
vt 0.649930 0.315730
vt 0.693850 0.275280
vt 0.606810 0.340120
vt 0.617600 0.334370
vt 0.626730 0.327880
vt 0.638580 0.324510
vt 0.594890 0.344530
vt 0.718330 0.243840
vt 0.576740 0.347410
vt 0.716520 0.223280
vt 0.725730 0.216710
vt 0.566540 0.346580
vt 0.733960 0.202840
vt 0.554890 0.345790
vt 0.721230 0.181990
vt 0.542230 0.345620
vt 0.718340 0.172600
vt 0.530200 0.345910
vt 0.714070 0.161660
vt 0.519480 0.346170
vt 0.710270 0.150520
vt 0.508490 0.345730
vt 0.704950 0.139790
vt 0.497180 0.345320
vt 0.696170 0.128670
vt 0.484730 0.344520
vt 0.690290 0.117760
vt 0.471540 0.344000
vt 0.686920 0.107960
vt 0.457630 0.343720
vt 0.906020 0.632340
vt 0.919970 0.633210
vt 0.931480 0.631900
vt 0.446320 0.341930
vt 0.890050 0.630030
vt 0.436390 0.338610
vt 0.256300 0.961670
vt 0.256180 0.974390
vt 0.256340 0.987040
vt 0.256320 0.999600
vt 0.829810 0.626460
vt 0.842060 0.626970
vt 0.875210 0.628010
vt 0.257660 0.878110
vt 0.257440 0.866640
vt 0.258080 0.921580
vt 0.257870 0.935170
vt 0.256560 0.949100
vt 0.853640 0.627190
vt 0.864360 0.627450
vt 0.257170 0.889060
vt 0.256970 0.900580
vt 0.257260 0.909940
vt 0.702610 0.328730
vt 0.696700 0.339710
vt 0.687210 0.331130
vt 0.694420 0.320740
vt 0.704640 0.326890
vt 0.696570 0.332940
vt 0.689540 0.324400
vt 0.697220 0.317270
vt 0.705570 0.310500
vt 0.716970 0.325430
vt 0.679760 0.340470
vt 0.673080 0.349760
vt 0.663210 0.342540
vt 0.670130 0.332220
vt 0.703900 0.298480
vt 0.656760 0.352800
vt 0.646170 0.345460
vt 0.652590 0.334460
vt 0.659850 0.324550
vt 0.703750 0.282660
vt 0.638620 0.357640
vt 0.627500 0.345700
vt 0.635270 0.336500
vt 0.710060 0.266060
vt 0.615610 0.351510
vt 0.601450 0.355220
vt 0.714890 0.254850
vt 0.589830 0.358560
vt 0.727040 0.233060
vt 0.733500 0.223280
vt 0.738470 0.215740
vt 0.577740 0.357650
vt 0.566620 0.357450
vt 0.735290 0.191170
vt 0.555190 0.357410
vt 0.734910 0.178430
vt 0.542820 0.357630
vt 0.732850 0.167220
vt 0.530010 0.357620
vt 0.729590 0.156670
vt 0.743150 0.152630
vt 0.747370 0.162620
vt 0.518750 0.357590
vt 0.726940 0.144980
vt 0.741320 0.141010
vt 0.507390 0.357240
vt 0.723110 0.131820
vt 0.494930 0.357130
vt 0.712210 0.122960
vt 0.482340 0.356500
vt 0.707390 0.112420
vt 0.469770 0.355630
vt 0.704150 0.103190
vt 0.455540 0.355390
vt 0.906120 0.619770
vt 0.919690 0.620940
vt 0.932070 0.620650
vt 0.943150 0.619400
vt 0.443930 0.353630
vt 0.891270 0.618310
vt 0.433100 0.349900
vt 0.876490 0.616970
vt 0.268280 0.863100
vt 0.267970 0.875850
vt 0.270200 0.935100
vt 0.269390 0.948710
vt 0.268610 0.961750
vt 0.267890 0.974480
vt 0.267890 0.986900
vt 0.268040 0.999150
vt 0.830220 0.615040
vt 0.842310 0.615520
vt 0.854210 0.616110
vt 0.865180 0.616660
vt 0.268480 0.887640
vt 0.269000 0.899180
vt 0.269140 0.910380
vt 0.270020 0.922260
vt 0.707320 0.335260
vt 0.710350 0.332710
vt 0.701470 0.339210
vt 0.678540 0.355960
vt 0.666620 0.358510
vt 0.686850 0.348950
vt 0.723520 0.306860
vt 0.732710 0.318360
vt 0.653020 0.360690
vt 0.719450 0.295670
vt 0.723360 0.281850
vt 0.621820 0.361970
vt 0.724210 0.265240
vt 0.596080 0.367760
vt 0.606500 0.365480
vt 0.732690 0.254310
vt 0.738630 0.242260
vt 0.745180 0.231390
vt 0.589080 0.368400
vt 0.753220 0.222420
vt 0.750870 0.212520
vt 0.578260 0.368810
vt 0.752770 0.201280
vt 0.566690 0.368900
vt 0.750070 0.187910
vt 0.554970 0.369190
vt 0.752740 0.174870
vt 0.542390 0.369630
vt 0.760330 0.158000
vt 0.766850 0.167960
vt 0.529510 0.369820
vt 0.755910 0.148560
vt 0.517380 0.369920
vt 0.754360 0.137790
vt 0.505510 0.369800
vt 0.740360 0.128760
vt 0.754020 0.125810
vt 0.492490 0.369950
vt 0.725700 0.119320
vt 0.739800 0.116600
vt 0.479720 0.369440
vt 0.723610 0.107940
vt 0.739270 0.103380
vt 0.467700 0.368240
vt 0.718210 0.099870
vt 0.453890 0.368150
vt 0.918060 0.607430
vt 0.931690 0.608610
vt 0.944250 0.609200
vt 0.952840 0.609620
vt 0.442360 0.366430
vt 0.891060 0.605240
vt 0.904630 0.606000
vt 0.430670 0.362630
vt 0.877590 0.605110
vt 0.280700 0.861130
vt 0.280290 0.874080
vt 0.280760 0.886730
vt 0.284010 0.934880
vt 0.284210 0.947370
vt 0.283030 0.960530
vt 0.281310 0.973710
vt 0.280740 0.986190
vt 0.280690 0.998180
vt 0.829930 0.602580
vt 0.842160 0.603750
vt 0.854290 0.604290
vt 0.866160 0.605140
vt 0.281440 0.898230
vt 0.281880 0.910220
vt 0.282530 0.922920
vt 0.739050 0.339940
vt 0.736220 0.350340
vt 0.721530 0.341020
vt 0.730710 0.333770
vt 0.741310 0.328940
vt 0.749830 0.339430
vt 0.692250 0.358690
vt 0.682040 0.364190
vt 0.703260 0.352460
vt 0.714770 0.346320
vt 0.710330 0.349340
vt 0.670130 0.369200
vt 0.739630 0.302060
vt 0.748510 0.313010
vt 0.653850 0.369710
vt 0.732180 0.291380
vt 0.744580 0.285410
vt 0.754530 0.296360
vt 0.640410 0.370750
vt 0.735900 0.274480
vt 0.747120 0.265240
vt 0.756920 0.278470
vt 0.625390 0.373620
vt 0.750570 0.252140
vt 0.610870 0.377050
vt 0.599130 0.378990
vt 0.757590 0.242330
vt 0.765390 0.233880
vt 0.768490 0.218380
vt 0.775290 0.225850
vt 0.589610 0.380210
vt 0.761940 0.209500
vt 0.773830 0.204220
vt 0.779900 0.213760
vt 0.578250 0.381250
vt 0.767910 0.194220
vt 0.566450 0.381440
vt 0.762170 0.183540
vt 0.774350 0.178480
vt 0.780820 0.188890
vt 0.554300 0.381580
vt 0.779010 0.164050
vt 0.785280 0.174240
vt 0.541520 0.382100
vt 0.773850 0.154330
vt 0.528440 0.382470
vt 0.770300 0.144870
vt 0.515500 0.382790
vt 0.767920 0.134690
vt 0.503580 0.382950
vt 0.765960 0.123590
vt 0.490500 0.383080
vt 0.753810 0.114160
vt 0.767920 0.112200
vt 0.477060 0.383020
vt 0.754280 0.104580
vt 0.464220 0.382340
vt 0.727930 0.094450
vt 0.451010 0.382620
vt 0.931350 0.597470
vt 0.945880 0.599400
vt 0.957890 0.600180
vt 0.441180 0.380620
vt 0.902760 0.592420
vt 0.916510 0.594760
vt 0.429080 0.375950
vt 0.878410 0.592740
vt 0.890080 0.591840
vt 0.293500 0.859540
vt 0.292680 0.872660
vt 0.292450 0.885910
vt 0.297690 0.959590
vt 0.296380 0.972770
vt 0.295210 0.985140
vt 0.294280 0.996800
vt 0.841720 0.591180
vt 0.827980 0.589490
vt 0.854750 0.592280
vt 0.866880 0.592930
vt 0.293110 0.897890
vt 0.294590 0.910030
vt 0.296450 0.923630
vt 0.298630 0.935050
vt 0.298890 0.946400
vt 0.747310 0.347920
vt 0.723320 0.359860
vt 0.755370 0.323660
vt 0.762980 0.333910
vt 0.678650 0.378820
vt 0.688510 0.375000
vt 0.699890 0.369880
vt 0.713020 0.364640
vt 0.725580 0.359070
vt 0.668780 0.380380
vt 0.764190 0.308210
vt 0.654880 0.381460
vt 0.770880 0.288910
vt 0.641950 0.383270
vt 0.759180 0.261260
vt 0.766920 0.270680
vt 0.768340 0.253540
vt 0.778430 0.265000
vt 0.616110 0.389600
vt 0.630040 0.385670
vt 0.775440 0.243360
vt 0.781820 0.232470
vt 0.785440 0.222610
vt 0.601980 0.391890
vt 0.790210 0.216850
vt 0.789870 0.207870
vt 0.589620 0.393270
vt 0.785350 0.198950
vt 0.793650 0.192670
vt 0.577530 0.394630
vt 0.790550 0.183580
vt 0.796300 0.180340
vt 0.565950 0.394890
vt 0.794720 0.171140
vt 0.553810 0.394400
vt 0.790150 0.161880
vt 0.541110 0.394490
vt 0.786170 0.152010
vt 0.527780 0.394710
vt 0.783610 0.141520
vt 0.514300 0.394970
vt 0.780130 0.131230
vt 0.501590 0.395220
vt 0.775040 0.120870
vt 0.489120 0.395700
vt 0.475890 0.395480
vt 0.764460 0.102190
vt 0.462190 0.394830
vt 0.736070 0.085430
vt 0.747500 0.092150
vt 0.758240 0.096760
vt 0.449500 0.394630
vt 0.932120 0.585890
vt 0.947590 0.587700
vt 0.960410 0.588760
vt 0.439140 0.392710
vt 0.915480 0.583210
vt 0.425360 0.388930
vt 0.890090 0.579510
vt 0.901270 0.580300
vt 0.306300 0.857000
vt 0.305170 0.871330
vt 0.304900 0.884680
vt 0.305590 0.897660
vt 0.828160 0.577390
vt 0.842200 0.579260
vt 0.855170 0.580380
vt 0.867400 0.580900
vt 0.879260 0.580770
vt 0.307400 0.910260
vt 0.309830 0.924240
vt 0.310860 0.936160
vt 0.311490 0.946910
vt 0.311220 0.959280
vt 0.310140 0.971650
vt 0.308130 0.984500
vt 0.306590 0.996960
vt 0.747660 0.362430
vt 0.736630 0.370280
vt 0.755790 0.355040
vt 0.760810 0.346940
vt 0.766190 0.342340
vt 0.723390 0.377460
vt 0.709390 0.382400
vt 0.736280 0.372390
vt 0.769720 0.319350
vt 0.779760 0.329180
vt 0.684580 0.391390
vt 0.696430 0.387340
vt 0.670280 0.395850
vt 0.781230 0.304940
vt 0.654020 0.395800
vt 0.775350 0.277170
vt 0.637190 0.396750
vt 0.786370 0.252310
vt 0.792160 0.241250
vt 0.619860 0.402350
vt 0.795700 0.230140
vt 0.796690 0.220090
vt 0.603650 0.404710
vt 0.798320 0.208980
vt 0.589520 0.405490
vt 0.800940 0.193870
vt 0.577250 0.406580
vt 0.803240 0.179420
vt 0.565460 0.407180
vt 0.803900 0.169350
vt 0.553250 0.407910
vt 0.801030 0.159440
vt 0.540060 0.407880
vt 0.797160 0.148720
vt 0.526470 0.407660
vt 0.793810 0.137790
vt 0.512980 0.407070
vt 0.790220 0.127300
vt 0.499680 0.406510
vt 0.785680 0.116510
vt 0.487970 0.406810
vt 0.779830 0.105430
vt 0.475040 0.407370
vt 0.773470 0.095320
vt 0.460360 0.407780
vt 0.742760 0.074520
vt 0.754000 0.080410
vt 0.766340 0.084790
vt 0.446930 0.407560
vt 0.933350 0.573950
vt 0.948220 0.575510
vt 0.961440 0.576570
vt 0.436580 0.405910
vt 0.916660 0.571690
vt 0.423300 0.403320
vt 0.901520 0.569710
vt 0.318540 0.849880
vt 0.318010 0.859370
vt 0.317980 0.871100
vt 0.318260 0.883890
vt 0.318760 0.897240
vt 0.829240 0.565380
vt 0.842680 0.566860
vt 0.854930 0.567570
vt 0.867390 0.568430
vt 0.879550 0.568840
vt 0.890810 0.568820
vt 0.320100 0.910090
vt 0.322200 0.924260
vt 0.321900 0.971310
vt 0.320290 0.984910
vt 0.318850 0.998120
vt 0.323150 0.937020
vt 0.323810 0.947790
vt 0.323590 0.959130
vt 0.747540 0.379290
vt 0.757990 0.371760
vt 0.765370 0.363230
vt 0.769890 0.353220
vt 0.774010 0.343090
vt 0.717400 0.393800
vt 0.731530 0.389080
vt 0.744550 0.384040
vt 0.691480 0.403480
vt 0.703730 0.398650
vt 0.781170 0.317090
vt 0.678150 0.406990
vt 0.666190 0.408790
vt 0.786550 0.283880
vt 0.794240 0.296910
vt 0.651130 0.411490
vt 0.791550 0.272270
vt 0.798400 0.262000
vt 0.634320 0.415020
vt 0.804240 0.251840
vt 0.808270 0.239070
vt 0.618860 0.417320
vt 0.807860 0.223740
vt 0.604930 0.417900
vt 0.809560 0.210620
vt 0.590850 0.418610
vt 0.811720 0.195250
vt 0.578270 0.419060
vt 0.814320 0.179630
vt 0.565440 0.420050
vt 0.818040 0.167420
vt 0.552250 0.421700
vt 0.814070 0.156850
vt 0.539040 0.421610
vt 0.809460 0.145660
vt 0.526040 0.420310
vt 0.805190 0.134040
vt 0.512940 0.418630
vt 0.800860 0.122890
vt 0.499310 0.417550
vt 0.796670 0.111790
vt 0.486840 0.418330
vt 0.791420 0.100210
vt 0.473630 0.419480
vt 0.785240 0.088940
vt 0.458360 0.420960
vt 0.780900 0.076690
vt 0.444140 0.422070
vt 0.933750 0.560870
vt 0.947750 0.562240
vt 0.961140 0.563230
vt 0.748630 0.062030
vt 0.760180 0.068370
vt 0.770560 0.072590
vt 0.433770 0.420880
vt 0.918270 0.559340
vt 0.423050 0.417310
vt 0.903220 0.558260
vt 0.333630 0.848540
vt 0.328410 0.840370
vt 0.331450 0.859560
vt 0.331350 0.871370
vt 0.331270 0.883740
vt 0.331310 0.896470
vt 0.828990 0.551880
vt 0.842050 0.553310
vt 0.853990 0.553960
vt 0.867120 0.555270
vt 0.880010 0.556580
vt 0.891500 0.557630
vt 0.332400 0.909510
vt 0.334510 0.924010
vt 0.335440 0.970400
vt 0.333790 0.983730
vt 0.332660 0.997490
vt 0.336950 0.937860
vt 0.338490 0.948970
vt 0.337740 0.958280
vt 0.769670 0.382740
vt 0.774720 0.371240
vt 0.740720 0.401350
vt 0.752750 0.395630
vt 0.758340 0.388180
vt 0.780300 0.359290
vt 0.785070 0.346700
vt 0.725670 0.405870
vt 0.791070 0.333700
vt 0.795860 0.322540
vt 0.710160 0.410380
vt 0.696380 0.414960
vt 0.791780 0.313990
vt 0.803110 0.309440
vt 0.680900 0.418600
vt 0.808100 0.290590
vt 0.817410 0.301700
vt 0.664940 0.421990
vt 0.800470 0.280400
vt 0.810540 0.273180
vt 0.820230 0.284180
vt 0.647690 0.426800
vt 0.817530 0.264090
vt 0.821520 0.251640
vt 0.629990 0.433510
vt 0.819830 0.238150
vt 0.617180 0.432290
vt 0.821080 0.224470
vt 0.604490 0.431670
vt 0.822470 0.210820
vt 0.591060 0.431870
vt 0.823820 0.196160
vt 0.578380 0.431870
vt 0.826140 0.181740
vt 0.828980 0.170820
vt 0.565250 0.432690
vt 0.829140 0.163020
vt 0.551580 0.433980
vt 0.826610 0.154000
vt 0.538870 0.434260
vt 0.822310 0.142620
vt 0.526190 0.432430
vt 0.818140 0.130570
vt 0.513380 0.431130
vt 0.813330 0.119000
vt 0.499470 0.431160
vt 0.808910 0.107380
vt 0.485950 0.431800
vt 0.804730 0.095680
vt 0.471230 0.432790
vt 0.800820 0.084410
vt 0.456450 0.433820
vt 0.799830 0.072800
vt 0.442200 0.434950
vt 0.946820 0.548070
vt 0.960150 0.548250
vt 0.754860 0.047780
vt 0.766810 0.054470
vt 0.778270 0.058350
vt 0.788780 0.059860
vt 0.804610 0.057430
vt 0.430670 0.434920
vt 0.919310 0.546310
vt 0.933740 0.547110
vt 0.420050 0.432440
vt 0.904470 0.546080
vt 0.340040 0.830470
vt 0.348800 0.838580
vt 0.853410 0.540940
vt 0.866930 0.542790
vt 0.880460 0.544370
vt 0.892810 0.545550
vt 0.346840 0.849170
vt 0.345480 0.860020
vt 0.344700 0.871940
vt 0.344270 0.884170
vt 0.344340 0.896730
vt 0.345400 0.910250
vt 0.346930 0.924220
vt 0.347390 0.981400
vt 0.346310 0.995770
vt 0.841360 0.540190
vt 0.828230 0.538550
vt 0.349100 0.938050
vt 0.351040 0.957120
vt 0.349260 0.967740
vt 0.350930 0.949480
vt 0.772640 0.415930
vt 0.765200 0.426360
vt 0.752690 0.414100
vt 0.761780 0.405300
vt 0.783410 0.393100
vt 0.781610 0.403570
vt 0.769260 0.395210
vt 0.786300 0.380710
vt 0.791730 0.367210
vt 0.737320 0.419330
vt 0.796620 0.352360
vt 0.719680 0.423200
vt 0.801860 0.337630
vt 0.807000 0.325380
vt 0.703160 0.427240
vt 0.812960 0.313180
vt 0.685800 0.431770
vt 0.826830 0.290960
vt 0.829370 0.277920
vt 0.665810 0.434260
vt 0.834810 0.264020
vt 0.648000 0.438870
vt 0.833350 0.250590
vt 0.625010 0.446770
vt 0.634030 0.443810
vt 0.832120 0.238470
vt 0.615040 0.446550
vt 0.833640 0.224420
vt 0.603850 0.445150
vt 0.835380 0.209750
vt 0.590930 0.444780
vt 0.836100 0.195810
vt 0.577480 0.445210
vt 0.837580 0.184280
vt 0.840330 0.172000
vt 0.563630 0.446330
vt 0.841370 0.160350
vt 0.549930 0.447660
vt 0.839360 0.150540
vt 0.538040 0.448350
vt 0.835010 0.139200
vt 0.525380 0.446110
vt 0.831130 0.127130
vt 0.512480 0.444820
vt 0.827190 0.115130
vt 0.498880 0.444870
vt 0.823890 0.103260
vt 0.484870 0.445200
vt 0.820890 0.091400
vt 0.469660 0.445820
vt 0.818030 0.079710
vt 0.454330 0.446780
vt 0.816250 0.068470
vt 0.439680 0.448460
vt 0.823050 0.054650
vt 0.426530 0.449640
vt 0.933410 0.533590
vt 0.945990 0.533860
vt 0.959990 0.532380
vt 0.771360 0.043230
vt 0.762810 0.033330
vt 0.784250 0.040670
vt 0.795670 0.042990
vt 0.809750 0.041070
vt 0.416350 0.449380
vt 0.905570 0.533830
vt 0.919960 0.533780
vt 0.352280 0.818460
vt 0.361330 0.824450
vt 0.865780 0.530600
vt 0.881390 0.531800
vt 0.894130 0.533020
vt 0.374690 0.827040
vt 0.367060 0.839020
vt 0.363390 0.849080
vt 0.361900 0.860090
vt 0.360230 0.872490
vt 0.359150 0.885000
vt 0.358110 0.898270
vt 0.358660 0.912050
vt 0.827980 0.526560
vt 0.840490 0.527910
vt 0.851310 0.528970
vt 0.359050 0.925180
vt 0.359210 0.938350
vt 0.359520 0.965250
vt 0.358970 0.978740
vt 0.358550 0.993980
vt 0.359160 0.949890
vt 0.359860 0.956770
vt 0.782590 0.426860
vt 0.777530 0.438480
vt 0.794110 0.403870
vt 0.791780 0.414130
vt 0.798150 0.390130
vt 0.750220 0.432690
vt 0.803200 0.375450
vt 0.732400 0.436930
vt 0.808190 0.359060
vt 0.714530 0.442270
vt 0.813120 0.343730
vt 0.818100 0.330760
vt 0.696850 0.441980
vt 0.824110 0.318590
vt 0.830190 0.307380
vt 0.835750 0.296020
vt 0.684740 0.443660
vt 0.840340 0.282660
vt 0.844660 0.271850
vt 0.668290 0.446660
vt 0.847390 0.262070
vt 0.638570 0.454650
vt 0.651880 0.450810
vt 0.847970 0.248300
vt 0.626340 0.457730
vt 0.847040 0.236430
vt 0.614840 0.459550
vt 0.846810 0.223260
vt 0.602920 0.458790
vt 0.848470 0.207380
vt 0.590030 0.458460
vt 0.848400 0.189980
vt 0.575860 0.459290
vt 0.852680 0.172560
vt 0.561250 0.460680
vt 0.854120 0.158040
vt 0.547100 0.462480
vt 0.852490 0.147220
vt 0.535570 0.462760
vt 0.849460 0.135810
vt 0.523530 0.460650
vt 0.846660 0.123760
vt 0.510790 0.459040
vt 0.843740 0.110840
vt 0.497270 0.458500
vt 0.841230 0.098630
vt 0.483340 0.458800
vt 0.838640 0.086670
vt 0.468750 0.459300
vt 0.835850 0.072990
vt 0.453240 0.460190
vt 0.828080 0.064200
vt 0.436970 0.462270
vt 0.422000 0.464180
vt 0.775670 0.028000
vt 0.825820 0.036000
vt 0.411620 0.464680
vt 0.906430 0.520130
vt 0.920390 0.519990
vt 0.934150 0.520380
vt 0.946230 0.521340
vt 0.957570 0.520900
vt 0.766640 0.021700
vt 0.785910 0.016750
vt 0.793060 0.026550
vt 0.801160 0.029350
vt 0.812930 0.027550
vt 0.363840 0.807770
vt 0.370520 0.816240
vt 0.866450 0.518840
vt 0.882330 0.519450
vt 0.895240 0.520170
vt 0.852040 0.518940
vt 0.386600 0.832480
vt 0.381110 0.840180
vt 0.378620 0.848960
vt 0.376970 0.859710
vt 0.374390 0.872250
vt 0.372920 0.885390
vt 0.371870 0.899740
vt 0.370960 0.913480
vt 0.370010 0.925880
vt 0.367410 0.978990
vt 0.368280 0.994460
vt 0.829130 0.517070
vt 0.841280 0.518170
vt 0.368490 0.938360
vt 0.367120 0.949700
vt 0.366660 0.965560
vt 0.366610 0.957740
vt 0.787550 0.435290
vt 0.804040 0.410050
vt 0.799540 0.419900
vt 0.762220 0.445250
vt 0.809390 0.397090
vt 0.814870 0.383790
vt 0.745280 0.449420
vt 0.820010 0.368230
vt 0.729190 0.454570
vt 0.824930 0.352940
vt 0.714950 0.454030
vt 0.829940 0.338600
vt 0.835970 0.325700
vt 0.700400 0.454340
vt 0.842010 0.314740
vt 0.846850 0.302580
vt 0.686080 0.456630
vt 0.851970 0.288000
vt 0.857000 0.275060
vt 0.669750 0.459720
vt 0.864370 0.261300
vt 0.656430 0.463150
vt 0.642790 0.466760
vt 0.864490 0.245120
vt 0.627850 0.470680
vt 0.863820 0.232700
vt 0.614220 0.476880
vt 0.862740 0.219310
vt 0.600500 0.475320
vt 0.863640 0.203080
vt 0.588100 0.474320
vt 0.864920 0.186430
vt 0.574420 0.473970
vt 0.867170 0.170290
vt 0.559430 0.475400
vt 0.870320 0.155200
vt 0.544380 0.477850
vt 0.866890 0.144150
vt 0.532860 0.477780
vt 0.864560 0.132660
vt 0.521290 0.476650
vt 0.862320 0.120610
vt 0.508440 0.475520
vt 0.859960 0.107010
vt 0.494760 0.473940
vt 0.858510 0.094190
vt 0.481400 0.473330
vt 0.856560 0.082350
vt 0.467760 0.472930
vt 0.854510 0.070260
vt 0.453190 0.472770
vt 0.839870 0.060780
vt 0.853600 0.058330
vt 0.436730 0.473740
vt 0.840590 0.049090
vt 0.853280 0.047670
vt 0.421440 0.474800
vt 0.843220 0.034140
vt 0.411090 0.475720
vt 0.907770 0.506980
vt 0.920680 0.506400
vt 0.933890 0.507160
vt 0.946110 0.508740
vt 0.957790 0.508500
vt 0.773180 0.010480
vt 0.373200 0.801720
vt 0.379250 0.811880
vt 0.869040 0.505850
vt 0.883250 0.506640
vt 0.896080 0.507470
vt 0.796720 0.018440
vt 0.805210 0.021560
vt 0.384420 0.822930
vt 0.380700 0.982890
vt 0.382010 0.997720
vt 0.832630 0.503900
vt 0.844910 0.504820
vt 0.856390 0.506160
vt 0.388440 0.860080
vt 0.386590 0.871780
vt 0.385210 0.884580
vt 0.384460 0.898730
vt 0.384000 0.912490
vt 0.382910 0.925210
vt 0.380860 0.938110
vt 0.378480 0.968850
vt 0.389750 0.840300
vt 0.389630 0.849290
vt 0.379140 0.949520
vt 0.377820 0.958900
vt 0.770510 0.456110
vt 0.782900 0.451590
vt 0.793040 0.446060
vt 0.815160 0.415160
vt 0.809630 0.426140
vt 0.820560 0.403800
vt 0.754790 0.459740
vt 0.826150 0.391240
vt 0.739770 0.463260
vt 0.831640 0.376820
vt 0.836760 0.362710
vt 0.728820 0.465440
vt 0.842120 0.348390
vt 0.714580 0.467140
vt 0.847800 0.334260
vt 0.853500 0.322720
vt 0.858490 0.310440
vt 0.699740 0.469400
vt 0.863770 0.295460
vt 0.683710 0.472660
vt 0.869190 0.282320
vt 0.875690 0.271100
vt 0.664240 0.474580
vt 0.880790 0.255150
vt 0.884400 0.264760
vt 0.646060 0.479870
vt 0.879170 0.242310
vt 0.620490 0.487990
vt 0.632800 0.483500
vt 0.879000 0.229110
vt 0.610490 0.490360
vt 0.878680 0.214310
vt 0.597950 0.490520
vt 0.878620 0.198850
vt 0.585930 0.489420
vt 0.878550 0.184120
vt 0.573420 0.488000
vt 0.879790 0.171820
vt 0.881740 0.160190
vt 0.559420 0.488110
vt 0.880420 0.152130
vt 0.544330 0.490360
vt 0.877960 0.141830
vt 0.531710 0.490390
vt 0.876040 0.130010
vt 0.518880 0.490460
vt 0.873650 0.117730
vt 0.505750 0.490520
vt 0.872490 0.103840
vt 0.492250 0.488590
vt 0.873650 0.090550
vt 0.480090 0.486740
vt 0.873540 0.078360
vt 0.467750 0.485450
vt 0.871260 0.067310
vt 0.454120 0.484410
vt 0.867870 0.055440
vt 0.438250 0.484730
vt 0.863450 0.045160
vt 0.423880 0.485420
vt 0.855750 0.038050
vt 0.413170 0.486980
vt 0.821310 0.019080
vt 0.833520 0.026380
vt 0.383690 0.796200
vt 0.389550 0.807570
vt 0.871240 0.493810
vt 0.883090 0.493340
vt 0.895870 0.494990
vt 0.908480 0.495740
vt 0.920420 0.496280
vt 0.932300 0.497290
vt 0.945050 0.497130
vt 0.958000 0.497820
vt 0.777730 0.000210
vt 0.789800 0.003790
vt 0.800960 0.007970
vt 0.811330 0.013360
vt 0.394530 0.820340
vt 0.392990 0.971550
vt 0.394980 0.986030
vt 0.395510 0.999780
vt 0.835380 0.490940
vt 0.847500 0.492510
vt 0.859520 0.494300
vt 0.397130 0.831340
vt 0.397820 0.873410
vt 0.397470 0.886240
vt 0.396960 0.899280
vt 0.396700 0.911980
vt 0.396100 0.924720
vt 0.394730 0.937770
vt 0.393400 0.949530
vt 0.392200 0.960180
vt 0.398850 0.839970
vt 0.399610 0.850060
vt 0.398740 0.861270
vt 0.805550 0.547980
vt 0.792370 0.545040
vt 0.792080 0.532280
vt 0.805850 0.533420
vt 0.817750 0.534860
vt 0.817030 0.549340
vt 0.092590 0.557470
vt 0.088440 0.543910
vt 0.103580 0.540000
vt 0.107740 0.553210
vt 0.099390 0.526670
vt 0.084040 0.530130
vt 0.077590 0.515680
vt 0.093760 0.512350
vt 0.776210 0.541730
vt 0.775320 0.530160
vt 0.069200 0.499950
vt 0.087280 0.494870
vt 0.758180 0.540990
vt 0.759510 0.526980
vt 0.061510 0.484410
vt 0.078270 0.482140
vt 0.054270 0.468320
vt 0.073500 0.467360
vt 0.743430 0.538230
vt 0.747950 0.525510
vt 0.048300 0.451830
vt 0.067360 0.451610
vt 0.727230 0.538330
vt 0.733170 0.524160
vt 0.045270 0.437390
vt 0.063320 0.437520
vt 0.040870 0.422680
vt 0.057320 0.421680
vt 0.717930 0.521650
vt 0.709780 0.536630
vt 0.035050 0.405230
vt 0.051440 0.404560
vt 0.030760 0.389470
vt 0.047990 0.389470
vt 0.701220 0.519290
vt 0.691600 0.535200
vt 0.029420 0.374590
vt 0.045740 0.375120
vt 0.029770 0.362210
vt 0.042780 0.360220
vt 0.681470 0.514940
vt 0.673720 0.532420
vt 0.023420 0.352060
vt 0.040180 0.344560
vt 0.661930 0.514920
vt 0.653970 0.528120
vt 0.018150 0.338060
vt 0.032600 0.330470
vt 0.636580 0.529540
vt 0.633910 0.516360
vt 0.647650 0.514860
vt 0.014030 0.323380
vt 0.028600 0.315140
vt 0.623180 0.516280
vt 0.621900 0.530260
vt 0.010270 0.306750
vt 0.025700 0.298320
vt 0.610410 0.514550
vt 0.608750 0.526360
vt 0.007110 0.289270
vt 0.022570 0.282180
vt 0.596690 0.523920
vt 0.598290 0.512490
vt 0.004720 0.272470
vt 0.018340 0.264350
vt 0.584160 0.521480
vt 0.585700 0.509800
vt 0.004700 0.258210
vt 0.005980 0.244650
vt 0.018560 0.247910
vt 0.570100 0.519030
vt 0.571400 0.507590
vt 0.003400 0.235750
vt 0.016140 0.235680
vt 0.554730 0.516730
vt 0.556000 0.504270
vt 0.001220 0.223910
vt 0.014490 0.222800
vt 0.540770 0.515600
vt 0.543080 0.504030
vt 0.000210 0.210340
vt 0.013600 0.208870
vt 0.530040 0.503280
vt 0.527230 0.515080
vt 0.000490 0.196130
vt 0.013200 0.194070
vt 0.516510 0.503340
vt 0.515300 0.515020
vt 0.000250 0.180290
vt 0.013800 0.178040
vt 0.502250 0.513530
vt 0.502580 0.501960
vt 0.001450 0.165060
vt 0.015770 0.163620
vt 0.489740 0.511530
vt 0.490120 0.499430
vt 0.002760 0.151110
vt 0.018070 0.151220
vt 0.476880 0.509790
vt 0.477430 0.497540
vt 0.003390 0.138200
vt 0.018120 0.140470
vt 0.462730 0.508180
vt 0.463380 0.495620
vt 0.003500 0.124220
vt 0.016830 0.127110
vt 0.447260 0.506430
vt 0.447120 0.493520
vt 0.004690 0.111590
vt 0.017050 0.113160
vt 0.434240 0.505350
vt 0.432410 0.491260
vt 0.004720 0.099850
vt 0.017640 0.099080
vt 0.421260 0.490940
vt 0.422670 0.505310
vt 0.301370 0.784910
vt 0.313640 0.780130
vt 0.325380 0.785380
vt 0.312990 0.794460
vt 0.003050 0.055400
vt 0.016370 0.056200
vt 0.015970 0.072430
vt 0.002520 0.071610
vt 0.016480 0.086490
vt 0.000740 0.085530
vt 0.012690 0.798680
vt 0.001780 0.794090
vt 0.007080 0.781810
vt 0.018300 0.786370
vt 0.263220 0.791940
vt 0.250190 0.791200
vt 0.249980 0.779260
vt 0.261560 0.779140
vt 0.274960 0.780390
vt 0.276000 0.791800
vt 0.287100 0.782160
vt 0.288120 0.792180
vt 0.299880 0.794960
vt 0.326150 0.795770
vt 0.012150 0.000210
vt 0.014730 0.016670
vt 0.001790 0.015840
vt 0.000210 0.001850
vt 0.016410 0.029470
vt 0.002830 0.029160
vt 0.016830 0.042600
vt 0.003140 0.042200
vt 0.030480 0.791230
vt 0.024920 0.802800
vt 0.099460 0.785690
vt 0.111960 0.784410
vt 0.112580 0.796950
vt 0.100340 0.797620
vt 0.124740 0.783850
vt 0.125050 0.796820
vt 0.137540 0.784440
vt 0.137890 0.797650
vt 0.171140 0.796940
vt 0.171720 0.784130
vt 0.185290 0.782300
vt 0.185000 0.794700
vt 0.197690 0.781170
vt 0.198140 0.793010
vt 0.200990 0.780300
vt 0.213620 0.780710
vt 0.213800 0.792490
vt 0.201300 0.792490
vt 0.226920 0.781340
vt 0.226280 0.792780
vt 0.239020 0.780680
vt 0.238280 0.792120
vt 0.041090 0.795820
vt 0.035070 0.806080
vt 0.062850 0.791200
vt 0.074990 0.788310
vt 0.075470 0.800910
vt 0.063720 0.803150
vt 0.087110 0.786530
vt 0.087820 0.798540
vt 0.148970 0.785150
vt 0.149550 0.798130
vt 0.160250 0.785290
vt 0.160130 0.798360
vt 0.043200 0.806890
vt 0.052160 0.793220
vt 0.052940 0.805300
vt 0.806600 0.562380
vt 0.818330 0.563180
vt 0.118900 0.536870
vt 0.122230 0.549360
vt 0.791860 0.559150
vt 0.115240 0.523690
vt 0.110150 0.509410
vt 0.106870 0.495590
vt 0.775390 0.555510
vt 0.092790 0.481300
vt 0.108760 0.481730
vt 0.094420 0.464740
vt 0.112630 0.466510
vt 0.762550 0.553700
vt 0.086830 0.451580
vt 0.747780 0.553040
vt 0.736130 0.553010
vt 0.753070 0.565750
vt 0.084880 0.438250
vt 0.074650 0.421490
vt 0.720460 0.553050
vt 0.068770 0.405180
vt 0.702550 0.552720
vt 0.064640 0.390410
vt 0.060730 0.375300
vt 0.057040 0.360430
vt 0.684560 0.548690
vt 0.053360 0.347350
vt 0.669340 0.545520
vt 0.050300 0.337450
vt 0.638120 0.542390
vt 0.653350 0.543170
vt 0.046290 0.323450
vt 0.626060 0.540970
vt 0.043250 0.306470
vt 0.618360 0.539380
vt 0.041160 0.289760
vt 0.607650 0.537330
vt 0.038250 0.275270
vt 0.595300 0.535500
vt 0.035520 0.261120
vt 0.582560 0.533970
vt 0.031870 0.248160
vt 0.568930 0.531950
vt 0.029530 0.234520
vt 0.553980 0.529590
vt 0.028080 0.221500
vt 0.539520 0.528410
vt 0.027350 0.208120
vt 0.524840 0.527320
vt 0.027040 0.193560
vt 0.513570 0.526510
vt 0.027320 0.177640
vt 0.501820 0.525220
vt 0.028190 0.163020
vt 0.489280 0.523610
vt 0.029240 0.151530
vt 0.476010 0.522400
vt 0.029350 0.141430
vt 0.461680 0.521160
vt 0.028940 0.127510
vt 0.446330 0.519540
vt 0.029320 0.113140
vt 0.434540 0.519070
vt 0.030180 0.099410
vt 0.423200 0.519060
vt 0.287260 0.769530
vt 0.300680 0.770020
vt 0.314210 0.769410
vt 0.327910 0.770940
vt 0.029000 0.002020
vt 0.028820 0.017430
vt 0.030380 0.056400
vt 0.029850 0.071870
vt 0.029630 0.086280
vt 0.011610 0.770040
vt 0.023260 0.773740
vt 0.200450 0.767500
vt 0.212830 0.767410
vt 0.225880 0.767500
vt 0.238380 0.767320
vt 0.249910 0.767170
vt 0.260980 0.767490
vt 0.274930 0.768440
vt 0.029960 0.030070
vt 0.030500 0.043020
vt 0.037910 0.779670
vt 0.085940 0.774200
vt 0.098990 0.772930
vt 0.111960 0.771540
vt 0.124410 0.770840
vt 0.136660 0.771090
vt 0.148580 0.771000
vt 0.160560 0.771040
vt 0.172630 0.770720
vt 0.185130 0.769500
vt 0.197960 0.768790
vt 0.051040 0.778200
vt 0.062630 0.776940
vt 0.074370 0.775170
vt 0.818530 0.575410
vt 0.806200 0.575150
vt 0.131710 0.532850
vt 0.134760 0.545520
vt 0.128630 0.519490
vt 0.124790 0.505610
vt 0.790150 0.572840
vt 0.122520 0.492750
vt 0.122980 0.480110
vt 0.128440 0.465890
vt 0.772030 0.569880
vt 0.101870 0.452060
vt 0.116980 0.452550
vt 0.104580 0.439010
vt 0.121760 0.439930
vt 0.095420 0.430720
vt 0.720640 0.566090
vt 0.734880 0.566850
vt 0.089270 0.420020
vt 0.085830 0.405850
vt 0.708530 0.565620
vt 0.080690 0.390790
vt 0.696440 0.573730
vt 0.693660 0.561560
vt 0.075100 0.374610
vt 0.069310 0.359890
vt 0.680930 0.559810
vt 0.065240 0.346550
vt 0.666400 0.557420
vt 0.061400 0.332790
vt 0.651240 0.555170
vt 0.636600 0.553160
vt 0.057810 0.316360
vt 0.625710 0.550560
vt 0.056370 0.298710
vt 0.616780 0.549310
vt 0.054230 0.283240
vt 0.606310 0.548190
vt 0.051500 0.270510
vt 0.593420 0.547020
vt 0.048410 0.258950
vt 0.581040 0.546320
vt 0.045220 0.246710
vt 0.568390 0.544960
vt 0.043250 0.233320
vt 0.554100 0.543140
vt 0.041710 0.220330
vt 0.538860 0.541820
vt 0.040850 0.206930
vt 0.523080 0.540500
vt 0.040510 0.192300
vt 0.512020 0.539200
vt 0.040400 0.176670
vt 0.501120 0.537410
vt 0.040480 0.161800
vt 0.488860 0.535530
vt 0.040600 0.151200
vt 0.475190 0.534890
vt 0.040730 0.141500
vt 0.460900 0.533870
vt 0.041080 0.127570
vt 0.445230 0.532530
vt 0.041810 0.113260
vt 0.433740 0.531980
vt 0.042740 0.099220
vt 0.422960 0.531620
vt 0.287900 0.756070
vt 0.301540 0.756680
vt 0.314640 0.757050
vt 0.327960 0.757370
vt 0.044510 0.001070
vt 0.044190 0.017140
vt 0.045400 0.056230
vt 0.044480 0.070670
vt 0.043580 0.085230
vt 0.014330 0.758990
vt 0.025510 0.761240
vt 0.200900 0.754450
vt 0.212720 0.754080
vt 0.225040 0.753590
vt 0.238100 0.753760
vt 0.249940 0.754310
vt 0.261120 0.755240
vt 0.275360 0.755720
vt 0.044680 0.030560
vt 0.045330 0.043960
vt 0.038450 0.764220
vt 0.085510 0.762130
vt 0.098790 0.760330
vt 0.111770 0.758980
vt 0.123480 0.758520
vt 0.135540 0.758720
vt 0.148490 0.756410
vt 0.161240 0.757720
vt 0.173080 0.757660
vt 0.184940 0.757220
vt 0.196540 0.756230
vt 0.050660 0.764590
vt 0.062530 0.763910
vt 0.074180 0.762960
vt 0.818120 0.588230
vt 0.805040 0.588060
vt 0.144620 0.528840
vt 0.148200 0.542430
vt 0.141010 0.515350
vt 0.137340 0.501810
vt 0.134400 0.488940
vt 0.132520 0.476770
vt 0.789420 0.586370
vt 0.130910 0.451220
vt 0.136320 0.440650
vt 0.771590 0.583990
vt 0.115270 0.424960
vt 0.128630 0.427670
vt 0.753130 0.581640
vt 0.102010 0.421250
vt 0.103390 0.408430
vt 0.119670 0.411870
vt 0.735940 0.580580
vt 0.721820 0.582900
vt 0.098680 0.393150
vt 0.711670 0.577240
vt 0.093000 0.375100
vt 0.703720 0.588600
vt 0.082720 0.359540
vt 0.678540 0.571920
vt 0.079080 0.345460
vt 0.662040 0.570550
vt 0.074720 0.331020
vt 0.647360 0.567840
vt 0.069630 0.313430
vt 0.635560 0.565080
vt 0.625240 0.561920
vt 0.067140 0.292710
vt 0.615740 0.560350
vt 0.064480 0.277840
vt 0.604700 0.559330
vt 0.062580 0.267770
vt 0.591290 0.558510
vt 0.060060 0.257040
vt 0.579160 0.558220
vt 0.057820 0.245200
vt 0.566830 0.557590
vt 0.056140 0.232410
vt 0.552610 0.556590
vt 0.054440 0.219290
vt 0.537580 0.555120
vt 0.053370 0.205110
vt 0.521900 0.553770
vt 0.052820 0.189900
vt 0.510870 0.551980
vt 0.052340 0.175920
vt 0.500020 0.549750
vt 0.051630 0.162110
vt 0.488020 0.547810
vt 0.051270 0.151420
vt 0.474100 0.547740
vt 0.051810 0.141510
vt 0.459780 0.547620
vt 0.053090 0.127800
vt 0.444400 0.547250
vt 0.054180 0.113600
vt 0.432780 0.545950
vt 0.055190 0.099120
vt 0.422020 0.544770
vt 0.288770 0.743560
vt 0.302100 0.744110
vt 0.314770 0.744500
vt 0.327590 0.744110
vt 0.059700 0.001470
vt 0.059440 0.017460
vt 0.058350 0.069960
vt 0.057090 0.084470
vt 0.015030 0.746930
vt 0.025610 0.747520
vt 0.137000 0.747160
vt 0.148450 0.742120
vt 0.160050 0.745660
vt 0.261260 0.742230
vt 0.275960 0.743340
vt 0.060040 0.032010
vt 0.060710 0.045120
vt 0.059980 0.056450
vt 0.037400 0.748950
vt 0.049630 0.749270
vt 0.062260 0.749010
vt 0.074650 0.748660
vt 0.086770 0.748370
vt 0.099160 0.747470
vt 0.111590 0.746810
vt 0.123340 0.746720
vt 0.173240 0.744720
vt 0.185250 0.744710
vt 0.197110 0.744050
vt 0.201720 0.741940
vt 0.213430 0.742350
vt 0.225320 0.741920
vt 0.237840 0.740960
vt 0.249210 0.740850
vt 0.791640 0.601630
vt 0.805760 0.602380
vt 0.818440 0.602390
vt 0.159230 0.524760
vt 0.162870 0.538250
vt 0.155360 0.511230
vt 0.151390 0.498300
vt 0.147880 0.485110
vt 0.144920 0.472390
vt 0.142520 0.460180
vt 0.140650 0.448280
vt 0.775370 0.600040
vt 0.136800 0.431180
vt 0.757610 0.598180
vt 0.135360 0.415580
vt 0.741400 0.596890
vt 0.117470 0.396200
vt 0.729970 0.601220
vt 0.720220 0.611940
vt 0.714720 0.598130
vt 0.108850 0.380780
vt 0.102770 0.370540
vt 0.691440 0.586990
vt 0.095880 0.357550
vt 0.675830 0.584290
vt 0.092740 0.344390
vt 0.658340 0.582850
vt 0.089670 0.330600
vt 0.640670 0.579010
vt 0.084340 0.314060
vt 0.626990 0.578280
vt 0.079820 0.296700
vt 0.615770 0.576300
vt 0.076420 0.284020
vt 0.073450 0.273970
vt 0.602990 0.574090
vt 0.072830 0.265710
vt 0.589290 0.572420
vt 0.071520 0.255050
vt 0.577380 0.571080
vt 0.069950 0.243290
vt 0.564580 0.570170
vt 0.068380 0.230980
vt 0.549500 0.569790
vt 0.066760 0.218150
vt 0.534850 0.568600
vt 0.065170 0.204210
vt 0.520920 0.567240
vt 0.064210 0.189400
vt 0.509360 0.565150
vt 0.064000 0.176790
vt 0.497700 0.562990
vt 0.063470 0.163940
vt 0.485260 0.561440
vt 0.062570 0.152220
vt 0.471490 0.561280
vt 0.062920 0.141230
vt 0.458250 0.560920
vt 0.064700 0.127950
vt 0.443990 0.560450
vt 0.066140 0.114380
vt 0.432130 0.559100
vt 0.067390 0.099640
vt 0.420410 0.557950
vt 0.288430 0.730410
vt 0.301780 0.730650
vt 0.314690 0.730550
vt 0.327710 0.730100
vt 0.075760 0.003140
vt 0.074960 0.019140
vt 0.068930 0.084850
vt 0.013620 0.734590
vt 0.024810 0.733850
vt 0.136780 0.731970
vt 0.148260 0.735290
vt 0.159790 0.730670
vt 0.260550 0.728010
vt 0.275410 0.729950
vt 0.074550 0.033550
vt 0.073130 0.045420
vt 0.070940 0.056650
vt 0.069620 0.070700
vt 0.036670 0.734480
vt 0.049210 0.734890
vt 0.062000 0.735330
vt 0.074810 0.735430
vt 0.087310 0.735890
vt 0.099400 0.735770
vt 0.111890 0.735490
vt 0.124050 0.735060
vt 0.173320 0.732220
vt 0.185540 0.732060
vt 0.198180 0.731360
vt 0.213940 0.729530
vt 0.202120 0.728980
vt 0.225740 0.728840
vt 0.237570 0.726700
vt 0.248060 0.726220
vt 0.154590 0.457340
vt 0.149620 0.446890
vt 0.779150 0.616410
vt 0.794100 0.617020
vt 0.807740 0.617560
vt 0.819860 0.617410
vt 0.174740 0.520230
vt 0.178240 0.533250
vt 0.170970 0.507150
vt 0.167250 0.494100
vt 0.163520 0.480870
vt 0.159310 0.468390
vt 0.145840 0.436530
vt 0.142840 0.426760
vt 0.761620 0.616770
vt 0.747360 0.613450
vt 0.130410 0.401270
vt 0.736950 0.617920
vt 0.726900 0.627460
vt 0.125750 0.391600
vt 0.709030 0.609190
vt 0.119700 0.379700
vt 0.697480 0.604810
vt 0.114700 0.368000
vt 0.686070 0.600650
vt 0.109730 0.355450
vt 0.671760 0.597340
vt 0.105840 0.342460
vt 0.654760 0.595920
vt 0.102360 0.328500
vt 0.638410 0.595180
vt 0.097240 0.312080
vt 0.626230 0.594450
vt 0.092050 0.294560
vt 0.614570 0.592040
vt 0.086770 0.280370
vt 0.083660 0.272190
vt 0.600920 0.588770
vt 0.083180 0.264090
vt 0.587060 0.586050
vt 0.083090 0.253450
vt 0.575520 0.583510
vt 0.081800 0.241610
vt 0.562870 0.582040
vt 0.080280 0.229480
vt 0.547330 0.581850
vt 0.079390 0.217090
vt 0.531760 0.581450
vt 0.078270 0.203770
vt 0.518270 0.580590
vt 0.077520 0.189630
vt 0.507230 0.579060
vt 0.077100 0.177280
vt 0.494970 0.577250
vt 0.076630 0.164670
vt 0.481880 0.576080
vt 0.075730 0.152400
vt 0.468320 0.575820
vt 0.076250 0.140260
vt 0.455700 0.574770
vt 0.077470 0.127720
vt 0.442440 0.573940
vt 0.078310 0.115060
vt 0.430410 0.573010
vt 0.079770 0.101060
vt 0.418550 0.572120
vt 0.083020 0.087110
vt 0.023550 0.717820
vt 0.010970 0.721560
vt 0.074190 0.722570
vt 0.087130 0.722710
vt 0.099420 0.722820
vt 0.112330 0.722960
vt 0.125420 0.722930
vt 0.147900 0.721230
vt 0.258700 0.714730
vt 0.273070 0.715930
vt 0.286460 0.716760
vt 0.300810 0.717770
vt 0.314490 0.718070
vt 0.327790 0.717410
vt 0.089950 0.006510
vt 0.088560 0.021730
vt 0.087180 0.034560
vt 0.084590 0.045170
vt 0.083140 0.058990
vt 0.082360 0.073120
vt 0.036810 0.719870
vt 0.049020 0.720720
vt 0.061550 0.722030
vt 0.136010 0.721030
vt 0.160920 0.719610
vt 0.173070 0.720320
vt 0.185610 0.720280
vt 0.198610 0.719700
vt 0.200910 0.717210
vt 0.213330 0.716160
vt 0.225580 0.714790
vt 0.236560 0.713480
vt 0.246830 0.713900
vt 0.795870 0.631710
vt 0.809720 0.632110
vt 0.821810 0.631430
vt 0.188920 0.515960
vt 0.192730 0.528870
vt 0.184850 0.502910
vt 0.180840 0.490210
vt 0.176670 0.477330
vt 0.170980 0.465660
vt 0.165250 0.455850
vt 0.159350 0.444750
vt 0.767610 0.631240
vt 0.781700 0.631060
vt 0.154930 0.432950
vt 0.150210 0.422610
vt 0.756040 0.633790
vt 0.744410 0.632510
vt 0.752690 0.625110
vt 0.144750 0.411750
vt 0.733920 0.640580
vt 0.139660 0.400290
vt 0.715710 0.624660
vt 0.135550 0.389210
vt 0.703190 0.621420
vt 0.129980 0.376790
vt 0.691640 0.617910
vt 0.126180 0.364810
vt 0.679930 0.613950
vt 0.123110 0.352970
vt 0.664950 0.611520
vt 0.119380 0.340000
vt 0.648060 0.610420
vt 0.114860 0.325330
vt 0.632740 0.609060
vt 0.109640 0.308740
vt 0.622630 0.606830
vt 0.105420 0.290790
vt 0.611770 0.603810
vt 0.096410 0.275460
vt 0.599200 0.600770
vt 0.096050 0.263770
vt 0.585870 0.597790
vt 0.093830 0.250970
vt 0.573920 0.595140
vt 0.093510 0.239890
vt 0.561450 0.593800
vt 0.092490 0.228190
vt 0.546470 0.593600
vt 0.091630 0.215770
vt 0.529970 0.593940
vt 0.091000 0.202360
vt 0.515450 0.594020
vt 0.090410 0.188080
vt 0.504190 0.593720
vt 0.089630 0.176050
vt 0.491750 0.592560
vt 0.089140 0.164500
vt 0.479370 0.591090
vt 0.088790 0.152400
vt 0.466630 0.589690
vt 0.089150 0.139960
vt 0.453710 0.588260
vt 0.089820 0.128080
vt 0.439990 0.588010
vt 0.090450 0.116250
vt 0.427300 0.587680
vt 0.091630 0.103000
vt 0.416080 0.586140
vt 0.092420 0.093190
vt 0.017270 0.706400
vt 0.005890 0.709370
vt 0.073480 0.709690
vt 0.086500 0.709840
vt 0.099150 0.710000
vt 0.112080 0.709900
vt 0.125450 0.709490
vt 0.286780 0.705320
vt 0.300940 0.705930
vt 0.314340 0.706200
vt 0.327470 0.706060
vt 0.102780 0.008390
vt 0.100450 0.023220
vt 0.096930 0.046130
vt 0.095840 0.061110
vt 0.094790 0.074690
vt 0.093700 0.083620
vt 0.103070 0.089350
vt 0.027360 0.704920
vt 0.037740 0.705270
vt 0.048450 0.706280
vt 0.060550 0.708310
vt 0.136470 0.708610
vt 0.147210 0.708330
vt 0.159370 0.708700
vt 0.172030 0.708860
vt 0.184300 0.708010
vt 0.197220 0.707000
vt 0.199690 0.704240
vt 0.214380 0.703930
vt 0.258570 0.704460
vt 0.272950 0.704960
vt 0.098320 0.035250
vt 0.226910 0.702470
vt 0.235960 0.702180
vt 0.246640 0.703440
vt 0.783050 0.644040
vt 0.796820 0.645000
vt 0.811380 0.646110
vt 0.824100 0.646370
vt 0.204770 0.510590
vt 0.208060 0.523650
vt 0.200860 0.498100
vt 0.196870 0.485910
vt 0.190910 0.474090
vt 0.183590 0.461680
vt 0.177680 0.450750
vt 0.170800 0.438880
vt 0.768700 0.642840
vt 0.755550 0.642840
vt 0.164510 0.427730
vt 0.158460 0.417640
vt 0.743860 0.643390
vt 0.153430 0.407550
vt 0.722870 0.639480
vt 0.150800 0.398390
vt 0.710360 0.635810
vt 0.148320 0.387740
vt 0.696780 0.633110
vt 0.143610 0.375120
vt 0.685750 0.630280
vt 0.138370 0.361960
vt 0.673920 0.627210
vt 0.135150 0.349640
vt 0.658090 0.625410
vt 0.132130 0.336880
vt 0.641700 0.623910
vt 0.128040 0.322080
vt 0.628850 0.622120
vt 0.123330 0.306130
vt 0.619160 0.618640
vt 0.119080 0.292810
vt 0.608390 0.614420
vt 0.113910 0.282650
vt 0.109930 0.274100
vt 0.596420 0.611170
vt 0.108210 0.263260
vt 0.583890 0.608690
vt 0.105540 0.250030
vt 0.571280 0.607230
vt 0.104680 0.238100
vt 0.558840 0.606330
vt 0.104210 0.227020
vt 0.544800 0.606130
vt 0.103140 0.214590
vt 0.528470 0.606700
vt 0.102250 0.201470
vt 0.513900 0.606630
vt 0.100990 0.187470
vt 0.501050 0.606770
vt 0.100280 0.175290
vt 0.488920 0.607320
vt 0.100400 0.164270
vt 0.476990 0.606190
vt 0.100820 0.152530
vt 0.464890 0.604160
vt 0.101080 0.140350
vt 0.452010 0.602500
vt 0.101770 0.128700
vt 0.437810 0.602020
vt 0.103030 0.117530
vt 0.424390 0.601490
vt 0.106260 0.104310
vt 0.412630 0.599860
vt 0.014050 0.695570
vt 0.001080 0.697000
vt 0.072540 0.696710
vt 0.085560 0.696940
vt 0.098500 0.697300
vt 0.111190 0.697270
vt 0.124390 0.696670
vt 0.274520 0.693700
vt 0.288720 0.693220
vt 0.301940 0.693100
vt 0.314380 0.693310
vt 0.326780 0.693500
vt 0.117220 0.009600
vt 0.114490 0.024250
vt 0.111350 0.037570
vt 0.110140 0.047880
vt 0.108580 0.062820
vt 0.106740 0.076420
vt 0.027020 0.693280
vt 0.048170 0.694900
vt 0.059280 0.695550
vt 0.135970 0.696620
vt 0.146410 0.697020
vt 0.158100 0.698020
vt 0.171290 0.696480
vt 0.183830 0.696710
vt 0.196590 0.695290
vt 0.199040 0.692340
vt 0.214600 0.692510
vt 0.259910 0.694010
vt 0.038090 0.694440
vt 0.227680 0.692760
vt 0.235900 0.692940
vt 0.246990 0.693640
vt 0.825560 0.660690
vt 0.811320 0.658690
vt 0.222430 0.517950
vt 0.219920 0.504360
vt 0.215850 0.492360
vt 0.210390 0.482090
vt 0.203020 0.469860
vt 0.795930 0.656580
vt 0.782880 0.655910
vt 0.194890 0.455930
vt 0.188540 0.444750
vt 0.743630 0.654590
vt 0.755820 0.654420
vt 0.769140 0.655150
vt 0.181200 0.432880
vt 0.174350 0.422120
vt 0.168060 0.410650
vt 0.732720 0.654050
vt 0.161790 0.398940
vt 0.719500 0.652460
vt 0.706860 0.646210
vt 0.160270 0.385770
vt 0.693800 0.642180
vt 0.156820 0.373710
vt 0.682290 0.639660
vt 0.151600 0.360010
vt 0.670460 0.637590
vt 0.146850 0.345670
vt 0.654970 0.635770
vt 0.144030 0.332230
vt 0.638270 0.634760
vt 0.140100 0.318290
vt 0.624720 0.633810
vt 0.136000 0.303490
vt 0.615440 0.631900
vt 0.131360 0.291190
vt 0.604720 0.626980
vt 0.124080 0.277680
vt 0.593060 0.622960
vt 0.122610 0.264230
vt 0.580600 0.620870
vt 0.120160 0.250780
vt 0.567340 0.620390
vt 0.118480 0.238260
vt 0.555150 0.619640
vt 0.117460 0.226270
vt 0.541200 0.619600
vt 0.115770 0.213830
vt 0.525980 0.619760
vt 0.114390 0.201720
vt 0.512430 0.619130
vt 0.112810 0.188730
vt 0.498600 0.618540
vt 0.111950 0.175900
vt 0.487110 0.619100
vt 0.111630 0.163610
vt 0.475830 0.617770
vt 0.112630 0.152560
vt 0.463690 0.616220
vt 0.112560 0.140960
vt 0.450920 0.614960
vt 0.113160 0.129950
vt 0.437350 0.614110
vt 0.114780 0.119490
vt 0.424250 0.613430
vt 0.119240 0.109530
vt 0.412470 0.612640
vt 0.117420 0.089670
vt 0.117830 0.101130
vt 0.000210 0.685370
vt 0.012820 0.685150
vt 0.085550 0.684900
vt 0.098490 0.684830
vt 0.110660 0.684680
vt 0.123260 0.684360
vt 0.159880 0.687470
vt 0.171120 0.681280
vt 0.181840 0.685790
vt 0.275610 0.681220
vt 0.289710 0.681000
vt 0.302540 0.680950
vt 0.314360 0.681170
vt 0.326590 0.681190
vt 0.131160 0.011730
vt 0.128150 0.026620
vt 0.124620 0.040890
vt 0.123130 0.050770
vt 0.121140 0.064850
vt 0.119010 0.077770
vt 0.023800 0.684460
vt 0.059420 0.684170
vt 0.072340 0.684670
vt 0.134880 0.685220
vt 0.146290 0.685610
vt 0.196180 0.683390
vt 0.199790 0.680320
vt 0.214750 0.681000
vt 0.247780 0.682930
vt 0.261610 0.681900
vt 0.030720 0.683640
vt 0.038610 0.683880
vt 0.048560 0.684250
vt 0.227690 0.682960
vt 0.236310 0.683960
vt 0.237000 0.512210
vt 0.232820 0.498610
vt 0.227160 0.487930
vt 0.220950 0.477710
vt 0.811300 0.672920
vt 0.825950 0.675250
vt 0.213460 0.464110
vt 0.770010 0.668330
vt 0.782500 0.668720
vt 0.795480 0.669820
vt 0.204950 0.449900
vt 0.197770 0.438710
vt 0.733410 0.664900
vt 0.744510 0.666150
vt 0.756680 0.667010
vt 0.190440 0.427600
vt 0.184070 0.416460
vt 0.722920 0.662940
vt 0.178530 0.404540
vt 0.715120 0.660900
vt 0.175050 0.394790
vt 0.705250 0.657240
vt 0.171880 0.383080
vt 0.692530 0.653900
vt 0.168530 0.371270
vt 0.679950 0.651410
vt 0.163730 0.357650
vt 0.668010 0.649250
vt 0.159660 0.340260
vt 0.652820 0.647060
vt 0.154850 0.325740
vt 0.636200 0.645160
vt 0.151760 0.313210
vt 0.621020 0.644370
vt 0.148410 0.301030
vt 0.610610 0.644200
vt 0.144370 0.289890
vt 0.600130 0.640360
vt 0.140190 0.277340
vt 0.588980 0.636870
vt 0.136880 0.264570
vt 0.576820 0.634960
vt 0.134390 0.251370
vt 0.563640 0.634450
vt 0.132170 0.237700
vt 0.551700 0.633310
vt 0.130790 0.225920
vt 0.538550 0.632570
vt 0.129310 0.214090
vt 0.524780 0.631920
vt 0.127880 0.202530
vt 0.511980 0.630850
vt 0.125850 0.190360
vt 0.497970 0.630110
vt 0.124130 0.176900
vt 0.486240 0.629080
vt 0.123440 0.163320
vt 0.475050 0.628940
vt 0.124070 0.151410
vt 0.462790 0.628210
vt 0.124410 0.141300
vt 0.450100 0.627480
vt 0.124790 0.131530
vt 0.437030 0.627190
vt 0.125920 0.122050
vt 0.424230 0.626890
vt 0.128260 0.113040
vt 0.412230 0.626320
vt 0.129640 0.090630
vt 0.129420 0.100750
vt 0.129620 0.107470
vt 0.000730 0.672810
vt 0.014100 0.673510
vt 0.148510 0.671550
vt 0.159020 0.675710
vt 0.170080 0.669650
vt 0.183650 0.671020
vt 0.275730 0.668940
vt 0.289630 0.668890
vt 0.302220 0.669190
vt 0.314420 0.669190
vt 0.326970 0.668770
vt 0.145070 0.015090
vt 0.141540 0.029920
vt 0.136590 0.043160
vt 0.134010 0.053590
vt 0.132470 0.067120
vt 0.130740 0.079620
vt 0.025940 0.674120
vt 0.059430 0.672980
vt 0.071600 0.672650
vt 0.084800 0.672930
vt 0.098260 0.672520
vt 0.110240 0.672050
vt 0.122160 0.672050
vt 0.134710 0.672670
vt 0.196230 0.670510
vt 0.201260 0.667490
vt 0.214720 0.668290
vt 0.249620 0.670970
vt 0.262580 0.669450
vt 0.033540 0.674120
vt 0.039090 0.674070
vt 0.048480 0.673750
vt 0.226530 0.670310
vt 0.237480 0.670980
vt 0.813220 0.689410
vt 0.826530 0.690440
vt 0.245680 0.493580
vt 0.251670 0.505030
vt 0.238880 0.482410
vt 0.232100 0.471570
vt 0.797180 0.685470
vt 0.223890 0.457670
vt 0.757460 0.680010
vt 0.770380 0.681760
vt 0.782820 0.682550
vt 0.215200 0.443000
vt 0.207550 0.430890
vt 0.745100 0.677560
vt 0.734240 0.674320
vt 0.200140 0.419440
vt 0.193830 0.407800
vt 0.723380 0.671540
vt 0.187170 0.394710
vt 0.713630 0.669720
vt 0.703420 0.668310
vt 0.184390 0.380780
vt 0.690540 0.666360
vt 0.181070 0.368630
vt 0.677690 0.664300
vt 0.176790 0.356520
vt 0.665880 0.661610
vt 0.172130 0.342640
vt 0.651300 0.658470
vt 0.168110 0.330930
vt 0.164280 0.318970
vt 0.634790 0.656180
vt 0.161850 0.307670
vt 0.618780 0.655810
vt 0.159440 0.298100
vt 0.604440 0.658440
vt 0.156250 0.287590
vt 0.594720 0.655090
vt 0.153050 0.276150
vt 0.584700 0.651980
vt 0.149980 0.263750
vt 0.573620 0.649470
vt 0.147260 0.250090
vt 0.561510 0.647810
vt 0.144230 0.235940
vt 0.549580 0.646250
vt 0.142790 0.224820
vt 0.536620 0.645500
vt 0.141660 0.213760
vt 0.524320 0.644340
vt 0.140440 0.202450
vt 0.511680 0.643150
vt 0.138310 0.190380
vt 0.498540 0.641830
vt 0.135920 0.176470
vt 0.486290 0.641370
vt 0.135640 0.161280
vt 0.474070 0.640700
vt 0.134480 0.148610
vt 0.461940 0.640360
vt 0.135740 0.140700
vt 0.449140 0.640380
vt 0.136120 0.132920
vt 0.435620 0.640290
vt 0.136540 0.124450
vt 0.423440 0.640500
vt 0.136970 0.115000
vt 0.411410 0.639950
vt 0.137570 0.108010
vt 0.014980 0.662200
vt 0.001130 0.660200
vt 0.159130 0.661460
vt 0.275880 0.656290
vt 0.288830 0.656060
vt 0.301380 0.656030
vt 0.314480 0.656350
vt 0.327960 0.654900
vt 0.160570 0.019700
vt 0.157020 0.034270
vt 0.151450 0.045280
vt 0.147430 0.057400
vt 0.144650 0.070570
vt 0.142010 0.082260
vt 0.139850 0.092850
vt 0.138350 0.101690
vt 0.027890 0.664620
vt 0.071820 0.661630
vt 0.084310 0.660680
vt 0.098000 0.659220
vt 0.110080 0.658250
vt 0.121200 0.658540
vt 0.133980 0.659610
vt 0.146410 0.660260
vt 0.171550 0.659020
vt 0.183690 0.658540
vt 0.196460 0.657630
vt 0.203070 0.654620
vt 0.214880 0.655570
vt 0.225840 0.657090
vt 0.239110 0.656990
vt 0.251640 0.657320
vt 0.263910 0.656700
vt 0.037210 0.667260
vt 0.048280 0.664820
vt 0.060090 0.662890
vt 0.815170 0.705700
vt 0.799450 0.701670
vt 0.827560 0.706000
vt 0.259920 0.488020
vt 0.267070 0.498230
vt 0.252430 0.476080
vt 0.244180 0.464900
vt 0.784620 0.697830
vt 0.234750 0.451030
vt 0.746820 0.690100
vt 0.758930 0.693520
vt 0.771560 0.695980
vt 0.226120 0.436580
vt 0.735930 0.685380
vt 0.220010 0.422830
vt 0.210180 0.410840
vt 0.724090 0.682350
vt 0.203350 0.399440
vt 0.712470 0.680460
vt 0.198540 0.388640
vt 0.700800 0.678700
vt 0.196100 0.377520
vt 0.687940 0.677560
vt 0.192860 0.365050
vt 0.675070 0.675890
vt 0.188710 0.353810
vt 0.662710 0.673080
vt 0.183670 0.340100
vt 0.649080 0.670060
vt 0.178460 0.326000
vt 0.173960 0.314210
vt 0.634210 0.668050
vt 0.171200 0.303530
vt 0.619560 0.667570
vt 0.169410 0.294680
vt 0.598080 0.669180
vt 0.606550 0.668360
vt 0.167110 0.284850
vt 0.590440 0.667890
vt 0.164530 0.273510
vt 0.581330 0.665530
vt 0.162160 0.260610
vt 0.570890 0.663130
vt 0.159470 0.246640
vt 0.559620 0.660930
vt 0.156190 0.233800
vt 0.547800 0.659120
vt 0.154330 0.223590
vt 0.535550 0.658180
vt 0.152990 0.212650
vt 0.524180 0.657170
vt 0.151800 0.201290
vt 0.512040 0.655600
vt 0.149910 0.189290
vt 0.499090 0.654680
vt 0.147310 0.175970
vt 0.486390 0.654400
vt 0.145520 0.164180
vt 0.473700 0.653360
vt 0.143740 0.154410
vt 0.142120 0.145190
vt 0.460870 0.652720
vt 0.142460 0.139560
vt 0.447680 0.652820
vt 0.143610 0.133020
vt 0.434560 0.652430
vt 0.144220 0.125230
vt 0.422900 0.652150
vt 0.144460 0.115950
vt 0.411090 0.651750
vt 0.144520 0.108470
vt 0.001800 0.649230
vt 0.015200 0.651590
vt 0.276430 0.643740
vt 0.288290 0.642380
vt 0.302230 0.640390
vt 0.314160 0.645310
vt 0.325760 0.639890
vt 0.177810 0.023740
vt 0.171430 0.037980
vt 0.165690 0.048160
vt 0.160480 0.061600
vt 0.156200 0.074350
vt 0.152740 0.085130
vt 0.149440 0.094620
vt 0.146070 0.102820
vt 0.027310 0.654110
vt 0.048030 0.653160
vt 0.060100 0.650710
vt 0.072290 0.649130
vt 0.084830 0.648540
vt 0.098730 0.648230
vt 0.121180 0.646400
vt 0.133440 0.646520
vt 0.146240 0.647750
vt 0.158590 0.648010
vt 0.171000 0.647010
vt 0.183740 0.645840
vt 0.195950 0.645600
vt 0.225440 0.645280
vt 0.239770 0.644850
vt 0.252530 0.644320
vt 0.264860 0.644240
vt 0.037220 0.654770
vt 0.110840 0.647610
vt 0.203940 0.642280
vt 0.214320 0.644380
vt 0.827180 0.719050
vt 0.813990 0.717440
vt 0.273330 0.481390
vt 0.280260 0.492880
vt 0.266000 0.469670
vt 0.784710 0.711190
vt 0.798600 0.714200
vt 0.256320 0.458120
vt 0.759800 0.705560
vt 0.771590 0.708470
vt 0.245600 0.444500
vt 0.749320 0.701910
vt 0.237160 0.431330
vt 0.232500 0.421800
vt 0.737480 0.698020
vt 0.227420 0.414700
vt 0.724920 0.695140
vt 0.219730 0.403420
vt 0.212880 0.392070
vt 0.712310 0.693050
vt 0.208280 0.383100
vt 0.698900 0.690580
vt 0.206320 0.373980
vt 0.684740 0.688240
vt 0.203480 0.361390
vt 0.671380 0.686590
vt 0.199600 0.348970
vt 0.658150 0.684610
vt 0.194860 0.334530
vt 0.645730 0.681530
vt 0.189470 0.320020
vt 0.185550 0.309570
vt 0.622190 0.679730
vt 0.634860 0.680020
vt 0.182610 0.299490
vt 0.609330 0.679180
vt 0.180450 0.291500
vt 0.597680 0.680180
vt 0.177800 0.281650
vt 0.589040 0.676930
vt 0.175760 0.269880
vt 0.579720 0.675530
vt 0.174150 0.255800
vt 0.569280 0.674130
vt 0.171990 0.241820
vt 0.557870 0.672840
vt 0.169110 0.231600
vt 0.546040 0.671590
vt 0.166830 0.222200
vt 0.534770 0.670660
vt 0.164870 0.211190
vt 0.524580 0.669600
vt 0.163100 0.199730
vt 0.511730 0.668390
vt 0.161230 0.187640
vt 0.498720 0.667810
vt 0.158880 0.174320
vt 0.486590 0.667160
vt 0.156670 0.162940
vt 0.473900 0.666060
vt 0.153410 0.152130
vt 0.149130 0.140980
vt 0.460580 0.665050
vt 0.447990 0.664880
vt 0.150420 0.132590
vt 0.435330 0.664530
vt 0.151430 0.125300
vt 0.423630 0.663510
vt 0.152390 0.116230
vt 0.411510 0.663740
vt 0.152960 0.106490
vt 0.004570 0.638520
vt 0.016960 0.641090
vt 0.313630 0.629950
vt 0.178580 0.052480
vt 0.172840 0.065660
vt 0.167370 0.077990
vt 0.162940 0.088110
vt 0.158580 0.096760
vt 0.026540 0.644030
vt 0.035280 0.638690
vt 0.048000 0.638840
vt 0.059980 0.637730
vt 0.072050 0.636660
vt 0.084330 0.635910
vt 0.097650 0.635870
vt 0.110560 0.636040
vt 0.133730 0.635110
vt 0.146290 0.634890
vt 0.158570 0.634560
vt 0.171140 0.634110
vt 0.183920 0.633740
vt 0.224970 0.633200
vt 0.239520 0.633070
vt 0.252850 0.632630
vt 0.264900 0.632350
vt 0.276990 0.631950
vt 0.289040 0.630380
vt 0.300930 0.628710
vt 0.325940 0.628280
vt 0.190070 0.029320
vt 0.184010 0.041210
vt 0.122130 0.635540
vt 0.194660 0.634680
vt 0.201990 0.631150
vt 0.213230 0.632670
vt 0.824250 0.731380
vt 0.811090 0.728280
vt 0.284260 0.473300
vt 0.291450 0.484860
vt 0.277640 0.462270
vt 0.795790 0.724710
vt 0.781960 0.721220
vt 0.268220 0.451090
vt 0.769140 0.717780
vt 0.758560 0.714800
vt 0.257550 0.438150
vt 0.749970 0.712650
vt 0.248610 0.426180
vt 0.242640 0.417420
vt 0.737910 0.710580
vt 0.236390 0.409370
vt 0.725460 0.708350
vt 0.229130 0.397980
vt 0.712910 0.706370
vt 0.222510 0.386260
vt 0.217860 0.377630
vt 0.699270 0.703990
vt 0.215960 0.370240
vt 0.684030 0.700570
vt 0.214190 0.357220
vt 0.668550 0.697460
vt 0.210960 0.342280
vt 0.654000 0.695570
vt 0.205870 0.326420
vt 0.639510 0.691180
vt 0.197860 0.310290
vt 0.624330 0.692210
vt 0.193670 0.297890
vt 0.602120 0.688990
vt 0.611150 0.689280
vt 0.191000 0.289290
vt 0.596400 0.687840
vt 0.188620 0.279030
vt 0.588430 0.686220
vt 0.186540 0.267210
vt 0.579010 0.685390
vt 0.184640 0.252960
vt 0.568710 0.684730
vt 0.182100 0.239210
vt 0.557090 0.684600
vt 0.179790 0.229880
vt 0.545220 0.683810
vt 0.177940 0.220500
vt 0.533550 0.682360
vt 0.176090 0.209600
vt 0.522550 0.681610
vt 0.174400 0.198150
vt 0.510210 0.680870
vt 0.172530 0.186150
vt 0.497870 0.679960
vt 0.170140 0.173840
vt 0.486200 0.679080
vt 0.168090 0.163470
vt 0.473660 0.678190
vt 0.165870 0.152170
vt 0.460450 0.677400
vt 0.161940 0.140860
vt 0.448550 0.677240
vt 0.159930 0.131540
vt 0.436370 0.677320
vt 0.159920 0.124410
vt 0.424210 0.677160
vt 0.160820 0.117500
vt 0.411860 0.677640
vt 0.167850 0.100310
vt 0.163410 0.109620
vt 0.010190 0.626770
vt 0.024040 0.629490
vt 0.036210 0.625680
vt 0.047910 0.624420
vt 0.059430 0.623640
vt 0.071140 0.623090
vt 0.083440 0.622700
vt 0.096770 0.622800
vt 0.190660 0.057670
vt 0.185250 0.070290
vt 0.178680 0.082150
vt 0.172800 0.091830
vt 0.109450 0.623500
vt 0.122060 0.624430
vt 0.224940 0.619570
vt 0.239480 0.620120
vt 0.252840 0.620690
vt 0.264910 0.620620
vt 0.277110 0.619650
vt 0.290030 0.617570
vt 0.301910 0.615250
vt 0.312800 0.614560
vt 0.323840 0.615660
vt 0.196770 0.045180
vt 0.204490 0.032510
vt 0.134030 0.624750
vt 0.146840 0.622530
vt 0.159490 0.622980
vt 0.172170 0.622350
vt 0.184430 0.621840
vt 0.193510 0.622810
vt 0.212840 0.619220
vt 0.200410 0.618760
vt 0.820870 0.744590
vt 0.808270 0.741060
vt 0.294510 0.464440
vt 0.302810 0.475260
vt 0.287790 0.454330
vt 0.280910 0.444000
vt 0.792400 0.736960
vt 0.777140 0.732810
vt 0.272900 0.430670
vt 0.763680 0.728560
vt 0.751150 0.723210
vt 0.263200 0.419960
vt 0.255370 0.411250
vt 0.737090 0.722290
vt 0.245490 0.404000
vt 0.724850 0.720670
vt 0.238600 0.393150
vt 0.712620 0.719010
vt 0.232910 0.380920
vt 0.226770 0.368980
vt 0.698490 0.716150
vt 0.682550 0.712030
vt 0.225280 0.353540
vt 0.666050 0.708080
vt 0.224510 0.337220
vt 0.640280 0.704060
vt 0.651840 0.705660
vt 0.216770 0.322080
vt 0.628980 0.702420
vt 0.210760 0.309120
vt 0.620100 0.699860
vt 0.207090 0.297220
vt 0.611440 0.697980
vt 0.603350 0.696840
vt 0.204560 0.286370
vt 0.597160 0.695480
vt 0.201160 0.274850
vt 0.589040 0.695030
vt 0.198040 0.263290
vt 0.579460 0.695140
vt 0.194750 0.250310
vt 0.568980 0.695540
vt 0.192050 0.237190
vt 0.557060 0.697050
vt 0.190820 0.227230
vt 0.544830 0.696720
vt 0.189150 0.218210
vt 0.532460 0.694740
vt 0.186990 0.208210
vt 0.520400 0.693360
vt 0.185510 0.197130
vt 0.508680 0.692850
vt 0.184200 0.185760
vt 0.496930 0.691820
vt 0.182760 0.174120
vt 0.484950 0.690920
vt 0.181740 0.163160
vt 0.472390 0.690460
vt 0.179420 0.152030
vt 0.460260 0.690080
vt 0.174570 0.140570
vt 0.449100 0.689710
vt 0.169950 0.130400
vt 0.437100 0.689820
vt 0.167840 0.123440
vt 0.424760 0.690540
vt 0.166230 0.118500
vt 0.412350 0.691650
vt 0.175930 0.105070
vt 0.170780 0.114070
vt 0.011420 0.613750
vt 0.023460 0.614240
vt 0.035550 0.612890
vt 0.047340 0.611660
vt 0.058770 0.610920
vt 0.070400 0.610470
vt 0.083230 0.610010
vt 0.097130 0.609820
vt 0.200920 0.064400
vt 0.194900 0.076650
vt 0.187980 0.087500
vt 0.181460 0.096820
vt 0.109160 0.611030
vt 0.122130 0.612780
vt 0.136260 0.614250
vt 0.146850 0.608420
vt 0.158070 0.612110
vt 0.225590 0.606950
vt 0.239080 0.607520
vt 0.252510 0.608420
vt 0.264940 0.608400
vt 0.277660 0.606680
vt 0.290260 0.604950
vt 0.301670 0.603810
vt 0.215340 0.037440
vt 0.207880 0.051050
vt 0.172800 0.610160
vt 0.186110 0.610020
vt 0.200520 0.605800
vt 0.213310 0.606640
vt 0.311490 0.604310
vt 0.322570 0.605460
vt 0.195050 0.610370
vt 0.817850 0.758200
vt 0.805670 0.754120
vt 0.305240 0.455490
vt 0.314390 0.465310
vt 0.296520 0.445790
vt 0.290260 0.436160
vt 0.286740 0.425560
vt 0.789560 0.749240
vt 0.275620 0.419030
vt 0.285510 0.416520
vt 0.284390 0.409460
vt 0.278060 0.409340
vt 0.280470 0.402320
vt 0.285420 0.403260
vt 0.772400 0.744500
vt 0.758100 0.739840
vt 0.267740 0.409470
vt 0.272690 0.400280
vt 0.746640 0.735900
vt 0.261880 0.401930
vt 0.735840 0.733950
vt 0.254250 0.397140
vt 0.723770 0.732010
vt 0.250180 0.387350
vt 0.711340 0.730260
vt 0.246040 0.375420
vt 0.696900 0.726880
vt 0.241720 0.363840
vt 0.681200 0.722950
vt 0.237750 0.353150
vt 0.239190 0.340130
vt 0.663050 0.719670
vt 0.233710 0.329470
vt 0.649000 0.714360
vt 0.638170 0.712140
vt 0.229220 0.317060
vt 0.627340 0.710450
vt 0.224810 0.305270
vt 0.615170 0.706350
vt 0.221390 0.293160
vt 0.604860 0.704490
vt 0.217710 0.281520
vt 0.597840 0.703810
vt 0.213310 0.269010
vt 0.589610 0.704570
vt 0.209570 0.257490
vt 0.579510 0.706300
vt 0.205870 0.245700
vt 0.568660 0.707800
vt 0.203260 0.234030
vt 0.556740 0.709550
vt 0.202640 0.223810
vt 0.544540 0.709170
vt 0.200820 0.216280
vt 0.532060 0.707490
vt 0.198040 0.207300
vt 0.519180 0.705830
vt 0.196440 0.196590
vt 0.506960 0.704560
vt 0.195660 0.185250
vt 0.495420 0.703650
vt 0.195220 0.173630
vt 0.483090 0.702680
vt 0.194260 0.162220
vt 0.470620 0.702070
vt 0.191400 0.150930
vt 0.459930 0.701690
vt 0.186900 0.139830
vt 0.449270 0.701430
vt 0.181830 0.129700
vt 0.437800 0.701720
vt 0.178650 0.120960
vt 0.425880 0.702850
vt 0.184120 0.113200
vt 0.414180 0.704510
vt 0.197540 0.094610
vt 0.190480 0.105370
vt 0.011800 0.601530
vt 0.022980 0.601550
vt 0.034950 0.600760
vt 0.046720 0.599910
vt 0.058190 0.599040
vt 0.069930 0.598590
vt 0.083010 0.597810
vt 0.097470 0.597000
vt 0.219720 0.058960
vt 0.211880 0.072510
vt 0.204350 0.083850
vt 0.108980 0.597990
vt 0.121020 0.599510
vt 0.133130 0.599250
vt 0.145840 0.597790
vt 0.159710 0.597690
vt 0.225950 0.594560
vt 0.238460 0.594490
vt 0.251830 0.595210
vt 0.265000 0.595190
vt 0.277850 0.593870
vt 0.289770 0.593220
vt 0.311690 0.593340
vt 0.323970 0.593560
vt 0.226710 0.045600
vt 0.173570 0.598270
vt 0.187100 0.598830
vt 0.201490 0.593960
vt 0.213660 0.594310
vt 0.300670 0.593110
vt 0.196530 0.598790
vt 0.814820 0.770540
vt 0.801930 0.765000
vt 0.315460 0.446810
vt 0.324940 0.455950
vt 0.307130 0.437630
vt 0.300020 0.428330
vt 0.295070 0.420230
vt 0.292010 0.414280
vt 0.288860 0.408350
vt 0.785380 0.759600
vt 0.282200 0.395940
vt 0.767460 0.754820
vt 0.277740 0.392250
vt 0.280080 0.387910
vt 0.753040 0.749800
vt 0.742820 0.745870
vt 0.267190 0.394840
vt 0.272640 0.386990
vt 0.276130 0.378900
vt 0.734710 0.744440
vt 0.259650 0.390450
vt 0.265480 0.382030
vt 0.270260 0.374200
vt 0.271390 0.367070
vt 0.722940 0.742790
vt 0.256090 0.378360
vt 0.262220 0.369790
vt 0.265360 0.361890
vt 0.265180 0.354630
vt 0.710470 0.741370
vt 0.252140 0.366600
vt 0.256950 0.357930
vt 0.259230 0.349870
vt 0.260260 0.345510
vt 0.696620 0.738760
vt 0.247590 0.354400
vt 0.251950 0.345660
vt 0.256550 0.340410
vt 0.681690 0.735780
vt 0.251250 0.333490
vt 0.666570 0.731890
vt 0.246340 0.323380
vt 0.644560 0.723640
vt 0.634250 0.720360
vt 0.655160 0.727970
vt 0.241690 0.310490
vt 0.624870 0.718190
vt 0.238510 0.298650
vt 0.615660 0.716050
vt 0.235260 0.286090
vt 0.606440 0.714200
vt 0.229820 0.273810
vt 0.598420 0.714410
vt 0.224390 0.261520
vt 0.590090 0.715360
vt 0.220070 0.251080
vt 0.580490 0.716820
vt 0.215570 0.241020
vt 0.569380 0.718900
vt 0.212260 0.230900
vt 0.556900 0.720970
vt 0.210160 0.221640
vt 0.544460 0.721030
vt 0.209160 0.215070
vt 0.532190 0.720230
vt 0.207570 0.207510
vt 0.518980 0.718480
vt 0.206360 0.197010
vt 0.505390 0.716010
vt 0.206290 0.185500
vt 0.493430 0.714920
vt 0.206810 0.173270
vt 0.481380 0.713940
vt 0.204960 0.161280
vt 0.469690 0.712660
vt 0.200620 0.149580
vt 0.459810 0.712190
vt 0.196990 0.138860
vt 0.449270 0.712640
vt 0.193390 0.129360
vt 0.439010 0.713520
vt 0.189660 0.121390
vt 0.427700 0.714810
vt 0.206890 0.102100
vt 0.200050 0.115920
vt 0.416670 0.716850
vt 0.212470 0.090380
vt 0.012420 0.589700
vt 0.022780 0.589660
vt 0.034200 0.588900
vt 0.045990 0.588060
vt 0.057730 0.587200
vt 0.069650 0.586860
vt 0.082890 0.586170
vt 0.097310 0.585520
vt 0.232360 0.063530
vt 0.224140 0.079690
vt 0.108350 0.586330
vt 0.119500 0.587260
vt 0.131640 0.586390
vt 0.144300 0.585370
vt 0.158520 0.585430
vt 0.173570 0.587340
vt 0.238970 0.582200
vt 0.251930 0.582490
vt 0.264690 0.582660
vt 0.277020 0.582490
vt 0.311120 0.582100
vt 0.324150 0.581950
vt 0.238520 0.052230
vt 0.187610 0.588490
vt 0.202210 0.582730
vt 0.213290 0.581650
vt 0.226310 0.582230
vt 0.288470 0.582610
vt 0.299590 0.582310
vt 0.198320 0.587920
vt 0.296390 0.411360
vt 0.299500 0.415980
vt 0.807890 0.778510
vt 0.794900 0.775350
vt 0.322790 0.439590
vt 0.332280 0.447200
vt 0.314340 0.430870
vt 0.306190 0.420560
vt 0.293330 0.405330
vt 0.290050 0.399930
vt 0.776930 0.770570
vt 0.287460 0.393710
vt 0.758630 0.766070
vt 0.283350 0.386520
vt 0.745310 0.759030
vt 0.735200 0.753840
vt 0.279650 0.377320
vt 0.273900 0.365770
vt 0.723820 0.753880
vt 0.267650 0.353330
vt 0.711930 0.753990
vt 0.263040 0.344160
vt 0.698040 0.753000
vt 0.261050 0.337770
vt 0.680300 0.751100
vt 0.259470 0.329990
vt 0.663960 0.743110
vt 0.255830 0.318690
vt 0.650500 0.737560
vt 0.639910 0.732840
vt 0.249050 0.307710
vt 0.630160 0.728740
vt 0.622670 0.725740
vt 0.246170 0.296880
vt 0.616170 0.724350
vt 0.243420 0.283440
vt 0.607550 0.723780
vt 0.236810 0.269940
vt 0.599050 0.724330
vt 0.231270 0.258560
vt 0.591100 0.725500
vt 0.227890 0.248310
vt 0.582150 0.727030
vt 0.223510 0.237990
vt 0.570710 0.730120
vt 0.219580 0.228610
vt 0.557460 0.733040
vt 0.216650 0.220300
vt 0.544860 0.734020
vt 0.215180 0.214150
vt 0.532330 0.733460
vt 0.214790 0.207300
vt 0.518270 0.730640
vt 0.214740 0.197580
vt 0.503900 0.727510
vt 0.215450 0.186900
vt 0.491020 0.725460
vt 0.218240 0.175340
vt 0.479370 0.724350
vt 0.214770 0.161120
vt 0.469300 0.722830
vt 0.222520 0.146250
vt 0.226060 0.157620
vt 0.209650 0.148900
vt 0.459650 0.722290
vt 0.218940 0.135930
vt 0.206390 0.137940
vt 0.449500 0.723080
vt 0.215680 0.125340
vt 0.203620 0.128060
vt 0.440930 0.723560
vt 0.233900 0.105130
vt 0.239020 0.117930
vt 0.227010 0.121740
vt 0.221150 0.109230
vt 0.210940 0.113840
vt 0.430330 0.725760
vt 0.243690 0.088110
vt 0.247780 0.100890
vt 0.228440 0.092600
vt 0.216250 0.097720
vt 0.419360 0.729080
vt 0.241360 0.074870
vt 0.014290 0.578140
vt 0.022870 0.578210
vt 0.033850 0.577250
vt 0.045750 0.576530
vt 0.057520 0.575670
vt 0.069530 0.575300
vt 0.082430 0.574960
vt 0.096210 0.574390
vt 0.249160 0.059970
vt 0.107130 0.575360
vt 0.118510 0.575390
vt 0.130680 0.574940
vt 0.143120 0.573930
vt 0.157190 0.573560
vt 0.172410 0.575360
vt 0.308410 0.571860
vt 0.325370 0.570700
vt 0.185910 0.576170
vt 0.198610 0.576530
vt 0.213940 0.569930
vt 0.226780 0.570860
vt 0.239600 0.571380
vt 0.252280 0.571690
vt 0.264550 0.571850
vt 0.276520 0.571860
vt 0.287970 0.571720
vt 0.298330 0.572060
vt 0.203000 0.571150
vt 0.303890 0.412120
vt 0.301030 0.406930
vt 0.298660 0.400580
vt 0.800640 0.784310
vt 0.330800 0.433040
vt 0.340010 0.440890
vt 0.322220 0.424170
vt 0.315210 0.414810
vt 0.309180 0.407230
vt 0.293170 0.396350
vt 0.782160 0.781550
vt 0.789090 0.791760
vt 0.340410 0.423830
vt 0.351220 0.431240
vt 0.330190 0.415310
vt 0.321770 0.406920
vt 0.314400 0.400870
vt 0.294640 0.390900
vt 0.287950 0.388080
vt 0.763570 0.776840
vt 0.770250 0.788280
vt 0.777850 0.798020
vt 0.348820 0.415380
vt 0.360510 0.421230
vt 0.337510 0.406390
vt 0.326820 0.399630
vt 0.311870 0.389900
vt 0.307740 0.397270
vt 0.301300 0.393730
vt 0.303830 0.385840
vt 0.295850 0.382840
vt 0.287580 0.380560
vt 0.736370 0.766780
vt 0.727780 0.762630
vt 0.744340 0.774280
vt 0.751440 0.784010
vt 0.758890 0.793290
vt 0.353660 0.405860
vt 0.333320 0.393060
vt 0.345530 0.395130
vt 0.324070 0.385970
vt 0.319360 0.394400
vt 0.315610 0.380940
vt 0.306360 0.376940
vt 0.297500 0.374210
vt 0.288640 0.372150
vt 0.280480 0.369670
vt 0.376850 0.397420
vt 0.368740 0.411090
vt 0.363260 0.391750
vt 0.350380 0.384890
vt 0.338750 0.379360
vt 0.329420 0.374840
vt 0.319960 0.370820
vt 0.309460 0.367680
vt 0.299860 0.365290
vt 0.290360 0.363150
vt 0.281380 0.360990
vt 0.273480 0.357790
vt 0.715520 0.765500
vt 0.382250 0.383770
vt 0.368580 0.377860
vt 0.355110 0.371890
vt 0.343590 0.366730
vt 0.334270 0.363040
vt 0.324840 0.360190
vt 0.313090 0.357940
vt 0.302490 0.355780
vt 0.292550 0.353450
vt 0.283310 0.351440
vt 0.274290 0.349050
vt 0.267360 0.345820
vt 0.701040 0.768260
vt 0.372610 0.364370
vt 0.385120 0.370570
vt 0.359550 0.359450
vt 0.347800 0.355740
vt 0.328070 0.350070
vt 0.316060 0.347960
vt 0.304830 0.346320
vt 0.294810 0.344270
vt 0.285540 0.342040
vt 0.276130 0.339430
vt 0.267690 0.337580
vt 0.686300 0.765400
vt 0.710900 0.806740
vt 0.725710 0.813160
vt 0.722360 0.829570
vt 0.712690 0.820310
vt 0.319050 0.336850
vt 0.330400 0.339000
vt 0.307560 0.335620
vt 0.297150 0.333970
vt 0.287370 0.331400
vt 0.277380 0.328820
vt 0.267860 0.328540
vt 0.666300 0.758540
vt 0.656370 0.751690
vt 0.672890 0.768590
vt 0.694280 0.814660
vt 0.705040 0.824020
vt 0.707210 0.836510
vt 0.309790 0.324000
vt 0.321120 0.325680
vt 0.299220 0.321900
vt 0.289040 0.319650
vt 0.279050 0.318100
vt 0.268260 0.319080
vt 0.644260 0.746090
vt 0.634120 0.740820
vt 0.689690 0.827300
vt 0.269570 0.308760
vt 0.256850 0.308350
vt 0.625520 0.736280
vt 0.618520 0.732610
vt 0.679480 0.836230
vt 0.696760 0.843200
vt 0.687380 0.850060
vt 0.672790 0.850170
vt 0.397690 0.329320
vt 0.383150 0.330100
vt 0.387260 0.315050
vt 0.398590 0.316940
vt 0.369450 0.326030
vt 0.372880 0.311840
vt 0.357010 0.321820
vt 0.359500 0.308590
vt 0.270090 0.298640
vt 0.256700 0.297880
vt 0.390870 0.300210
vt 0.407430 0.304220
vt 0.375860 0.297210
vt 0.362010 0.295140
vt 0.270360 0.287790
vt 0.257340 0.286000
vt 0.608890 0.733890
vt 0.405670 0.286000
vt 0.391900 0.289120
vt 0.380110 0.282030
vt 0.364540 0.281540
vt 0.338570 0.281710
vt 0.325930 0.290930
vt 0.315060 0.280430
vt 0.326950 0.276460
vt 0.258560 0.274220
vt 0.270220 0.276400
vt 0.247180 0.272930
vt 0.600100 0.734420
vt 0.394190 0.272460
vt 0.339950 0.265140
vt 0.327480 0.268170
vt 0.316660 0.262850
vt 0.304440 0.264200
vt 0.302870 0.278160
vt 0.292140 0.278040
vt 0.292990 0.264690
vt 0.281300 0.277800
vt 0.281430 0.264780
vt 0.270130 0.264370
vt 0.259360 0.263600
vt 0.249120 0.262330
vt 0.238680 0.259460
vt 0.592350 0.735870
vt 0.329330 0.254190
vt 0.305740 0.253500
vt 0.293430 0.253200
vt 0.281810 0.252830
vt 0.270770 0.252450
vt 0.259970 0.252080
vt 0.249370 0.250800
vt 0.237560 0.246940
vt 0.583750 0.738250
vt 0.317940 0.241800
vt 0.316530 0.252430
vt 0.305520 0.242200
vt 0.293170 0.242190
vt 0.282080 0.241840
vt 0.271490 0.241600
vt 0.260370 0.240950
vt 0.249370 0.239820
vt 0.239710 0.238240
vt 0.231790 0.235750
vt 0.572380 0.740940
vt 0.318610 0.229410
vt 0.305530 0.230220
vt 0.293210 0.230910
vt 0.282100 0.231170
vt 0.271270 0.230620
vt 0.260020 0.229530
vt 0.249050 0.228760
vt 0.239670 0.228640
vt 0.226540 0.227260
vt 0.558360 0.742720
vt 0.306060 0.217710
vt 0.319260 0.216630
vt 0.293550 0.218750
vt 0.281930 0.219350
vt 0.270680 0.219040
vt 0.259740 0.218460
vt 0.249120 0.218650
vt 0.223900 0.218330
vt 0.545310 0.743800
vt 0.293010 0.205940
vt 0.305400 0.205060
vt 0.280960 0.206410
vt 0.269390 0.206570
vt 0.259190 0.207490
vt 0.220040 0.213400
vt 0.530810 0.744840
vt 0.222760 0.207300
vt 0.517570 0.740730
vt 0.222560 0.197650
vt 0.501770 0.740730
vt 0.348190 0.163320
vt 0.339450 0.176510
vt 0.327590 0.166590
vt 0.337800 0.164680
vt 0.224350 0.187850
vt 0.488380 0.735310
vt 0.337050 0.152890
vt 0.251090 0.163760
vt 0.244170 0.176490
vt 0.237570 0.166510
vt 0.240620 0.154640
vt 0.232780 0.182410
vt 0.228450 0.170140
vt 0.476960 0.732920
vt 0.468430 0.731800
vt 0.236650 0.143190
vt 0.459680 0.731180
vt 0.244350 0.130440
vt 0.248170 0.141320
vt 0.232090 0.133040
vt 0.450780 0.731000
vt 0.266540 0.109870
vt 0.268400 0.123470
vt 0.255750 0.127000
vt 0.251300 0.113630
vt 0.442900 0.731550
vt 0.264070 0.097450
vt 0.433050 0.735230
vt 0.259680 0.085090
vt 0.421540 0.742310
vt 0.270790 0.069530
vt 0.274600 0.082080
vt 0.254850 0.072430
vt 0.020380 0.567590
vt 0.033550 0.566230
vt 0.045330 0.565470
vt 0.057210 0.564230
vt 0.069190 0.563710
vt 0.081420 0.563200
vt 0.093810 0.562340
vt 0.105110 0.563180
vt 0.115750 0.560750
vt 0.129710 0.561910
vt 0.141620 0.561170
vt 0.156700 0.557900
vt 0.172180 0.562080
vt 0.270280 0.056830
vt 0.183350 0.563150
vt 0.196910 0.564460
vt 0.300490 0.561620
vt 0.312160 0.557900
vt 0.202080 0.558550
vt 0.215130 0.558410
vt 0.227400 0.559830
vt 0.239710 0.560640
vt 0.252170 0.560880
vt 0.264300 0.560810
vt 0.276100 0.560550
vt 0.287940 0.559960
vt 0.304080 0.402680
vt 0.766390 0.801800
vt 0.729430 0.771110
vt 0.734740 0.779960
vt 0.741000 0.789000
vt 0.747240 0.799420
vt 0.753630 0.809500
vt 0.719950 0.775180
vt 0.725370 0.784850
vt 0.731220 0.795240
vt 0.736590 0.806030
vt 0.742070 0.817170
vt 0.708780 0.779730
vt 0.714640 0.789770
vt 0.720650 0.800280
vt 0.732290 0.824940
vt 0.337850 0.352750
vt 0.691030 0.774700
vt 0.696930 0.784520
vt 0.702870 0.794990
vt 0.375800 0.352710
vt 0.389530 0.359550
vt 0.363590 0.348330
vt 0.351740 0.344890
vt 0.340880 0.341990
vt 0.678230 0.779320
vt 0.683850 0.789850
vt 0.689690 0.801420
vt 0.379380 0.341270
vt 0.395510 0.342520
vt 0.366790 0.337580
vt 0.354630 0.333770
vt 0.343080 0.330710
vt 0.332490 0.327630
vt 0.645250 0.759340
vt 0.635740 0.753330
vt 0.652550 0.766000
vt 0.659140 0.774960
vt 0.664630 0.784830
vt 0.670610 0.795180
vt 0.677700 0.807160
vt 0.682810 0.818460
vt 0.345280 0.318920
vt 0.333690 0.316660
vt 0.322890 0.314570
vt 0.311620 0.312500
vt 0.300580 0.310390
vt 0.290130 0.308300
vt 0.281290 0.307890
vt 0.628130 0.746970
vt 0.620380 0.742380
vt 0.659610 0.800330
vt 0.666520 0.812390
vt 0.672690 0.824180
vt 0.347830 0.306340
vt 0.336410 0.304900
vt 0.324660 0.303530
vt 0.312850 0.301540
vt 0.301540 0.300320
vt 0.290680 0.299820
vt 0.282230 0.299440
vt 0.654040 0.816920
vt 0.648970 0.805560
vt 0.660050 0.828790
vt 0.665770 0.840370
vt 0.350260 0.293760
vt 0.338900 0.293330
vt 0.313140 0.291210
vt 0.302160 0.289760
vt 0.291450 0.289540
vt 0.281640 0.289470
vt 0.609660 0.744780
vt 0.647270 0.832820
vt 0.642730 0.821200
vt 0.653850 0.846140
vt 0.659210 0.860780
vt 0.352710 0.281360
vt 0.601200 0.742410
vt 0.636610 0.837980
vt 0.641930 0.852240
vt 0.646800 0.864670
vt 0.408730 0.272200
vt 0.379990 0.268610
vt 0.366930 0.267800
vt 0.354370 0.267550
vt 0.593950 0.743720
vt 0.605150 0.787880
vt 0.615570 0.784020
vt 0.619780 0.794970
vt 0.608490 0.799400
vt 0.624450 0.805460
vt 0.612130 0.810410
vt 0.629180 0.815950
vt 0.616770 0.821390
vt 0.633290 0.826570
vt 0.621170 0.832640
vt 0.625420 0.845270
vt 0.629210 0.859770
vt 0.632260 0.871260
vt 0.396220 0.253780
vt 0.409220 0.254970
vt 0.382080 0.252560
vt 0.369120 0.252290
vt 0.355950 0.253520
vt 0.342920 0.253520
vt 0.586980 0.749200
vt 0.590840 0.780490
vt 0.601850 0.777310
vt 0.594000 0.792040
vt 0.597160 0.803930
vt 0.600550 0.815060
vt 0.604570 0.825950
vt 0.609020 0.837400
vt 0.613620 0.850030
vt 0.618280 0.864020
vt 0.357630 0.239810
vt 0.370940 0.238650
vt 0.343660 0.240750
vt 0.330560 0.241410
vt 0.574930 0.751910
vt 0.579590 0.783190
vt 0.582690 0.795640
vt 0.586210 0.807700
vt 0.589600 0.818810
vt 0.593280 0.829780
vt 0.597150 0.841280
vt 0.601290 0.853430
vt 0.605690 0.866590
vt 0.621630 0.876020
vt 0.609640 0.879550
vt 0.344630 0.227180
vt 0.358670 0.226760
vt 0.331630 0.228380
vt 0.232340 0.227780
vt 0.561520 0.752410
vt 0.576880 0.763000
vt 0.564840 0.764570
vt 0.568010 0.786000
vt 0.570850 0.798300
vt 0.574780 0.810820
vt 0.578470 0.822100
vt 0.581910 0.833520
vt 0.585460 0.845290
vt 0.589070 0.857370
vt 0.592860 0.870210
vt 0.596840 0.883480
vt 0.332110 0.216060
vt 0.344440 0.215590
vt 0.239600 0.219070
vt 0.232040 0.219230
vt 0.548500 0.753140
vt 0.552010 0.765950
vt 0.566610 0.775660
vt 0.554310 0.778450
vt 0.558010 0.800910
vt 0.555760 0.789160
vt 0.562050 0.813980
vt 0.566090 0.825800
vt 0.569620 0.837390
vt 0.573350 0.849190
vt 0.576880 0.861510
vt 0.580280 0.874550
vt 0.583970 0.887380
vt 0.355970 0.203100
vt 0.358070 0.216200
vt 0.342760 0.202810
vt 0.330150 0.203650
vt 0.317810 0.204530
vt 0.248830 0.209090
vt 0.239050 0.210320
vt 0.232030 0.211310
vt 0.226270 0.212100
vt 0.536200 0.755650
vt 0.539570 0.768370
vt 0.542240 0.781320
vt 0.549110 0.817830
vt 0.546030 0.804750
vt 0.552410 0.829930
vt 0.556320 0.841330
vt 0.560470 0.853030
vt 0.564430 0.865310
vt 0.568150 0.878140
vt 0.381400 0.187260
vt 0.382390 0.201960
vt 0.369360 0.202750
vt 0.366700 0.187770
vt 0.353560 0.188780
vt 0.340880 0.189470
vt 0.328120 0.190630
vt 0.315580 0.192280
vt 0.303490 0.193080
vt 0.291690 0.193870
vt 0.279120 0.194330
vt 0.267470 0.194520
vt 0.258200 0.196440
vt 0.247940 0.199570
vt 0.238470 0.202650
vt 0.231130 0.204660
vt 0.519040 0.748870
vt 0.523190 0.759860
vt 0.526810 0.772000
vt 0.529750 0.784720
vt 0.547770 0.856730
vt 0.543960 0.844410
vt 0.551570 0.869060
vt 0.555250 0.881640
vt 0.381010 0.173750
vt 0.365230 0.174580
vt 0.352440 0.176040
vt 0.326170 0.179390
vt 0.313980 0.179970
vt 0.302190 0.181000
vt 0.289810 0.182440
vt 0.277390 0.183270
vt 0.267260 0.185240
vt 0.257780 0.187550
vt 0.246300 0.189640
vt 0.236150 0.192940
vt 0.228880 0.196230
vt 0.506040 0.752870
vt 0.509990 0.765100
vt 0.513720 0.776690
vt 0.516300 0.789430
vt 0.380580 0.159890
vt 0.364530 0.161610
vt 0.312350 0.167900
vt 0.300850 0.168790
vt 0.288830 0.170320
vt 0.276500 0.172010
vt 0.265350 0.173930
vt 0.255110 0.176190
vt 0.490010 0.748580
vt 0.482150 0.742950
vt 0.495130 0.757660
vt 0.380020 0.146030
vt 0.363480 0.148570
vt 0.349840 0.149920
vt 0.323040 0.152720
vt 0.310800 0.154660
vt 0.299440 0.156450
vt 0.287530 0.158330
vt 0.275030 0.160270
vt 0.263260 0.161940
vt 0.473610 0.739540
vt 0.378500 0.132480
vt 0.362250 0.135350
vt 0.348270 0.137620
vt 0.335480 0.139140
vt 0.322350 0.140470
vt 0.309890 0.142510
vt 0.297950 0.144370
vt 0.285590 0.146110
vt 0.272870 0.148110
vt 0.261110 0.150070
vt 0.250560 0.151270
vt 0.467490 0.738870
vt 0.361910 0.121180
vt 0.377370 0.118090
vt 0.347550 0.123920
vt 0.334520 0.125630
vt 0.321860 0.127240
vt 0.308850 0.129660
vt 0.296120 0.131610
vt 0.283400 0.133380
vt 0.270340 0.135820
vt 0.258710 0.138950
vt 0.460550 0.739030
vt 0.479550 0.849120
vt 0.492160 0.858090
vt 0.484940 0.872450
vt 0.477200 0.861800
vt 0.347020 0.108710
vt 0.361670 0.106490
vt 0.333940 0.109990
vt 0.321290 0.111790
vt 0.307600 0.115100
vt 0.294430 0.117560
vt 0.281560 0.119630
vt 0.452980 0.739470
vt 0.461580 0.824970
vt 0.473870 0.822700
vt 0.475480 0.835810
vt 0.462490 0.838700
vt 0.464450 0.851140
vt 0.466590 0.863970
vt 0.470370 0.877090
vt 0.487190 0.887290
vt 0.472180 0.892080
vt 0.305550 0.100810
vt 0.319100 0.098510
vt 0.293070 0.102750
vt 0.281310 0.105630
vt 0.444840 0.741170
vt 0.449410 0.826760
vt 0.450070 0.840880
vt 0.451710 0.853880
vt 0.454070 0.866450
vt 0.456860 0.879280
vt 0.459430 0.890180
vt 0.463560 0.906410
vt 0.450090 0.899100
vt 0.279570 0.093920
vt 0.436890 0.742530
vt 0.437510 0.827810
vt 0.438000 0.842170
vt 0.439570 0.855910
vt 0.441610 0.868780
vt 0.444190 0.882960
vt 0.288620 0.079110
vt 0.291600 0.090440
vt 0.433210 0.751270
vt 0.426350 0.759030
vt 0.417020 0.755640
vt 0.428030 0.828740
vt 0.425860 0.842660
vt 0.427960 0.857850
vt 0.430210 0.870700
vt 0.430980 0.887710
vt 0.438340 0.903840
vt 0.286240 0.067250
vt 0.424370 0.769560
vt 0.414250 0.767920
vt 0.424000 0.781430
vt 0.412930 0.780770
vt 0.424480 0.793510
vt 0.412600 0.793990
vt 0.425320 0.805580
vt 0.413540 0.807510
vt 0.426370 0.817190
vt 0.415420 0.821000
vt 0.419460 0.832690
vt 0.430310 0.916600
vt 0.422710 0.903390
vt 0.283990 0.055360
vt 0.417680 0.914750
vt 0.422940 0.931440
vt 0.411090 0.928360
vt 0.350450 0.032980
vt 0.339010 0.041890
vt 0.331220 0.027570
vt 0.344110 0.021250
vt 0.321970 0.046020
vt 0.317620 0.031440
vt 0.308370 0.049570
vt 0.304230 0.034910
vt 0.295700 0.052860
vt 0.290620 0.038360
vt 0.276480 0.043570
vt 0.385290 0.010070
vt 0.385640 0.023260
vt 0.372480 0.024100
vt 0.370120 0.009630
vt 0.361750 0.028150
vt 0.356680 0.014910
vt 0.635350 0.765480
vt 0.627230 0.760710
vt 0.641310 0.771560
vt 0.648300 0.780190
vt 0.653960 0.789620
vt 0.621940 0.751420
vt 0.640250 0.784790
vt 0.634140 0.775100
vt 0.644820 0.795070
vt 0.613930 0.755070
vt 0.617660 0.762770
vt 0.621440 0.770280
vt 0.629550 0.767990
vt 0.625210 0.779810
vt 0.629940 0.790420
vt 0.634790 0.800660
vt 0.639240 0.810860
vt 0.603000 0.748460
vt 0.606100 0.757340
vt 0.609050 0.765070
vt 0.612080 0.773810
vt 0.595270 0.749710
vt 0.597030 0.758770
vt 0.599220 0.767650
vt 0.587370 0.760680
vt 0.588600 0.770450
vt 0.396260 0.240530
vt 0.409160 0.242350
vt 0.382590 0.238980
vt 0.577830 0.772920
vt 0.395760 0.227640
vt 0.410110 0.228750
vt 0.382000 0.226530
vt 0.372060 0.226800
vt 0.395560 0.214430
vt 0.410670 0.214270
vt 0.382350 0.215950
vt 0.371550 0.216680
vt 0.395720 0.200220
vt 0.410120 0.199790
vt 0.544180 0.792970
vt 0.571600 0.891180
vt 0.395750 0.186480
vt 0.409670 0.185810
vt 0.531900 0.797280
vt 0.533990 0.808760
vt 0.536770 0.820810
vt 0.539780 0.832650
vt 0.558400 0.894790
vt 0.395460 0.172680
vt 0.408660 0.171080
vt 0.518010 0.802430
vt 0.520020 0.813230
vt 0.522640 0.823950
vt 0.526100 0.834870
vt 0.531020 0.847000
vt 0.535450 0.860150
vt 0.538890 0.873300
vt 0.541960 0.885920
vt 0.544640 0.898650
vt 0.395550 0.157640
vt 0.408330 0.155780
vt 0.498520 0.769140
vt 0.501510 0.780780
vt 0.503650 0.793500
vt 0.505670 0.805820
vt 0.518010 0.849450
vt 0.514910 0.836880
vt 0.521650 0.863950
vt 0.525200 0.878380
vt 0.528540 0.891290
vt 0.531870 0.902820
vt 0.396370 0.142790
vt 0.409220 0.141280
vt 0.474260 0.747800
vt 0.468370 0.744190
vt 0.478970 0.755240
vt 0.486210 0.761610
vt 0.484950 0.772150
vt 0.489250 0.784230
vt 0.491840 0.795950
vt 0.504320 0.840560
vt 0.506400 0.853450
vt 0.509700 0.867760
vt 0.513700 0.882070
vt 0.395220 0.129240
vt 0.474640 0.765480
vt 0.486540 0.819510
vt 0.498860 0.816780
vt 0.501480 0.828910
vt 0.488510 0.832400
vt 0.491140 0.844270
vt 0.496910 0.871530
vt 0.500290 0.884480
vt 0.517440 0.895510
vt 0.504540 0.897940
vt 0.392510 0.115650
vt 0.461440 0.745120
vt 0.472660 0.809100
vt 0.484520 0.806930
vt 0.491050 0.900470
vt 0.508070 0.911000
vt 0.495220 0.914250
vt 0.376120 0.103590
vt 0.389370 0.102210
vt 0.454890 0.746750
vt 0.461170 0.811040
vt 0.478050 0.904060
vt 0.482360 0.918630
vt 0.361000 0.092040
vt 0.374070 0.089460
vt 0.346000 0.094840
vt 0.332280 0.096770
vt 0.447170 0.751090
vt 0.449490 0.801900
vt 0.460220 0.799970
vt 0.449480 0.813630
vt 0.468270 0.923330
vt 0.359370 0.079270
vt 0.344010 0.081950
vt 0.329770 0.084330
vt 0.316490 0.086560
vt 0.303150 0.088640
vt 0.445220 0.760550
vt 0.434270 0.760140
vt 0.445230 0.769880
vt 0.433960 0.769980
vt 0.446690 0.780170
vt 0.434840 0.780950
vt 0.448490 0.790900
vt 0.436100 0.792380
vt 0.436990 0.803890
vt 0.437240 0.815490
vt 0.451730 0.912410
vt 0.456220 0.927110
vt 0.357580 0.066910
vt 0.341980 0.069070
vt 0.327340 0.071590
vt 0.314100 0.074170
vt 0.301050 0.076560
vt 0.441920 0.915420
vt 0.445420 0.929580
vt 0.356070 0.055230
vt 0.340050 0.056640
vt 0.324910 0.059220
vt 0.311460 0.062120
vt 0.298730 0.064920
vt 0.433500 0.931470
vt 0.387420 0.034150
vt 0.390780 0.046460
vt 0.378230 0.050360
vt 0.375470 0.037840
vt 0.354420 0.043830
vt 0.365690 0.041590
vt 0.508920 0.816110
vt 0.512130 0.826120
vt 0.495130 0.806580
vt 0.520340 0.907490
vt 0.409250 0.128050
vt 0.468440 0.749530
vt 0.470800 0.756380
vt 0.476120 0.776200
vt 0.478800 0.786480
vt 0.481310 0.796880
vt 0.405460 0.115060
vt 0.462030 0.750670
vt 0.463150 0.758240
vt 0.464840 0.767580
vt 0.466590 0.777680
vt 0.468610 0.788090
vt 0.470720 0.798400
vt 0.401970 0.101520
vt 0.455160 0.752070
vt 0.454660 0.759790
vt 0.455210 0.769040
vt 0.456650 0.779120
vt 0.458510 0.789510
vt 0.385910 0.089070
vt 0.399320 0.087360
vt 0.383500 0.074540
vt 0.396870 0.071550
vt 0.372160 0.077090
vt 0.380870 0.061860
vt 0.393590 0.058130
vt 0.370160 0.064670
vt 0.368130 0.053150
s 1
usemtl defaultMat
f 1/1/1 46/2/46 7/3/7 8/4/8
f 2/5/2 1/6/1 8/7/8 9/8/9
f 10/9/10 47/10/47 2/5/2 9/8/9
f 3/11/3 49/12/49 13/13/13 14/14/14
f 4/15/4 3/11/3 14/14/14 15/16/15
f 5/17/5 4/15/4 15/16/15 16/18/16
f 6/19/6 5/17/5 16/18/16 17/20/17
f 7/3/7 6/19/6 17/20/17 18/21/18
f 8/4/8 7/3/7 18/21/18 19/22/19
f 9/8/9 8/7/8 19/23/19 20/24/20
f 10/9/10 9/8/9 20/24/20 21/25/21
f 12/26/12 11/27/11 22/28/22 23/29/23
f 13/13/13 12/26/12 23/29/23 24/30/24
f 14/14/14 13/13/13 24/30/24 25/31/25
f 15/16/15 14/14/14 25/31/25 26/32/26
f 16/18/16 15/16/15 26/32/26 27/33/27
f 17/20/17 16/18/16 27/33/27 28/34/28
f 18/21/18 17/20/17 28/34/28 29/35/29
f 29/35/29 57/36/57 19/22/19 18/21/18
f 19/23/19 57/37/57 30/38/30 20/24/20
f 30/38/30 58/39/58 21/25/21 20/24/20
f 23/29/23 22/28/22 31/40/31 32/41/32
f 24/30/24 23/29/23 32/41/32 33/42/33
f 25/31/25 24/30/24 33/42/33 34/43/34
f 26/32/26 25/31/25 34/43/34 35/44/35
f 35/44/35 61/45/61 27/33/27 26/32/26
f 32/41/32 31/40/31 36/46/36 37/47/37
f 33/42/33 32/41/32 37/47/37 38/48/38
f 34/43/34 33/42/33 38/48/38 39/49/39
f 39/49/39 68/50/68 35/44/35 34/43/34
f 36/46/36 75/51/75 40/52/40 37/47/37
f 40/52/40 76/53/76 38/48/38 37/47/37
f 41/54/41 88/55/88 45/56/45 46/2/46
f 42/57/42 41/54/41 46/2/46 1/1/1
f 1/6/1 2/5/2 43/58/43 42/59/42
f 2/5/2 47/10/47 43/58/43
f 49/12/49 3/11/3 50/60/50
f 51/61/51 50/60/50 3/11/3 4/15/4
f 51/61/51 4/15/4 5/17/5 44/62/44
f 5/17/5 6/19/6 45/56/45 44/62/44
f 6/19/6 7/3/7 46/2/46 45/56/45
f 47/10/47 10/9/10 52/63/52
f 53/64/53 11/27/11 54/65/54
f 54/65/54 11/27/11 12/26/12 48/66/48
f 12/26/12 13/13/13 49/12/49 48/66/48
f 52/63/52 10/9/10 21/25/21 55/67/55
f 22/28/22 11/27/11 53/64/53 56/68/56
f 58/39/58 59/69/59 55/67/55 21/25/21
f 31/40/31 22/28/22 56/68/56 60/70/60
f 28/34/28 27/33/27 61/45/61 62/71/62
f 29/35/29 28/34/28 62/71/62 63/72/63
f 63/72/63 64/73/64 57/36/57 29/35/29
f 57/37/57 64/74/64 65/75/65 30/38/30
f 65/75/65 66/76/66 58/39/58 30/38/30
f 66/76/66 105/77/105 59/69/59 58/39/58
f 36/46/36 31/40/31 60/70/60 67/78/67
f 68/50/68 69/79/69 61/45/61 35/44/35
f 62/71/62 61/45/61 69/79/69 70/80/70
f 63/72/63 62/71/62 70/80/70 71/81/71
f 64/73/64 63/72/63 71/81/71 72/82/72
f 65/75/65 64/74/64 72/83/72 73/84/73
f 73/84/73 108/85/108 66/76/66 65/75/65
f 67/78/67 74/86/74 75/51/75 36/46/36
f 39/49/39 38/48/38 76/53/76 77/87/77
f 77/87/77 78/88/78 68/50/68 39/49/39
f 78/88/78 111/89/111 69/79/69 68/50/68
f 74/86/74 118/90/118 79/91/79 75/51/75
f 75/51/75 79/91/79 80/92/80 40/52/40
f 80/92/80 81/93/81 76/53/76 40/52/40
f 81/93/81 119/94/119 77/87/77 76/53/76
f 80/92/80 79/91/79 82/95/82 83/96/83
f 83/96/83 123/97/123 81/93/81 80/92/80
f 41/54/41 84/98/84 135/99/135 88/55/88
f 41/54/41 42/57/42 85/100/85 84/98/84
f 42/59/42 43/58/43 86/101/86 85/102/85
f 86/101/86 43/58/43 89/103/89
f 44/62/44 87/104/87 92/105/92 51/61/51
f 44/62/44 45/56/45 88/55/88 87/104/87
f 47/10/47 93/106/93 89/103/89 43/58/43
f 94/107/94 54/65/54 48/66/48 95/108/95
f 95/108/95 48/66/48 49/12/49 90/109/90
f 49/12/49 50/60/50 91/110/91 90/109/90
f 50/60/50 51/61/51 92/105/92 91/110/91
f 93/106/93 47/10/47 52/63/52 96/111/96
f 97/112/97 53/64/53 54/65/54 94/107/94
f 52/63/52 55/67/55 98/113/98 96/111/96
f 53/64/53 97/112/97 100/114/100 56/68/56
f 55/67/55 59/69/59 101/115/101 98/113/98
f 99/116/99 98/113/98 101/115/101 102/117/102
f 103/118/103 149/119/149 99/116/99 102/117/102
f 56/68/56 100/114/100 104/120/104 60/70/60
f 105/77/105 106/121/106 101/115/101 59/69/59
f 106/121/106 153/122/153 102/117/102 101/115/101
f 67/78/67 60/70/60 104/120/104 107/123/107
f 108/85/108 109/124/109 105/77/105 66/76/66
f 109/124/109 156/125/156 106/121/106 105/77/105
f 74/86/74 67/78/67 107/123/107 110/126/110
f 70/80/70 69/79/69 111/89/111 112/127/112
f 71/81/71 70/80/70 112/127/112 113/128/113
f 72/82/72 71/81/71 113/128/113 114/129/114
f 73/84/73 72/83/72 114/130/114 115/131/115
f 115/131/115 116/132/116 108/85/108 73/84/73
f 116/132/116 160/133/160 109/124/109 108/85/108
f 110/126/110 117/134/117 118/90/118 74/86/74
f 78/88/78 77/87/77 119/94/119 120/135/120
f 120/135/120 121/136/121 111/89/111 78/88/78
f 121/136/121 164/137/164 112/127/112 111/89/111
f 117/134/117 170/138/170 122/139/122 118/90/118
f 82/95/82 79/91/79 118/90/118 122/139/122
f 123/97/123 124/140/124 119/94/119 81/93/81
f 124/140/124 171/141/171 120/135/120 119/94/119
f 122/139/122 125/142/125 126/143/126 82/95/82
f 83/96/83 82/95/82 126/143/126 127/144/127
f 83/96/83 127/144/127 178/145/178 123/97/123
f 128/146/128 186/147/186 131/148/131 132/149/132
f 129/150/129 190/151/190 133/152/133 134/153/134
f 130/154/130 129/150/129 134/153/134 135/99/135
f 131/148/131 130/154/130 135/99/135 84/98/84
f 84/98/84 85/100/85 132/149/132 131/148/131
f 85/102/85 86/101/86 136/155/136 132/156/132
f 133/152/133 192/157/192 137/158/137 138/159/138
f 134/153/134 133/152/133 138/159/138 87/104/87
f 87/104/87 88/55/88 135/99/135 134/153/134
f 136/155/136 86/101/86 89/103/89 139/160/139
f 140/161/140 95/108/95 90/109/90 141/162/141
f 141/162/141 90/109/90 91/110/91 137/158/137
f 91/110/91 92/105/92 138/159/138 137/158/137
f 92/105/92 87/104/87 138/159/138
f 89/103/89 93/106/93 142/163/142 139/160/139
f 143/164/143 97/112/97 94/107/94 144/165/144
f 144/165/144 94/107/94 95/108/95 140/161/140
f 93/106/93 96/111/96 145/166/145 142/163/142
f 97/112/97 143/164/143 148/167/148
f 96/111/96 98/113/98 145/166/145
f 98/113/98 99/116/99 146/168/146 145/166/145
f 149/119/149 147/169/147 146/168/146 99/116/99
f 97/112/97 148/167/148 150/170/150 100/114/100
f 149/119/149 103/118/103 154/171/154 151/172/151
f 104/120/104 100/114/100 150/170/150 152/173/152
f 103/118/103 102/117/102 153/122/153 154/171/154
f 107/123/107 104/120/104 152/173/152 155/174/155
f 156/125/156 157/175/157 153/122/153 106/121/106
f 154/171/154 153/122/153 157/175/157 158/176/158
f 107/123/107 155/174/155 159/177/159 110/126/110
f 160/133/160 161/178/161 156/125/156 109/124/109
f 157/175/157 156/125/156 161/178/161 162/179/162
f 162/179/162 213/180/213 158/176/158 157/175/157
f 110/126/110 159/177/159 163/181/163 117/134/117
f 113/128/113 112/127/112 164/137/164 165/182/165
f 114/129/114 113/128/113 165/182/165 166/183/166
f 115/131/115 114/130/114 166/184/166 167/185/167
f 116/132/116 115/131/115 167/185/167 168/186/168
f 168/186/168 169/187/169 160/133/160 116/132/116
f 169/187/169 215/188/215 161/178/161 160/133/160
f 170/138/170 117/134/117 163/181/163
f 121/136/121 120/135/120 171/141/171 172/189/172
f 172/189/172 173/190/173 164/137/164 121/136/121
f 165/182/165 164/137/164 173/190/173 174/191/174
f 166/183/166 165/182/165 174/191/174 175/192/175
f 167/185/167 166/184/166 175/193/175 176/194/176
f 176/194/176 222/195/222 168/186/168 167/185/167
f 177/196/177 125/142/125 122/139/122 170/138/170
f 124/140/124 123/97/123 178/145/178 179/197/179
f 179/197/179 180/198/180 171/141/171 124/140/124
f 180/198/180 228/199/228 172/189/172 171/141/171
f 126/200/126 125/201/125 177/202/177 181/203/181
f 127/204/127 126/200/126 181/203/181 182/205/182
f 127/204/127 182/205/182 231/206/231 178/207/178
f 186/147/186 128/146/128 188/208/188 187/209/187
f 183/210/183 237/211/237 189/212/189 190/151/190
f 184/213/184 183/210/183 190/151/190 129/150/129
f 129/150/129 130/154/130 185/214/185 184/213/184
f 130/154/130 131/148/131 186/147/186 185/214/185
f 128/146/128 132/156/132 191/215/191 188/208/188
f 190/151/190 189/212/189 192/157/192 133/152/133
f 132/156/132 136/155/136 193/216/193 191/215/191
f 137/158/137 192/157/192 195/217/195 141/162/141
f 136/155/136 139/160/139 196/218/196 193/216/193
f 140/161/140 194/219/194 198/220/198 144/165/144
f 140/161/140 141/162/141 195/217/195 194/219/194
f 139/160/139 142/163/142 199/221/199 196/218/196
f 143/164/143 197/222/197 202/223/202
f 143/164/143 144/165/144 198/220/198 197/222/197
f 142/163/142 145/166/145 199/221/199
f 145/166/145 146/168/146 200/224/200 199/221/199
f 146/168/146 147/169/147 201/225/201 200/224/200
f 147/169/147 203/226/203 254/227/254 201/225/201
f 143/164/143 202/223/202 204/228/204 148/167/148
f 147/169/147 149/119/149 205/229/205 203/226/203
f 148/167/148 204/228/204 206/230/206 150/170/150
f 149/119/149 151/172/151 207/231/207 205/229/205
f 208/232/208 152/173/152 150/170/150 206/230/206
f 151/172/151 154/171/154 209/233/209 207/231/207
f 152/173/152 208/232/208 210/234/210 155/174/155
f 209/233/209 154/171/154 158/176/158 211/235/211
f 155/174/155 210/234/210 212/236/212 159/177/159
f 158/176/158 213/180/213 211/235/211
f 159/177/159 212/236/212 214/237/214 163/181/163
f 162/179/162 161/178/161 215/188/215 216/238/216
f 162/179/162 216/238/216 269/239/269 213/180/213
f 163/181/163 214/237/214 217/240/217 170/138/170
f 169/187/169 168/186/168 222/195/222 223/241/223
f 223/241/223 224/242/224 215/188/215 169/187/169
f 224/242/224 274/243/274 216/238/216 215/188/215
f 170/138/170 217/240/217 225/244/225 177/196/177
f 218/245/218 173/190/173 172/189/172 228/199/228
f 218/245/218 219/246/219 174/191/174 173/190/173
f 219/246/219 220/247/220 175/192/175 174/191/174
f 220/248/220 221/249/221 176/194/176 175/193/175
f 222/195/222 176/194/176 221/249/221
f 177/202/177 225/250/225 229/251/229 181/203/181
f 226/252/226 179/253/179 178/207/178 231/206/231
f 226/252/226 227/254/227 180/255/180 179/253/179
f 228/256/228 180/255/180 227/254/227
f 229/251/229 230/257/230 182/205/182 181/203/181
f 231/206/231 182/205/182 230/257/230
f 237/211/237 183/210/183 238/258/238
f 239/259/239 238/258/238 183/210/183 184/213/184
f 239/259/239 184/213/184 185/214/185 232/260/232
f 185/214/185 186/147/186 233/261/233 232/260/232
f 186/147/186 187/209/187 234/262/234 233/261/233
f 187/209/187 188/208/188 235/263/235 234/264/234
f 188/208/188 240/265/240 298/266/298 235/263/235
f 236/267/236 301/268/301 241/269/241 242/270/242
f 237/211/237 236/267/236 242/270/242 189/212/189
f 188/208/188 191/215/191 243/271/243 240/265/240
f 244/272/244 303/273/303 240/265/240 243/271/243
f 242/270/242 241/269/241 245/274/245 246/275/246
f 192/157/192 189/212/189 242/270/242 246/275/246
f 191/215/191 193/216/193 243/271/243
f 247/276/247 244/272/244 243/271/243 193/216/193
f 248/277/248 307/278/307 244/272/244 247/276/247
f 194/219/194 245/274/245 249/279/249 198/220/198
f 194/219/194 195/217/195 246/275/246 245/274/245
f 195/217/195 192/157/192 246/275/246
f 193/216/193 196/218/196 247/276/247
f 250/280/250 248/277/248 247/276/247 196/218/196
f 251/281/251 312/282/312 248/277/248 250/280/250
f 253/283/253 197/222/197 198/220/198 249/279/249
f 196/218/196 199/221/199 250/280/250
f 199/221/199 200/224/200 251/281/251 250/280/250
f 200/224/200 201/225/201 252/284/252 251/281/251
f 201/225/201 254/227/254 317/285/317 252/284/252
f 197/222/197 253/283/253 256/286/256 202/223/202
f 203/226/203 257/287/257 255/288/255 254/227/254
f 202/223/202 256/286/256 258/289/258 204/228/204
f 257/287/257 203/226/203 205/229/205 259/290/259
f 204/228/204 258/289/258 260/291/260 206/230/206
f 259/290/259 205/229/205 207/231/207 261/292/261
f 206/230/206 260/291/260 262/293/262 208/232/208
f 207/231/207 209/233/209 263/294/263 261/292/261
f 208/232/208 262/293/262 264/295/264 210/234/210
f 209/233/209 211/235/211 265/296/265 263/294/263
f 210/234/210 264/295/264 266/297/266 212/236/212
f 211/235/211 213/180/213 267/298/267 265/296/265
f 212/236/212 266/297/266 268/299/268 214/237/214
f 213/180/213 269/239/269 267/298/267
f 214/237/214 268/299/268 270/300/270 217/240/217
f 216/238/216 274/243/274 269/239/269
f 275/301/275 225/244/225 217/240/217 270/300/270
f 228/256/228 278/302/278 271/303/271 218/304/218
f 271/303/271 272/305/272 219/306/219 218/304/218
f 272/305/272 273/307/273 220/308/220 219/306/219
f 221/309/221 220/310/220 273/311/273 279/312/279
f 222/313/222 221/309/221 279/312/279 280/314/280
f 223/315/223 222/313/222 280/314/280 281/316/281
f 224/317/224 223/315/223 281/316/281 282/318/282
f 224/317/224 282/318/282 274/319/274
f 225/250/225 275/320/275 283/321/283 229/251/229
f 231/206/231 286/322/286 276/323/276 226/252/226
f 276/323/276 277/324/277 227/254/227 226/252/226
f 277/324/277 278/302/278 228/256/228 227/254/227
f 229/251/229 283/321/283 284/325/284
f 284/325/284 285/326/285 230/257/230 229/251/229
f 285/326/285 286/322/286 231/206/231 230/257/230
f 287/327/287 358/328/358 290/329/290 291/330/291
f 288/331/288 287/327/287 291/330/291 292/332/292
f 293/333/293 288/331/288 292/332/292
f 296/334/296 239/259/239 232/260/232 297/335/297
f 297/335/297 232/260/232 233/261/233 289/336/289
f 233/261/233 234/262/234 290/337/290 289/336/289
f 234/264/234 235/263/235 291/330/291 290/329/290
f 298/266/298 292/332/292 291/330/291 235/263/235
f 293/333/293 292/332/292 298/266/298 299/338/299
f 300/339/300 363/340/363 293/333/293 299/338/299
f 301/268/301 236/267/236 302/341/302
f 302/341/302 236/267/236 237/211/237 294/342/294
f 237/211/237 238/258/238 295/343/295 294/342/294
f 238/258/238 239/259/239 296/334/296 295/343/295
f 303/273/303 299/338/299 298/266/298 240/265/240
f 300/339/300 299/338/299 303/273/303 304/344/304
f 305/345/305 367/346/367 300/339/300 304/344/304
f 241/269/241 301/268/301 368/347/368 306/348/306
f 307/278/307 304/344/304 303/273/303 244/272/244
f 305/345/305 304/344/304 307/278/307 308/349/308
f 309/350/309 370/351/370 305/345/305 308/349/308
f 245/274/245 241/269/241 306/348/306 311/352/311
f 312/282/312 308/349/308 307/278/307 248/277/248
f 309/350/309 308/349/308 312/282/312 313/353/313
f 310/354/310 309/350/309 313/353/313 314/355/314
f 315/356/315 374/357/374 310/354/310 314/355/314
f 249/279/249 245/274/245 311/352/311 316/358/316
f 251/281/251 252/284/252 313/353/313 312/282/312
f 317/285/317 314/355/314 313/353/313 252/284/252
f 315/356/315 314/355/314 317/285/317 318/359/318
f 319/360/319 376/361/376 315/356/315 318/359/318
f 320/362/320 253/283/253 249/279/249 316/358/316
f 254/227/254 255/288/255 318/359/318 317/285/317
f 321/363/321 319/360/319 318/359/318 255/288/255
f 253/283/253 320/362/320 322/364/322 256/286/256
f 255/288/255 257/287/257 323/365/323 321/363/321
f 256/286/256 322/364/322 324/366/324 258/289/258
f 257/287/257 259/290/259 325/367/325 323/365/323
f 258/289/258 324/366/324 326/368/326 260/291/260
f 259/290/259 261/292/261 327/369/327 325/367/325
f 260/291/260 326/368/326 328/370/328 262/293/262
f 261/292/261 263/294/263 329/371/329 327/369/327
f 262/293/262 328/370/328 330/372/330 264/295/264
f 329/371/329 263/294/263 265/296/265 331/373/331
f 264/295/264 330/372/330 332/374/332 266/297/266
f 265/296/265 267/298/267 333/375/333 331/373/331
f 266/297/266 332/374/332 334/376/334 268/299/268
f 267/377/267 269/378/269 335/379/335 333/380/333
f 268/299/268 334/376/334 336/381/336 270/300/270
f 274/319/274 340/382/340 335/379/335 269/378/269
f 270/300/270 336/381/336 341/383/341 275/301/275
f 278/302/278 344/384/344 337/385/337 271/303/271
f 337/385/337 338/386/338 272/305/272 271/303/271
f 338/386/338 339/387/339 273/307/273 272/305/272
f 273/311/273 339/388/339 345/389/345 279/312/279
f 282/318/282 348/390/348 340/382/340 274/319/274
f 349/391/349 283/321/283 275/320/275 341/392/341
f 286/322/286 351/393/351 342/394/342 276/323/276
f 342/394/342 343/395/343 277/324/277 276/323/276
f 343/395/343 344/384/344 278/302/278 277/324/277
f 345/389/345 346/396/346 280/314/280 279/312/279
f 346/396/346 347/397/347 281/316/281 280/314/280
f 347/397/347 348/390/348 282/318/282 281/316/281
f 283/321/283 349/391/349 350/398/350
f 284/325/284 283/321/283 350/398/350 352/399/352
f 285/326/285 284/325/284 352/399/352 353/400/353
f 351/393/351 286/322/286 285/326/285 353/400/353
f 354/401/354 423/402/423 357/403/357 358/404/358
f 355/405/355 354/406/354 358/328/358 287/327/287
f 287/327/287 288/331/288 356/407/356 355/405/355
f 356/407/356 288/331/288 359/408/359
f 289/336/289 357/403/357 361/409/361 297/335/297
f 289/336/289 290/337/290 358/404/358 357/403/357
f 293/333/293 362/410/362 359/408/359 288/331/288
f 293/333/293 363/340/363 362/410/362
f 364/411/364 302/341/302 294/342/294 365/412/365
f 366/413/366 365/412/365 294/342/294 295/343/295
f 366/413/366 295/343/295 296/334/296 360/414/360
f 296/334/296 297/335/297 361/409/361 360/414/360
f 300/339/300 367/346/367 363/340/363
f 368/347/368 301/268/301 369/415/369
f 369/415/369 301/268/301 302/341/302 364/411/364
f 305/345/305 370/351/370 435/416/435 367/346/367
f 306/348/306 368/347/368 373/417/373
f 309/350/309 310/354/310 371/418/371 370/351/370
f 374/357/374 372/419/372 371/418/371 310/354/310
f 306/348/306 373/417/373 375/420/375 311/352/311
f 315/356/315 376/361/376 441/421/441 374/357/374
f 311/352/311 375/420/375 377/422/377 316/358/316
f 376/361/376 319/360/319 378/423/378
f 316/358/316 377/422/377 379/424/379 320/362/320
f 378/423/378 319/360/319 321/363/321 380/425/380
f 320/362/320 379/424/379 381/426/381 322/364/322
f 321/363/321 323/365/323 382/427/382 380/425/380
f 322/364/322 381/426/381 383/428/383 324/366/324
f 323/365/323 325/367/325 384/429/384 382/427/382
f 324/366/324 383/428/383 385/430/385 326/368/326
f 325/367/325 327/369/327 386/431/386 384/429/384
f 326/368/326 385/430/385 387/432/387 328/370/328
f 327/369/327 329/371/329 388/433/388 386/431/386
f 328/370/328 387/432/387 389/434/389 330/372/330
f 329/371/329 331/373/331 390/435/390 388/433/388
f 391/436/391 332/374/332 330/372/330 389/434/389
f 331/373/331 333/375/333 393/437/393 390/435/390
f 334/376/334 332/374/332 391/436/391 394/438/394
f 335/379/335 395/439/395 392/440/392 333/380/333
f 393/441/393 333/380/333 392/440/392
f 336/381/336 334/376/334 394/438/394 396/442/396
f 340/382/340 397/443/397 395/439/395 335/379/335
f 341/383/341 336/381/336 396/442/396 398/444/398
f 337/385/337 344/384/344 400/445/400 401/446/401
f 338/386/338 337/385/337 401/446/401 402/447/402
f 339/387/339 338/386/338 402/447/402 403/448/403
f 345/389/345 339/388/339 403/449/403 404/450/404
f 348/390/348 407/451/407 397/443/397 340/382/340
f 408/452/408 349/391/349 341/392/341 398/453/398
f 342/394/342 351/393/351 410/454/410 411/455/411
f 399/456/399 343/395/343 342/394/342 411/455/411
f 399/456/399 400/445/400 344/384/344 343/395/343
f 404/450/404 405/457/405 346/396/346 345/389/345
f 405/457/405 406/458/406 347/397/347 346/396/346
f 406/458/406 407/451/407 348/390/348 347/397/347
f 408/452/408 409/459/409 350/398/350 349/391/349
f 350/398/350 409/459/409 412/460/412 352/399/352
f 353/400/353 413/461/413 410/454/410 351/393/351
f 412/460/412 413/461/413 353/400/353 352/399/352
f 414/462/414 485/463/485 417/464/417 418/465/418
f 415/466/415 414/467/414 418/468/418 419/469/419
f 420/470/420 488/471/488 415/466/415 419/469/419
f 416/472/416 490/473/490 421/474/421 422/475/422
f 417/464/417 416/472/416 422/475/422 423/402/423
f 418/465/418 417/464/417 423/402/423 354/401/354
f 354/406/354 355/405/355 419/469/419 418/468/418
f 355/405/355 356/407/356 420/470/420 419/469/419
f 420/470/420 356/407/356 424/476/424
f 421/474/421 493/477/493 425/478/425 426/479/426
f 422/475/422 421/474/421 426/479/426 427/480/427
f 423/402/423 422/475/422 427/480/427 357/403/357
f 424/476/424 356/407/356 359/408/359 428/481/428
f 425/478/425 495/482/495 430/483/430 431/484/431
f 426/479/426 425/478/425 431/484/431 360/414/360
f 360/414/360 361/409/361 427/480/427 426/479/426
f 361/409/361 357/403/357 427/480/427
f 359/408/359 362/410/362 428/481/428
f 362/410/362 363/340/363 432/485/432 428/481/428
f 364/411/364 429/486/429 433/487/433 369/415/369
f 364/411/364 365/412/365 430/483/430 429/486/429
f 365/412/365 366/413/366 431/484/431 430/483/430
f 366/413/366 360/414/360 431/484/431
f 367/346/367 434/488/434 432/485/432 363/340/363
f 367/346/367 435/416/435 434/488/434
f 437/489/437 368/347/368 369/415/369 433/487/433
f 370/351/370 371/418/371 436/490/436 435/416/435
f 371/418/371 372/419/372 438/491/438 436/490/436
f 372/419/372 439/492/439 438/491/438
f 368/347/368 437/489/437 440/493/440 373/417/373
f 372/419/372 374/357/374 441/421/441 439/492/439
f 373/417/373 440/493/440 442/494/442 375/420/375
f 441/421/441 376/361/376 443/495/443
f 375/420/375 442/494/442 444/496/444 377/422/377
f 443/495/443 376/361/376 378/423/378 445/497/445
f 377/422/377 444/496/444 446/498/446 379/424/379
f 378/423/378 380/425/380 447/499/447 445/497/445
f 448/500/448 381/426/381 379/424/379 446/498/446
f 380/425/380 382/427/382 449/501/449 447/499/447
f 450/502/450 514/503/514 447/499/447 449/501/449
f 381/426/381 448/500/448 451/504/451 383/428/383
f 382/427/382 384/429/384 452/505/452 449/501/449
f 452/505/452 519/506/519 450/502/450 449/501/449
f 383/428/383 451/504/451 453/507/453 385/430/385
f 384/429/384 386/431/386 454/508/454 452/505/452
f 385/430/385 453/507/453 455/509/455 387/432/387
f 386/431/386 388/433/388 456/510/456 454/508/454
f 389/434/389 387/432/387 455/509/455 457/511/457
f 388/433/388 390/435/390 458/512/458 456/510/456
f 391/436/391 389/434/389 457/511/457 459/513/459
f 390/435/390 393/437/393 461/514/461 458/512/458
f 462/515/462 394/438/394 391/436/391 459/513/459
f 392/440/392 395/439/395 463/516/463 464/517/464
f 460/518/460 393/441/393 392/440/392 464/517/464
f 461/519/461 393/441/393 460/518/460
f 394/438/394 462/515/462 465/520/465 396/442/396
f 397/443/397 466/521/466 463/516/463 395/439/395
f 396/442/396 465/520/465 467/522/467 398/444/398
f 407/451/407 476/523/476 466/521/466 397/443/397
f 398/453/398 467/524/467 477/525/477 408/452/408
f 411/455/411 482/526/482 468/527/468 399/456/399
f 468/527/468 469/528/469 400/445/400 399/456/399
f 469/528/469 470/529/470 401/446/401 400/445/400
f 470/529/470 471/530/471 402/447/402 401/446/401
f 471/530/471 472/531/472 403/448/403 402/447/402
f 472/532/472 473/533/473 404/450/404 403/449/403
f 473/533/473 474/534/474 405/457/405 404/450/404
f 474/534/474 475/535/475 406/458/406 405/457/405
f 475/535/475 476/523/476 407/451/407 406/458/406
f 477/525/477 478/536/478 409/459/409 408/452/408
f 409/459/409 478/536/478 479/537/479 412/460/412
f 479/537/479 480/538/480 413/461/413 412/460/412
f 480/538/480 481/539/481 410/454/410 413/461/413
f 481/539/481 482/526/482 411/455/411 410/454/410
f 485/463/485 414/462/414 486/540/486
f 487/541/487 486/542/486 414/467/414 415/466/415
f 415/466/415 488/471/488 487/541/487
f 483/543/483 489/544/489 490/473/490
f 484/545/484 483/543/483 490/473/490 416/472/416
f 416/472/416 417/464/417 485/463/485 484/545/484
f 420/470/420 491/546/491 561/547/561 488/471/488
f 489/544/489 492/548/492 493/477/493
f 490/473/490 489/544/489 493/477/493 421/474/421
f 420/470/420 424/476/424 494/549/494 491/546/491
f 493/477/493 492/548/492 495/482/495 425/478/425
f 424/476/424 428/481/428 496/550/496 494/549/494
f 497/551/497 429/486/429 430/483/430 495/482/495
f 428/481/428 432/485/432 498/552/498 496/550/496
f 500/553/500 437/489/437 433/487/433 501/554/501
f 501/554/501 433/487/433 429/486/429 497/551/497
f 432/485/432 434/488/434 498/552/498
f 434/488/434 435/416/435 499/555/499 498/552/498
f 435/416/435 436/490/436 502/556/502 499/555/499
f 436/490/436 438/491/438 503/557/503 502/556/502
f 437/489/437 500/553/500 505/558/505
f 438/491/438 439/492/439 504/559/504 503/557/503
f 504/559/504 439/492/439 506/560/506
f 437/489/437 505/558/505 507/561/507 440/493/440
f 506/560/506 439/492/439 441/421/441 508/562/508
f 440/493/440 507/561/507 509/563/509 442/494/442
f 441/421/441 443/495/443 510/564/510 508/562/508
f 442/494/442 509/563/509 511/565/511 444/496/444
f 443/495/443 445/497/445 512/566/512 510/564/510
f 444/496/444 511/565/511 513/567/513 446/498/446
f 445/497/445 447/499/447 514/503/514 512/566/512
f 515/568/515 587/569/587 512/566/512 514/503/514
f 516/570/516 448/500/448 446/498/446 513/567/513
f 517/571/517 515/568/515 514/503/514 450/502/450
f 448/500/448 516/570/516 518/572/518 451/504/451
f 519/506/519 520/573/520 517/571/517 450/502/450
f 451/504/451 518/572/518 521/574/521 453/507/453
f 452/505/452 454/508/454 522/575/522 519/506/519
f 522/575/522 596/576/596 520/573/520 519/506/519
f 455/509/455 453/507/453 521/574/521 523/577/523
f 454/508/454 456/510/456 524/578/524
f 524/578/524 525/579/525 522/575/522 454/508/454
f 457/511/457 455/509/455 523/577/523 526/580/526
f 456/510/456 458/512/458 527/581/527 524/578/524
f 527/581/527 601/582/601 525/579/525 524/578/524
f 457/511/457 526/580/526 528/583/528 459/513/459
f 458/512/458 461/514/461 530/584/530 527/581/527
f 531/585/531 462/515/462 459/513/459 528/583/528
f 460/518/460 464/517/464 532/586/532 533/587/533
f 529/588/529 461/519/461 460/518/460 533/587/533
f 530/589/530 461/519/461 529/588/529
f 462/515/462 531/585/531 534/590/534 465/520/465
f 463/516/463 466/521/466 535/591/535 536/592/536
f 532/586/532 464/517/464 463/516/463 536/592/536
f 465/520/465 534/590/534 537/593/537 467/522/467
f 476/523/476 545/594/545 535/591/535 466/521/466
f 467/524/467 537/595/537 538/596/538 477/525/477
f 477/525/477 538/596/538 546/597/546 478/536/478
f 468/527/468 482/526/482 550/598/550 551/599/551
f 469/528/469 468/527/468 551/599/551 552/600/552
f 539/601/539 470/529/470 469/528/469 552/600/552
f 539/601/539 540/602/540 471/530/471 470/529/470
f 540/602/540 541/603/541 472/531/472 471/530/471
f 541/604/541 542/605/542 473/533/473 472/532/472
f 542/605/542 543/606/543 474/534/474 473/533/473
f 543/606/543 544/607/544 475/535/475 474/534/474
f 544/607/544 545/594/545 476/523/476 475/535/475
f 546/597/546 547/608/547 479/537/479 478/536/478
f 547/608/547 548/609/548 480/538/480 479/537/479
f 548/609/548 549/610/549 481/539/481 480/538/480
f 549/610/549 550/598/550 482/526/482 481/539/481
f 553/611/553 628/612/628 554/613/554 555/614/555
f 556/615/556 630/616/630 553/611/553 555/614/555
f 558/617/558 557/618/557 483/543/483 484/545/484
f 559/619/559 558/617/558 484/545/484 485/463/485
f 560/620/560 559/619/559 485/463/485 486/540/486
f 560/621/560 486/542/486 487/541/487 554/613/554
f 487/541/487 488/471/488 555/614/555 554/613/554
f 561/547/561 556/615/556 555/614/555 488/471/488
f 562/622/562 489/544/489 483/543/483 557/618/557
f 491/546/491 563/623/563 637/624/637 561/547/561
f 564/625/564 492/548/492 489/544/489 562/622/562
f 491/546/491 494/549/494 565/626/565 563/623/563
f 566/627/566 639/628/639 563/623/563 565/626/565
f 492/548/492 564/625/564 567/629/567 495/482/495
f 494/549/494 496/550/496 565/626/565
f 568/630/568 566/627/566 565/626/565 496/550/496
f 569/631/569 641/632/641 566/627/566 568/630/568
f 570/633/570 497/551/497 495/482/495 567/629/567
f 496/550/496 498/552/498 568/630/568
f 498/552/498 499/555/499 569/631/569 568/630/568
f 499/555/499 502/556/502 571/634/571 569/631/569
f 576/635/576 575/636/575 500/553/500 501/554/501
f 576/635/576 501/554/501 497/551/497 570/633/570
f 502/556/502 503/557/503 572/637/572 571/634/571
f 503/557/503 504/559/504 573/638/573 572/637/572
f 577/639/577 574/640/574 573/638/573 504/559/504
f 500/553/500 575/636/575 578/641/578 505/558/505
f 504/559/504 506/560/506 579/642/579 577/639/577
f 580/643/580 653/644/653 577/639/577 579/642/579
f 505/558/505 578/641/578 581/645/581 507/561/507
f 506/560/506 508/562/508 579/642/579
f 582/646/582 580/643/580 579/642/579 508/562/508
f 507/561/507 581/645/581 583/647/583 509/563/509
f 508/562/508 510/564/510 584/648/584 582/646/582
f 585/649/585 659/650/659 582/646/582 584/648/584
f 509/563/509 583/647/583 586/651/586 511/565/511
f 510/564/510 512/566/512 584/648/584
f 587/569/587 585/649/585 584/648/584 512/566/512
f 588/652/588 663/653/663 585/649/585 587/569/587
f 513/567/513 511/565/511 586/651/586 589/654/589
f 590/655/590 588/652/588 587/569/587 515/568/515
f 516/570/516 513/567/513 589/654/589 591/656/591
f 515/568/515 517/571/517 592/657/592 590/655/590
f 518/572/518 516/570/516 591/656/591 593/658/593
f 517/571/517 520/573/520 594/659/594 592/657/592
f 521/574/521 518/572/518 593/658/593 595/660/595
f 596/576/596 597/661/597 594/659/594 520/573/520
f 523/577/523 521/574/521 595/660/595 598/662/598
f 522/575/522 525/579/525 599/663/599 596/576/596
f 599/663/599 676/664/676 597/661/597 596/576/596
f 526/580/526 523/577/523 598/662/598 600/665/600
f 601/582/601 602/666/602 599/663/599 525/579/525
f 528/583/528 526/580/526 600/665/600 603/667/603
f 527/581/527 530/584/530 605/668/605 601/582/601
f 531/585/531 528/583/528 603/667/603 606/669/606
f 533/587/533 607/670/607 604/671/604 529/588/529
f 604/671/604 605/672/605 530/589/530 529/588/529
f 534/590/534 531/585/531 606/669/606 608/673/608
f 532/586/532 536/592/536 609/674/609 610/675/610
f 607/670/607 533/587/533 532/586/532 610/675/610
f 611/676/611 537/593/537 534/590/534 608/673/608
f 535/591/535 545/594/545 616/677/616 617/678/617
f 609/674/609 536/592/536 535/591/535 617/678/617
f 611/679/611 612/680/612 538/596/538 537/595/537
f 538/596/538 612/680/612 618/681/618 546/597/546
f 539/601/539 552/600/552 622/682/622 623/683/623
f 540/602/540 539/601/539 623/683/623 624/684/624
f 541/603/541 540/602/540 624/684/624 625/685/625
f 613/686/613 542/605/542 541/604/541 625/687/625
f 613/686/613 614/688/614 543/606/543 542/605/542
f 614/688/614 615/689/615 544/607/544 543/606/543
f 615/689/615 616/677/616 545/594/545 544/607/544
f 618/681/618 619/690/619 547/608/547 546/597/546
f 619/690/619 620/691/620 548/609/548 547/608/547
f 620/691/620 621/692/621 549/610/549 548/609/548
f 550/598/550 549/610/549 621/692/621 626/693/626
f 551/599/551 550/598/550 626/693/626 627/694/627
f 622/682/622 552/600/552 551/599/551 627/694/627
f 628/612/628 553/611/553 630/616/630 629/695/629
f 554/613/554 628/612/628 632/696/632 560/621/560
f 556/615/556 633/697/633 712/698/712 630/616/630
f 634/699/634 562/622/562 557/618/557 635/700/635
f 636/701/636 635/700/635 557/618/557 558/617/558
f 636/701/636 558/617/558 559/619/559 631/702/631
f 559/619/559 560/620/560 632/703/632 631/702/631
f 556/615/556 561/547/561 637/624/637 633/697/633
f 562/622/562 634/699/634 638/704/638
f 563/623/563 639/628/639 717/705/717 637/624/637
f 640/706/640 564/625/564 562/622/562 638/704/638
f 566/627/566 641/632/641 719/707/719 639/628/639
f 564/625/564 640/706/640 643/708/643 567/629/567
f 644/709/644 642/710/642 641/632/641 569/631/569
f 645/711/645 722/712/722 642/710/642 644/709/644
f 647/713/647 576/635/576 570/633/570 648/714/648
f 648/714/648 570/633/570 567/629/567 643/708/643
f 569/631/569 571/634/571 644/709/644
f 571/634/571 572/637/572 645/711/645 644/709/644
f 572/637/572 573/638/573 646/715/646 645/711/645
f 573/638/573 574/640/574 649/716/649 646/715/646
f 574/640/574 650/717/650 649/716/649
f 652/718/652 575/636/575 576/635/576 647/713/647
f 574/640/574 577/639/577 653/644/653 650/717/650
f 651/719/651 650/717/650 653/644/653 654/720/654
f 575/636/575 652/718/652 655/721/655 578/641/578
f 656/722/656 654/720/654 653/644/653 580/643/580
f 657/723/657 654/720/654 656/722/656
f 581/645/581 578/641/578 655/721/655 658/724/658
f 580/643/580 582/646/582 659/650/659 656/722/656
f 657/723/657 656/722/656 659/650/659 660/725/660
f 661/726/661 657/723/657 660/725/660
f 583/647/583 581/645/581 658/724/658 662/727/662
f 663/653/663 660/725/660 659/650/659 585/649/585
f 661/726/661 660/725/660 663/653/663 664/728/664
f 586/651/586 583/647/583 662/727/662 665/729/665
f 666/730/666 664/728/664 663/653/663 588/652/588
f 589/654/589 586/651/586 665/729/665 667/731/667
f 588/652/588 590/655/590 668/732/668 666/730/666
f 589/654/589 667/731/667 669/733/669 591/656/591
f 590/655/590 592/657/592 670/734/670 668/732/668
f 671/735/671 593/658/593 591/656/591 669/733/669
f 592/657/592 594/659/594 672/736/672 670/734/670
f 593/658/593 671/735/671 673/737/673 595/660/595
f 594/659/594 597/661/597 674/738/674 672/736/672
f 598/662/598 595/660/595 673/737/673 675/739/675
f 597/661/597 676/664/676 674/738/674
f 600/665/600 598/662/598 675/739/675 677/740/677
f 599/663/599 602/666/602 680/741/680 676/664/676
f 600/665/600 677/740/677 681/742/681 603/667/603
f 605/668/605 683/743/683 678/744/678 601/582/601
f 678/744/678 679/745/679 602/666/602 601/582/601
f 680/741/680 602/666/602 679/745/679
f 684/746/684 606/669/606 603/667/603 681/742/681
f 607/670/607 685/747/685 682/748/682 604/671/604
f 682/748/682 683/749/683 605/672/605 604/671/604
f 606/669/606 684/746/684 686/750/686 608/673/608
f 610/675/610 687/751/687 685/747/685 607/670/607
f 608/673/608 686/750/686 688/752/688 611/676/611
f 609/674/609 617/678/617 695/753/695 696/754/696
f 687/751/687 610/675/610 609/674/609 696/754/696
f 688/755/688 689/756/689 612/680/612 611/679/611
f 612/680/612 689/756/689 690/757/690 618/681/618
f 618/681/618 690/757/690 697/758/697 619/690/619
f 625/687/625 700/759/700 691/760/691 613/686/613
f 691/760/691 692/761/692 614/688/614 613/686/613
f 692/761/692 693/762/693 615/689/615 614/688/614
f 693/762/693 694/763/694 616/677/616 615/689/615
f 694/763/694 695/753/695 617/678/617 616/677/616
f 697/758/697 698/764/698 620/691/620 619/690/619
f 621/692/621 620/691/620 698/764/698 701/765/701
f 626/693/626 621/692/621 701/765/701 702/766/702
f 622/682/622 627/694/627 703/767/703 704/768/704
f 623/683/623 622/682/622 704/768/704 705/769/705
f 699/770/699 624/684/624 623/683/623 705/769/705
f 699/770/699 700/771/700 625/685/625 624/684/624
f 702/766/702 703/767/703 627/694/627 626/693/626
f 628/612/628 706/772/706 711/773/711 632/696/632
f 628/612/628 629/695/629 707/774/707 706/772/706
f 629/695/629 630/616/630 708/775/708 707/774/707
f 712/698/712 709/776/709 708/775/708 630/616/630
f 631/702/631 710/777/710 714/778/714 636/701/636
f 631/702/631 632/703/632 711/779/711 710/777/710
f 633/697/633 715/780/715 786/781/786 712/698/712
f 716/782/716 634/699/634 635/700/635 713/783/713
f 635/700/635 636/701/636 714/778/714 713/783/713
f 633/697/633 637/624/637 717/705/717 715/780/715
f 638/704/638 634/699/634 716/782/716 718/784/718
f 639/628/639 719/707/719 791/785/791 717/705/717
f 640/706/640 638/704/638 718/784/718 720/786/720
f 641/632/641 642/710/642 721/787/721 719/707/719
f 642/710/642 722/712/722 721/787/721
f 643/708/643 640/706/640 720/786/720 723/788/723
f 645/711/645 646/715/646 724/789/724 722/712/722
f 646/715/646 649/716/649 725/790/725 724/789/724
f 727/791/727 647/713/647 648/714/648 723/788/723
f 648/714/648 643/708/643 723/788/723
f 649/716/649 650/717/650 726/792/726 725/790/725
f 650/717/650 651/719/651 728/793/728 726/792/726
f 729/794/729 652/718/652 647/713/647 727/791/727
f 728/793/728 651/719/651 654/720/654 730/795/730
f 655/721/655 652/718/652 729/794/729 731/796/731
f 657/723/657 732/797/732 730/795/730 654/720/654
f 658/724/658 655/721/655 731/796/731 733/798/733
f 661/726/661 734/799/734 732/797/732 657/723/657
f 658/724/658 733/798/733 735/800/735 662/727/662
f 734/799/734 661/726/661 664/728/664 736/801/736
f 662/727/662 735/800/735 737/802/737 665/729/665
f 736/801/736 664/728/664 666/730/666 738/803/738
f 665/729/665 737/802/737 739/804/739 667/731/667
f 738/803/738 666/730/666 668/732/668 740/805/740
f 669/733/669 667/731/667 739/804/739 741/806/741
f 740/805/740 668/732/668 670/734/670 742/807/742
f 671/735/671 669/733/669 741/806/741 743/808/743
f 742/807/742 670/734/670 672/736/672 744/809/744
f 673/737/673 671/735/671 743/808/743 745/810/745
f 672/736/672 674/738/674 746/811/746 744/809/744
f 675/739/675 673/737/673 745/810/745 747/812/747
f 674/738/674 676/664/676 748/813/748 746/811/746
f 675/739/675 747/812/747 749/814/749 677/740/677
f 748/813/748 676/664/676 680/741/680 750/815/750
f 681/742/681 677/740/677 749/814/749 751/816/751
f 678/744/678 683/743/683 753/817/753 754/818/754
f 679/745/679 678/744/678 754/818/754 755/819/755
f 750/815/750 680/741/680 679/745/679 755/819/755
f 684/746/684 681/742/681 751/816/751 756/820/756
f 685/747/685 757/821/757 752/822/752 682/748/682
f 752/822/752 753/823/753 683/749/683 682/748/682
f 684/746/684 756/820/756 758/824/758 686/750/686
f 687/751/687 759/825/759 757/821/757 685/747/685
f 760/826/760 688/752/688 686/750/686 758/824/758
f 696/754/696 769/827/769 759/825/759 687/751/687
f 688/755/688 760/828/760 761/829/761
f 761/829/761 762/830/762 689/756/689 688/755/688
f 762/830/762 763/831/763 690/757/690 689/756/689
f 690/757/690 763/831/763 770/832/770 697/758/697
f 700/759/700 773/833/773 764/834/764 691/760/691
f 764/834/764 765/835/765 692/761/692 691/760/691
f 765/835/765 766/836/766 693/762/693 692/761/692
f 766/836/766 767/837/767 694/763/694 693/762/693
f 767/837/767 768/838/768 695/753/695 694/763/694
f 768/838/768 769/827/769 696/754/696 695/753/695
f 770/832/770 771/839/771 698/764/698 697/758/697
f 698/764/698 771/839/771 774/840/774 701/765/701
f 705/769/705 778/841/778 772/842/772 699/770/699
f 772/842/772 773/843/773 700/771/700 699/770/699
f 774/840/774 775/844/775 702/766/702 701/765/701
f 775/844/775 776/845/776 703/767/703 702/766/702
f 776/845/776 777/846/777 704/768/704 703/767/703
f 777/846/777 778/841/778 705/769/705 704/768/704
f 780/847/780 711/773/711 706/772/706 781/848/781
f 781/848/781 706/772/706 707/774/707 779/849/779
f 707/774/707 708/775/708 782/850/782 779/849/779
f 783/851/783 782/850/782 708/775/708 709/776/709
f 784/852/784 714/778/714 710/777/710 785/853/785
f 785/853/785 710/777/710 711/779/711 780/854/780
f 783/851/783 709/776/709 712/698/712 786/781/786
f 787/855/787 716/782/716 713/783/713 788/856/788
f 788/856/788 713/783/713 714/778/714 784/852/784
f 786/781/786 715/780/715 789/857/789
f 716/782/716 787/855/787 790/858/790 718/784/718
f 789/857/789 715/780/715 717/705/717 791/785/791
f 718/784/718 790/858/790 793/859/793
f 794/860/794 792/861/792 791/785/791 719/707/719
f 720/786/720 718/784/718 793/859/793 795/862/795
f 719/707/719 721/787/721 794/860/794
f 721/787/721 722/712/722 796/863/796 794/860/794
f 722/712/722 724/789/724 797/864/797 796/863/796
f 723/788/723 720/786/720 795/862/795 799/865/799
f 724/789/724 725/790/725 798/866/798 797/864/797
f 725/790/725 726/792/726 800/867/800 798/866/798
f 727/791/727 723/788/723 799/865/799 801/868/801
f 802/869/802 800/867/800 726/792/726 728/793/728
f 729/794/729 727/791/727 801/868/801 803/870/803
f 804/871/804 802/869/802 728/793/728 730/795/730
f 729/794/729 803/870/803 805/872/805 731/796/731
f 732/797/732 806/873/806 804/871/804 730/795/730
f 731/796/731 805/872/805 807/874/807 733/798/733
f 734/799/734 808/875/808 806/873/806 732/797/732
f 733/798/733 807/874/807 809/876/809 735/800/735
f 808/875/808 734/799/734 736/801/736 810/877/810
f 737/802/737 735/800/735 809/876/809 811/878/811
f 736/801/736 738/803/738 812/879/812 810/877/810
f 739/804/739 737/802/737 811/878/811 813/880/813
f 738/803/738 740/805/740 814/881/814 812/879/812
f 741/806/741 739/804/739 813/880/813 815/882/815
f 814/881/814 740/805/740 742/807/742 816/883/816
f 741/806/741 815/882/815 817/884/817 743/808/743
f 816/883/816 742/807/742 744/809/744 818/885/818
f 819/886/819 745/810/745 743/808/743 817/884/817
f 818/885/818 744/809/744 746/811/746 820/887/820
f 745/810/745 819/886/819 821/888/821 747/812/747
f 746/811/746 748/813/748 822/889/822 820/887/820
f 747/812/747 821/888/821 823/890/823 749/814/749
f 748/813/748 750/815/750 824/891/824 822/889/822
f 825/892/825 751/816/751 749/814/749 823/890/823
f 750/815/750 755/819/755 829/893/829 824/891/824
f 756/820/756 751/816/751 825/892/825 830/894/830
f 752/822/752 757/821/757 831/895/831 832/896/832
f 826/897/826 753/823/753 752/822/752 832/896/832
f 826/898/826 827/899/827 754/818/754 753/817/753
f 827/899/827 828/900/828 755/819/755 754/818/754
f 829/893/829 755/819/755 828/900/828
f 758/824/758 756/820/756 830/894/830 833/901/833
f 759/825/759 834/902/834 831/895/831 757/821/757
f 835/903/835 760/826/760 758/824/758 833/901/833
f 769/827/769 839/904/839 834/902/834 759/825/759
f 840/905/840 760/828/760 835/906/835
f 761/829/761 760/828/760 840/905/840 841/907/841
f 762/830/762 761/829/761 841/907/841 842/908/842
f 763/831/763 762/830/762 842/908/842 843/909/843
f 770/832/770 763/831/763 843/909/843 844/910/844
f 764/834/764 773/833/773 846/911/846 847/912/847
f 765/835/765 764/834/764 847/912/847 848/913/848
f 836/914/836 766/836/766 765/835/765 848/913/848
f 836/914/836 837/915/837 767/837/767 766/836/766
f 837/915/837 838/916/838 768/838/768 767/837/767
f 838/916/838 839/904/839 769/827/769 768/838/768
f 844/910/844 845/917/845 771/839/771 770/832/770
f 771/839/771 845/917/845 849/918/849 774/840/774
f 772/842/772 778/841/778 850/919/850 851/920/851
f 846/921/846 773/843/773 772/842/772 851/920/851
f 775/844/775 774/840/774 849/918/849 852/922/852
f 776/845/776 775/844/775 852/922/852 853/923/853
f 777/846/777 776/845/776 853/923/853 854/924/854
f 850/919/850 778/841/778 777/846/777 854/924/854
f 855/925/855 781/848/781 779/849/779 856/926/856
f 857/927/857 785/853/785 780/854/780 858/928/858
f 858/929/858 780/847/780 781/848/781 855/925/855
f 782/850/782 859/930/859 856/926/856 779/849/779
f 860/931/860 859/930/859 782/850/782 783/851/783
f 861/932/861 784/852/784 785/853/785 857/927/857
f 786/781/786 862/933/862 860/931/860 783/851/783
f 786/781/786 863/934/863 862/933/862
f 865/935/865 864/936/864 787/855/787 788/856/788
f 865/935/865 788/856/788 784/852/784 861/932/861
f 786/781/786 789/857/789 866/937/866 863/934/863
f 867/938/867 863/934/863 866/937/866
f 868/939/868 790/858/790 787/855/787 864/936/864
f 789/857/789 791/785/791 866/937/866
f 791/785/791 792/861/792 867/938/867 866/937/866
f 792/861/792 869/940/869 948/941/948 867/938/867
f 793/859/793 790/858/790 868/939/868 870/942/870
f 792/861/792 794/860/794 871/943/871 869/940/869
f 872/944/872 951/945/951 869/940/869 871/943/871
f 795/862/795 793/859/793 870/942/870 874/946/874
f 794/860/794 796/863/796 871/943/871
f 796/863/796 797/864/797 872/944/872 871/943/871
f 797/864/797 798/866/798 873/947/873 872/944/872
f 798/866/798 800/867/800 875/948/875 873/947/873
f 799/865/799 795/862/795 874/946/874 876/949/876
f 875/948/875 800/867/800 877/950/877
f 801/868/801 799/865/799 876/949/876 878/951/878
f 877/950/877 800/867/800 802/869/802 879/952/879
f 801/868/801 878/951/878 880/953/880 803/870/803
f 802/869/802 804/871/804 881/954/881 879/952/879
f 805/872/805 803/870/803 880/953/880 882/955/882
f 806/873/806 883/956/883 881/954/881 804/871/804
f 807/874/807 805/872/805 882/955/882 884/957/884
f 808/875/808 885/958/885 883/956/883 806/873/806
f 808/875/808 810/877/810 886/959/886 885/958/885
f 807/874/807 884/957/884 887/960/887 809/876/809
f 886/959/886 810/877/810 888/961/888
f 889/962/889 811/878/811 809/876/809 887/960/887
f 888/961/888 810/877/810 812/879/812 890/963/890
f 811/878/811 889/962/889 891/964/891 813/880/813
f 812/879/812 814/881/814 892/965/892 890/963/890
f 813/880/813 891/964/891 893/966/893 815/882/815
f 814/881/814 816/883/816 894/967/894 892/965/892
f 815/882/815 893/966/893 895/968/895 817/884/817
f 816/883/816 818/885/818 896/969/896 894/967/894
f 817/884/817 895/968/895 897/970/897 819/886/819
f 896/969/896 818/885/818 820/887/820 898/971/898
f 819/886/819 897/970/897 899/972/899 821/888/821
f 898/971/898 820/887/820 822/889/822 900/973/900
f 823/890/823 821/888/821 899/972/899 901/974/901
f 822/889/822 824/891/824 902/975/902 900/973/900
f 825/892/825 823/890/823 901/974/901 903/976/903
f 824/891/824 829/893/829 904/977/904 902/975/902
f 905/978/905 830/894/830 825/892/825 903/976/903
f 826/897/826 832/896/832 906/979/906 907/980/907
f 827/899/827 826/898/826 907/981/907 908/982/908
f 828/900/828 827/899/827 908/982/908 909/983/909
f 829/893/829 828/900/828 909/983/909 910/984/910
f 829/893/829 910/984/910 989/985/989 904/977/904
f 830/894/830 905/978/905 911/986/911 833/901/833
f 831/895/831 834/902/834 912/987/912 913/988/913
f 906/979/906 832/896/832 831/895/831 913/988/913
f 914/989/914 835/903/835 833/901/833 911/986/911
f 839/904/839 917/990/917 912/987/912 834/902/834
f 840/905/840 835/906/835 914/991/914 918/992/918
f 836/914/836 848/913/848 925/993/925 926/994/926
f 915/995/915 837/915/837 836/914/836 926/994/926
f 915/995/915 916/996/916 838/916/838 837/915/837
f 916/996/916 917/990/917 839/904/839 838/916/838
f 840/905/840 918/992/918 919/997/919
f 919/997/919 920/998/920 841/907/841 840/905/840
f 920/998/920 921/999/921 842/908/842 841/907/841
f 921/999/921 922/1000/922 843/909/843 842/908/842
f 922/1000/922 923/1001/923 844/910/844 843/909/843
f 845/917/845 844/910/844 923/1001/923 927/1002/927
f 849/918/849 845/917/845 927/1002/927 928/1003/928
f 846/921/846 851/920/851 929/1004/929 930/1005/930
f 924/1006/924 847/912/847 846/911/846 930/1007/930
f 924/1006/924 925/993/925 848/913/848 847/912/847
f 849/918/849 928/1003/928 931/1008/931 852/922/852
f 850/919/850 854/924/854 934/1009/934 932/1010/932
f 929/1004/929 851/920/851 850/919/850 932/1010/932
f 853/923/853 852/922/852 931/1008/931 933/1011/933
f 854/924/854 853/923/853 933/1011/933 934/1009/934
f 935/1012/935 1021/1013/1021 937/1014/937 938/1015/938
f 936/1016/936 935/1017/935 938/1018/938 855/925/855
f 855/925/855 856/926/856 939/1019/939 936/1016/936
f 856/926/856 859/930/859 940/1020/940 939/1019/939
f 857/927/857 937/1014/937 941/1021/941 861/932/861
f 857/927/857 858/928/858 938/1015/938 937/1014/937
f 858/929/858 855/925/855 938/1018/938
f 859/930/859 860/931/860 942/1022/942 940/1020/940
f 861/932/861 941/1021/941 943/1023/943 865/935/865
f 862/933/862 944/1024/944 942/1022/942 860/931/860
f 945/1025/945 944/1024/944 862/933/862 863/934/863
f 946/1026/946 864/936/864 865/935/865 943/1023/943
f 867/938/867 947/1027/947 945/1025/945 863/934/863
f 867/938/867 948/941/948 947/1027/947
f 950/1028/950 868/939/868 864/936/864 946/1026/946
f 951/945/951 949/1029/949 948/941/948 869/940/869
f 952/1030/952 949/1029/949 951/945/951
f 953/1031/953 870/942/870 868/939/868 950/1028/950
f 872/944/872 873/947/873 952/1030/952 951/945/951
f 873/947/873 875/948/875 954/1032/954 952/1030/952
f 955/1033/955 874/946/874 870/942/870 953/1031/953
f 954/1032/954 875/948/875 956/1034/956
f 957/1035/957 876/949/876 958/1036/958
f 958/1036/958 876/949/876 874/946/874 955/1033/955
f 956/1034/956 875/948/875 877/950/877 959/1037/959
f 878/951/878 876/949/876 957/1035/957 960/1038/960
f 879/952/879 961/1039/961 959/1037/959 877/950/877
f 880/953/880 878/951/878 960/1038/960 962/1040/962
f 961/1039/961 879/952/879 881/954/881 963/1041/963
f 882/955/882 880/953/880 962/1040/962 964/1042/964
f 881/954/881 883/956/883 965/1043/965 963/1041/963
f 882/955/882 964/1042/964 966/1044/966 884/957/884
f 885/958/885 967/1045/967 965/1043/965 883/956/883
f 968/1046/968 967/1045/967 885/958/885 886/959/886
f 887/960/887 884/957/884 966/1044/966 969/1047/969
f 968/1046/968 886/959/886 888/961/888 970/1048/970
f 889/962/889 887/960/887 969/1047/969 971/1049/971
f 888/961/888 890/963/890 972/1050/972 970/1048/970
f 891/964/891 889/962/889 971/1049/971 973/1051/973
f 890/963/890 892/965/892 974/1052/974 972/1050/972
f 975/1053/975 893/966/893 891/964/891 973/1051/973
f 974/1052/974 892/965/892 894/967/894 976/1054/976
f 893/966/893 975/1053/975 977/1055/977 895/968/895
f 894/967/894 896/969/896 978/1056/978 976/1054/976
f 897/970/897 895/968/895 977/1055/977 979/1057/979
f 896/969/896 898/971/898 980/1058/980 978/1056/978
f 899/972/899 897/970/897 979/1057/979 981/1059/981
f 898/971/898 900/973/900 982/1060/982 980/1058/980
f 983/1061/983 901/974/901 899/972/899 981/1059/981
f 900/973/900 902/975/902 984/1062/984 982/1060/982
f 903/976/903 901/974/901 983/1061/983 985/1063/985
f 902/975/902 904/977/904 986/1064/986 984/1062/984
f 905/978/905 903/976/903 985/1063/985 987/1065/987
f 904/977/904 989/985/989 1071/1066/1071 986/1064/986
f 911/986/911 905/978/905 987/1065/987 990/1067/990
f 906/979/906 913/988/913 992/1068/992 993/1069/993
f 907/980/907 906/979/906 993/1069/993 994/1070/994
f 988/1071/988 908/982/908 907/981/907 994/1072/994
f 909/983/909 908/982/908 988/1071/988 995/1073/995
f 910/984/910 909/983/909 995/1073/995 996/1074/996
f 910/984/910 996/1074/996 1078/1075/1078 989/985/989
f 914/989/914 911/986/911 990/1067/990 997/1076/997
f 917/990/917 1000/1077/1000 991/1078/991 912/987/912
f 991/1078/991 992/1068/992 913/988/913 912/987/912
f 918/992/918 914/991/914 997/1079/997 1001/1080/1001
f 926/994/926 1002/1081/1002 998/1082/998 915/995/915
f 998/1082/998 999/1083/999 916/996/916 915/995/915
f 999/1083/999 1000/1077/1000 917/990/917 916/996/916
f 918/992/918 1001/1080/1001 1087/1084/1087 1003/1085/1003
f 919/997/919 918/992/918 1003/1085/1003 1004/1086/1004
f 920/998/920 919/997/919 1004/1086/1004 1005/1087/1005
f 921/999/921 920/998/920 1005/1087/1005 1006/1088/1006
f 922/1000/922 921/999/921 1006/1088/1006 1007/1089/1007
f 923/1001/923 922/1000/922 1007/1089/1007 1008/1090/1008
f 927/1002/927 923/1001/923 1008/1090/1008 1009/1091/1009
f 924/1006/924 930/1007/930 1010/1092/1010 1011/1093/1011
f 925/993/925 924/1006/924 1011/1093/1011 1012/1094/1012
f 1002/1081/1002 926/994/926 925/993/925 1012/1094/1012
f 928/1003/928 927/1002/927 1009/1091/1009 1013/1095/1013
f 931/1008/931 928/1003/928 1013/1095/1013 1014/1096/1014
f 929/1004/929 932/1010/932 1018/1097/1018 1015/1098/1015
f 1010/1099/1010 930/1005/930 929/1004/929 1015/1098/1015
f 931/1008/931 1014/1096/1014 1016/1100/1016 933/1011/933
f 932/1010/932 934/1009/934 1017/1101/1017 1018/1097/1018
f 1016/1100/1016 1017/1101/1017 934/1009/934 933/1011/933
f 935/1012/935 1019/1102/1019 1104/1103/1104 1021/1013/1021
f 935/1017/935 936/1016/936 1020/1104/1020 1019/1105/1019
f 936/1016/936 939/1019/939 1022/1106/1022 1020/1104/1020
f 937/1014/937 1021/1013/1021 1023/1107/1023 941/1021/941
f 939/1019/939 940/1020/940 1024/1108/1024 1022/1106/1022
f 941/1021/941 1023/1107/1023 1025/1109/1025 943/1023/943
f 942/1022/942 1026/1110/1026 1024/1108/1024 940/1020/940
f 943/1023/943 1025/1109/1025 1027/1111/1027 946/1026/946
f 944/1024/944 1028/1112/1028 1026/1110/1026 942/1022/942
f 1029/1113/1029 1028/1112/1028 944/1024/944 945/1025/945
f 946/1026/946 1027/1111/1027 1030/1114/1030 950/1028/950
f 947/1027/947 1031/1115/1031 1029/1113/1029 945/1025/945
f 1032/1116/1032 1031/1115/1031 947/1027/947 948/941/948
f 1033/1117/1033 1032/1116/1032 948/941/948 949/1029/949
f 950/1028/950 1030/1114/1030 1034/1118/1034
f 952/1030/952 1035/1119/1035 1033/1117/1033 949/1029/949
f 952/1030/952 954/1032/954 1036/1120/1036 1035/1119/1035
f 1037/1121/1037 953/1031/953 950/1028/950 1034/1118/1034
f 1036/1120/1036 954/1032/954 1038/1122/1038
f 1039/1123/1039 958/1036/958 955/1033/955 1040/1124/1040
f 1040/1124/1040 955/1033/955 953/1031/953 1037/1121/1037
f 1038/1122/1038 954/1032/954 956/1034/956 1041/1125/1041
f 1042/1126/1042 957/1035/957 958/1036/958 1039/1123/1039
f 956/1034/956 959/1037/959 1043/1127/1043 1041/1125/1041
f 957/1035/957 1042/1126/1042 1044/1128/1044 960/1038/960
f 959/1037/959 961/1039/961 1045/1129/1045 1043/1127/1043
f 960/1038/960 1044/1128/1044 1046/1130/1046 962/1040/962
f 963/1041/963 1047/1131/1047 1045/1129/1045 961/1039/961
f 962/1040/962 1046/1130/1046 1048/1132/1048 964/1042/964
f 1047/1131/1047 963/1041/963 965/1043/965 1049/1133/1049
f 966/1044/966 964/1042/964 1048/1132/1048 1050/1134/1050
f 965/1043/965 967/1045/967 1049/1133/1049
f 967/1045/967 968/1046/968 1051/1135/1051 1049/1133/1049
f 969/1047/969 966/1044/966 1050/1134/1050 1052/1136/1052
f 970/1048/970 1053/1137/1053 1051/1135/1051 968/1046/968
f 971/1049/971 969/1047/969 1052/1136/1052 1054/1138/1054
f 1053/1137/1053 970/1048/970 972/1050/972 1055/1139/1055
f 973/1051/973 971/1049/971 1054/1138/1054 1056/1140/1056
f 972/1050/972 974/1052/974 1057/1141/1057 1055/1139/1055
f 1058/1142/1058 975/1053/975 973/1051/973 1056/1140/1056
f 974/1052/974 976/1054/976 1059/1143/1059 1057/1141/1057
f 977/1055/977 975/1053/975 1058/1142/1058 1060/1144/1060
f 976/1054/976 978/1056/978 1061/1145/1061 1059/1143/1059
f 979/1057/979 977/1055/977 1060/1144/1060 1062/1146/1062
f 978/1056/978 980/1058/980 1063/1147/1063 1061/1145/1061
f 981/1059/981 979/1057/979 1062/1146/1062 1064/1148/1064
f 980/1058/980 982/1060/982 1065/1149/1065 1063/1147/1063
f 983/1061/983 981/1059/981 1064/1148/1064 1066/1150/1066
f 982/1060/982 984/1062/984 1067/1151/1067 1065/1149/1065
f 1068/1152/1068 985/1063/985 983/1061/983 1066/1150/1066
f 984/1062/984 986/1064/986 1069/1153/1069 1067/1151/1067
f 987/1065/987 985/1063/985 1068/1152/1068 1070/1154/1070
f 986/1064/986 1071/1066/1071 1069/1153/1069
f 990/1067/990 987/1065/987 1070/1154/1070 1072/1155/1072
f 988/1071/988 994/1072/994 1077/1156/1077 995/1073/995
f 989/985/989 1078/1075/1078 1161/1157/1161 1071/1066/1071
f 997/1076/997 990/1067/990 1072/1155/1072 1079/1158/1079
f 1000/1077/1000 1082/1159/1082 1073/1160/1073 991/1078/991
f 1073/1160/1073 1074/1161/1074 992/1068/992 991/1078/991
f 1074/1161/1074 1075/1162/1075 993/1069/993 992/1068/992
f 1075/1162/1075 1076/1163/1076 994/1070/994 993/1069/993
f 1077/1156/1077 994/1072/994 1076/1164/1076
f 995/1073/995 1077/1156/1077 1170/1165/1170 1083/1166/1083
f 996/1074/996 995/1073/995 1083/1166/1083 1084/1167/1084
f 996/1074/996 1084/1167/1084 1173/1168/1173 1078/1075/1078
f 1001/1080/1001 997/1079/997 1079/1169/1079 1085/1170/1085
f 1002/1081/1002 1086/1171/1086 1080/1172/1080 998/1082/998
f 1080/1172/1080 1081/1173/1081 999/1083/999 998/1082/998
f 1081/1173/1081 1082/1159/1082 1000/1077/1000 999/1083/999
f 1001/1080/1001 1085/1170/1085 1087/1084/1087
f 1012/1094/1012 1093/1174/1093 1086/1171/1086 1002/1081/1002
f 1003/1085/1003 1087/1084/1087 1184/1175/1184 1094/1176/1094
f 1004/1086/1004 1003/1085/1003 1094/1176/1094 1095/1177/1095
f 1005/1087/1005 1004/1086/1004 1095/1177/1095 1096/1178/1096
f 1088/1179/1088 1006/1088/1006 1005/1087/1005 1096/1178/1096
f 1088/1179/1088 1089/1180/1089 1007/1089/1007 1006/1088/1006
f 1089/1180/1089 1090/1181/1090 1008/1090/1008 1007/1089/1007
f 1009/1091/1009 1008/1090/1008 1090/1181/1090 1097/1182/1097
f 1013/1095/1013 1009/1091/1009 1097/1182/1097 1098/1183/1098
f 1015/1098/1015 1100/1184/1100 1091/1185/1091 1010/1099/1010
f 1091/1186/1091 1092/1187/1092 1011/1093/1011 1010/1092/1010
f 1092/1187/1092 1093/1174/1093 1012/1094/1012 1011/1093/1011
f 1098/1183/1098 1099/1188/1099 1014/1096/1014 1013/1095/1013
f 1014/1096/1014 1099/1188/1099 1101/1189/1101 1016/1100/1016
f 1018/1097/1018 1103/1190/1103 1100/1184/1100 1015/1098/1015
f 1101/1189/1101 1102/1191/1102 1017/1101/1017 1016/1100/1016
f 1102/1191/1102 1103/1190/1103 1018/1097/1018 1017/1101/1017
f 1104/1103/1104 1019/1102/1019 1105/1192/1105
f 1106/1193/1106 1105/1194/1105 1019/1105/1019 1020/1104/1020
f 1021/1013/1021 1104/1103/1104 1107/1195/1107 1023/1107/1023
f 1022/1106/1022 1108/1196/1108 1106/1193/1106 1020/1104/1020
f 1022/1106/1022 1024/1108/1024 1109/1197/1109 1108/1196/1108
f 1023/1107/1023 1107/1195/1107 1110/1198/1110 1025/1109/1025
f 1024/1108/1024 1026/1110/1026 1111/1199/1111 1109/1197/1109
f 1025/1109/1025 1110/1198/1110 1112/1200/1112 1027/1111/1027
f 1026/1110/1026 1028/1112/1028 1113/1201/1113 1111/1199/1111
f 1027/1111/1027 1112/1200/1112 1114/1202/1114
f 1028/1112/1028 1029/1113/1029 1115/1203/1115 1113/1201/1113
f 1029/1113/1029 1031/1115/1031 1116/1204/1116 1115/1203/1115
f 1118/1205/1118 1030/1114/1030 1027/1111/1027 1114/1202/1114
f 1031/1115/1031 1032/1116/1032 1117/1206/1117 1116/1204/1116
f 1032/1116/1032 1033/1117/1033 1119/1207/1119 1117/1206/1117
f 1030/1114/1030 1118/1205/1118 1120/1208/1120 1034/1118/1034
f 1035/1119/1035 1121/1209/1121 1119/1207/1119 1033/1117/1033
f 1122/1210/1122 1121/1209/1121 1035/1119/1035 1036/1120/1036
f 1123/1211/1123 1037/1121/1037 1034/1118/1034 1120/1208/1120
f 1122/1210/1122 1036/1120/1036 1038/1122/1038 1124/1212/1124
f 1126/1213/1126 1125/1214/1125 1039/1123/1039 1040/1124/1040
f 1126/1213/1126 1040/1124/1040 1037/1121/1037 1123/1211/1123
f 1038/1122/1038 1041/1125/1041 1127/1215/1127 1124/1212/1124
f 1128/1216/1128 1042/1126/1042 1039/1123/1039 1125/1214/1125
f 1041/1125/1041 1043/1127/1043 1129/1217/1129 1127/1215/1127
f 1044/1128/1044 1042/1126/1042 1128/1216/1128 1130/1218/1130
f 1043/1127/1043 1045/1129/1045 1131/1219/1131 1129/1217/1129
f 1046/1130/1046 1044/1128/1044 1130/1218/1130 1132/1220/1132
f 1045/1129/1045 1047/1131/1047 1133/1221/1133 1131/1219/1131
f 1048/1132/1048 1046/1130/1046 1132/1220/1132 1134/1222/1134
f 1047/1131/1047 1049/1133/1049 1135/1223/1135 1133/1221/1133
f 1050/1134/1050 1048/1132/1048 1134/1222/1134 1136/1224/1136
f 1049/1133/1049 1051/1135/1051 1137/1225/1137 1135/1223/1135
f 1052/1136/1052 1050/1134/1050 1136/1224/1136 1138/1226/1138
f 1051/1135/1051 1053/1137/1053 1139/1227/1139 1137/1225/1137
f 1054/1138/1054 1052/1136/1052 1138/1226/1138 1140/1228/1140
f 1053/1137/1053 1055/1139/1055 1141/1229/1141 1139/1227/1139
f 1056/1140/1056 1054/1138/1054 1140/1228/1140 1142/1230/1142
f 1055/1139/1055 1057/1141/1057 1143/1231/1143 1141/1229/1141
f 1058/1142/1058 1056/1140/1056 1142/1230/1142 1144/1232/1144
f 1057/1141/1057 1059/1143/1059 1145/1233/1145 1143/1231/1143
f 1060/1144/1060 1058/1142/1058 1144/1232/1144 1146/1234/1146
f 1059/1143/1059 1061/1145/1061 1147/1235/1147 1145/1233/1145
f 1062/1146/1062 1060/1144/1060 1146/1234/1146 1148/1236/1148
f 1061/1145/1061 1063/1147/1063 1149/1237/1149 1147/1235/1147
f 1064/1148/1064 1062/1146/1062 1148/1236/1148 1150/1238/1150
f 1063/1147/1063 1065/1149/1065 1151/1239/1151 1149/1237/1149
f 1066/1150/1066 1064/1148/1064 1150/1238/1150 1152/1240/1152
f 1065/1149/1065 1067/1151/1067 1153/1241/1153 1151/1239/1151
f 1068/1152/1068 1066/1150/1066 1152/1240/1152 1154/1242/1154
f 1067/1151/1067 1069/1153/1069 1155/1243/1155
f 1155/1243/1155 1156/1244/1156 1153/1241/1153 1067/1151/1067
f 1157/1245/1157 1070/1154/1070 1068/1152/1068 1154/1242/1154
f 1069/1153/1069 1071/1066/1071 1158/1246/1158 1155/1243/1155
f 1156/1244/1156 1155/1243/1155 1158/1246/1158 1159/1247/1159
f 1160/1248/1160 1072/1155/1072 1070/1154/1070 1157/1245/1157
f 1071/1066/1071 1161/1157/1161 1254/1249/1254 1158/1246/1158
f 1072/1155/1072 1160/1248/1160 1162/1250/1162 1079/1158/1079
f 1073/1160/1073 1082/1159/1082 1165/1251/1165 1166/1252/1166
f 1074/1161/1074 1073/1160/1073 1166/1252/1166 1167/1253/1167
f 1075/1162/1075 1074/1161/1074 1167/1253/1167 1168/1254/1168
f 1076/1163/1076 1075/1162/1075 1168/1254/1168 1169/1255/1169
f 1077/1156/1077 1076/1164/1076 1169/1256/1169 1170/1165/1170
f 1078/1075/1078 1173/1168/1173 1161/1157/1161
f 1079/1169/1079 1162/1257/1162 1174/1258/1174 1085/1170/1085
f 1086/1171/1086 1178/1259/1178 1163/1260/1163 1080/1172/1080
f 1163/1260/1163 1164/1261/1164 1081/1173/1081 1080/1172/1080
f 1164/1261/1164 1165/1251/1165 1082/1159/1082 1081/1173/1081
f 1083/1166/1083 1170/1165/1170 1171/1262/1171
f 1171/1262/1171 1172/1263/1172 1084/1167/1084 1083/1166/1083
f 1173/1168/1173 1084/1167/1084 1172/1263/1172
f 1085/1170/1085 1174/1258/1174 1179/1264/1179 1087/1084/1087
f 1183/1265/1183 1175/1266/1175 1091/1185/1091 1100/1184/1100
f 1175/1267/1175 1176/1268/1176 1092/1187/1092 1091/1186/1091
f 1176/1268/1176 1177/1269/1177 1093/1174/1093 1092/1187/1092
f 1177/1269/1177 1178/1259/1178 1086/1171/1086 1093/1174/1093
f 1184/1175/1184 1087/1084/1087 1179/1264/1179
f 1088/1179/1088 1096/1178/1096 1187/1270/1187 1188/1271/1188
f 1089/1180/1089 1088/1179/1088 1188/1271/1188 1189/1272/1189
f 1180/1273/1180 1090/1181/1090 1089/1180/1089 1189/1272/1189
f 1090/1181/1090 1180/1273/1180 1181/1274/1181 1097/1182/1097
f 1181/1274/1181 1182/1275/1182 1098/1183/1098 1097/1182/1097
f 1098/1183/1098 1182/1275/1182 1190/1276/1190 1099/1188/1099
f 1193/1277/1193 1183/1265/1183 1100/1184/1100 1103/1190/1103
f 1094/1176/1094 1184/1175/1184 1185/1278/1185
f 1185/1278/1185 1186/1279/1186 1095/1177/1095 1094/1176/1094
f 1186/1279/1186 1187/1270/1187 1096/1178/1096 1095/1177/1095
f 1099/1188/1099 1190/1276/1190 1191/1280/1191 1101/1189/1101
f 1191/1280/1191 1192/1281/1192 1102/1191/1102 1101/1189/1101
f 1192/1281/1192 1193/1277/1193 1103/1190/1103 1102/1191/1102
f 1194/1282/1194 1107/1195/1107 1104/1103/1104 1195/1283/1195
f 1196/1284/1196 1195/1283/1195 1104/1103/1104 1105/1192/1105
f 1197/1285/1197 1196/1286/1196 1105/1194/1105 1106/1193/1106
f 1106/1193/1106 1108/1196/1108 1198/1287/1198 1197/1285/1197
f 1107/1195/1107 1194/1282/1194 1199/1288/1199 1110/1198/1110
f 1108/1196/1108 1109/1197/1109 1200/1289/1200 1198/1287/1198
f 1110/1198/1110 1199/1288/1199 1201/1290/1201 1112/1200/1112
f 1111/1199/1111 1202/1291/1202 1200/1289/1200 1109/1197/1109
f 1111/1199/1111 1113/1201/1113 1203/1292/1203 1202/1291/1202
f 1112/1200/1112 1201/1290/1201 1204/1293/1204
f 1113/1201/1113 1115/1203/1115 1205/1294/1205 1203/1292/1203
f 1114/1202/1114 1112/1200/1112 1204/1293/1204 1206/1295/1206
f 1115/1203/1115 1116/1204/1116 1207/1296/1207 1205/1294/1205
f 1208/1297/1208 1207/1296/1207 1116/1204/1116 1117/1206/1117
f 1117/1206/1117 1119/1207/1119 1209/1298/1209 1208/1297/1208
f 1118/1205/1118 1114/1202/1114 1206/1295/1206 1210/1299/1210
f 1119/1207/1119 1121/1209/1121 1211/1300/1211 1209/1298/1209
f 1120/1208/1120 1118/1205/1118 1210/1299/1210 1212/1301/1212
f 1121/1209/1121 1122/1210/1122 1213/1302/1213 1211/1300/1211
f 1122/1210/1122 1124/1212/1124 1214/1303/1214 1213/1302/1213
f 1123/1211/1123 1120/1208/1120 1212/1301/1212 1216/1304/1216
f 1217/1305/1217 1215/1306/1215 1214/1303/1214 1124/1212/1124
f 1218/1307/1218 1125/1214/1125 1126/1213/1126 1216/1304/1216
f 1126/1213/1126 1123/1211/1123 1216/1304/1216
f 1124/1212/1124 1127/1215/1127 1219/1308/1219 1217/1305/1217
f 1220/1309/1220 1130/1218/1130 1128/1216/1128 1221/1310/1221
f 1221/1310/1221 1128/1216/1128 1125/1214/1125 1218/1307/1218
f 1219/1308/1219 1127/1215/1127 1129/1217/1129 1222/1311/1222
f 1130/1218/1130 1220/1309/1220 1223/1312/1223
f 1129/1217/1129 1131/1219/1131 1224/1313/1224 1222/1311/1222
f 1132/1220/1132 1130/1218/1130 1223/1312/1223 1225/1314/1225
f 1131/1219/1131 1133/1221/1133 1226/1315/1226 1224/1313/1224
f 1134/1222/1134 1132/1220/1132 1225/1314/1225 1227/1316/1227
f 1133/1221/1133 1135/1223/1135 1228/1317/1228 1226/1315/1226
f 1136/1224/1136 1134/1222/1134 1227/1316/1227 1229/1318/1229
f 1137/1225/1137 1230/1319/1230 1228/1317/1228 1135/1223/1135
f 1137/1225/1137 1139/1227/1139 1231/1320/1231 1230/1319/1230
f 1138/1226/1138 1136/1224/1136 1229/1318/1229 1232/1321/1232
f 1231/1320/1231 1139/1227/1139 1233/1322/1233
f 1234/1323/1234 1140/1228/1140 1138/1226/1138 1232/1321/1232
f 1233/1322/1233 1139/1227/1139 1141/1229/1141 1235/1324/1235
f 1140/1228/1140 1234/1323/1234 1236/1325/1236 1142/1230/1142
f 1235/1324/1235 1141/1229/1141 1143/1231/1143 1237/1326/1237
f 1142/1230/1142 1236/1325/1236 1238/1327/1238 1144/1232/1144
f 1237/1326/1237 1143/1231/1143 1145/1233/1145 1239/1328/1239
f 1146/1234/1146 1144/1232/1144 1238/1327/1238 1240/1329/1240
f 1239/1328/1239 1145/1233/1145 1147/1235/1147 1241/1330/1241
f 1148/1236/1148 1146/1234/1146 1240/1329/1240 1242/1331/1242
f 1241/1330/1241 1147/1235/1147 1149/1237/1149 1243/1332/1243
f 1150/1238/1150 1148/1236/1148 1242/1331/1242 1244/1333/1244
f 1149/1237/1149 1151/1239/1151 1245/1334/1245 1243/1332/1243
f 1152/1240/1152 1150/1238/1150 1244/1333/1244 1246/1335/1246
f 1151/1239/1151 1153/1241/1153 1247/1336/1247 1245/1334/1245
f 1152/1240/1152 1246/1335/1246 1248/1337/1248 1154/1242/1154
f 1153/1241/1153 1156/1244/1156 1249/1338/1249 1247/1336/1247
f 1250/1339/1250 1157/1245/1157 1154/1242/1154 1248/1337/1248
f 1156/1244/1156 1159/1247/1159 1251/1340/1251 1249/1338/1249
f 1252/1341/1252 1160/1248/1160 1157/1245/1157 1250/1339/1250
f 1159/1247/1159 1158/1246/1158 1254/1249/1254 1255/1342/1255
f 1159/1247/1159 1255/1342/1255 1251/1340/1251
f 1160/1248/1160 1252/1341/1252 1256/1343/1256 1162/1250/1162
f 1173/1168/1173 1266/1344/1266 1253/1345/1253 1161/1157/1161
f 1254/1249/1254 1161/1157/1161 1253/1345/1253
f 1162/1257/1162 1256/1346/1256 1267/1347/1267 1174/1258/1174
f 1163/1260/1163 1178/1259/1178 1272/1348/1272 1273/1349/1273
f 1257/1350/1257 1164/1261/1164 1163/1260/1163 1273/1349/1273
f 1257/1350/1257 1258/1351/1258 1165/1251/1165 1164/1261/1164
f 1258/1351/1258 1259/1352/1259 1166/1252/1166 1165/1251/1165
f 1259/1352/1259 1260/1353/1260 1167/1253/1167 1166/1252/1166
f 1260/1353/1260 1261/1354/1261 1168/1254/1168 1167/1253/1167
f 1261/1354/1261 1262/1355/1262 1169/1255/1169 1168/1254/1168
f 1262/1356/1262 1263/1357/1263 1170/1165/1170 1169/1256/1169
f 1263/1357/1263 1264/1358/1264 1171/1262/1171 1170/1165/1170
f 1264/1358/1264 1265/1359/1265 1172/1263/1172 1171/1262/1171
f 1265/1359/1265 1266/1344/1266 1173/1168/1173 1172/1263/1172
f 1174/1258/1174 1267/1347/1267 1274/1360/1274 1179/1264/1179
f 1282/1361/1282 1268/1362/1268 1183/1265/1183 1193/1277/1193
f 1268/1362/1268 1269/1363/1269 1175/1266/1175 1183/1265/1183
f 1269/1364/1269 1270/1365/1270 1176/1268/1176 1175/1267/1175
f 1270/1365/1270 1271/1366/1271 1177/1269/1177 1176/1268/1176
f 1271/1366/1271 1272/1348/1272 1178/1259/1178 1177/1269/1177
f 1179/1264/1179 1274/1360/1274 1283/1367/1283 1184/1175/1184
f 1287/1368/1287 1275/1369/1275 1189/1272/1189 1188/1271/1188
f 1275/1369/1275 1276/1370/1276 1180/1273/1180 1189/1272/1189
f 1276/1370/1276 1277/1371/1277 1181/1274/1181 1180/1273/1180
f 1277/1371/1277 1278/1372/1278 1182/1275/1182 1181/1274/1181
f 1182/1275/1182 1278/1372/1278 1279/1373/1279 1190/1276/1190
f 1279/1373/1279 1280/1374/1280 1191/1280/1191 1190/1276/1190
f 1280/1374/1280 1281/1375/1281 1192/1281/1192 1191/1280/1191
f 1281/1375/1281 1282/1361/1282 1193/1277/1193 1192/1281/1192
f 1283/1367/1283 1284/1376/1284 1185/1278/1185 1184/1175/1184
f 1284/1376/1284 1285/1377/1285 1186/1279/1186 1185/1278/1185
f 1285/1377/1285 1286/1378/1286 1187/1270/1187 1186/1279/1186
f 1286/1378/1286 1287/1368/1287 1188/1271/1188 1187/1270/1187
f 1290/1379/1290 1289/1380/1289 1194/1381/1194 1195/1382/1195
f 1290/1379/1290 1195/1382/1195 1196/1383/1196 1288/1384/1288
f 1196/1385/1196 1197/1386/1197 1291/1387/1291 1288/1388/1288
f 1292/1389/1292 1291/1387/1291 1197/1386/1197 1198/1390/1198
f 1198/1390/1198 1200/1391/1200 1293/1392/1293 1292/1389/1292
f 1294/1393/1294 1199/1394/1199 1194/1381/1194 1289/1380/1289
f 1200/1391/1200 1202/1395/1202 1295/1396/1295 1293/1392/1293
f 1296/1397/1296 1201/1398/1201 1199/1394/1199 1294/1393/1294
f 1202/1395/1202 1203/1399/1203 1297/1400/1297 1295/1396/1295
f 1203/1399/1203 1205/1401/1205 1298/1402/1298 1297/1400/1297
f 1201/1398/1201 1296/1397/1296 1299/1403/1299 1204/1404/1204
f 1205/1401/1205 1207/1405/1207 1300/1406/1300 1298/1402/1298
f 1302/1407/1302 1206/1408/1206 1204/1404/1204 1299/1403/1299
f 1207/1405/1207 1208/1409/1208 1301/1410/1301 1300/1406/1300
f 1208/1409/1208 1209/1411/1209 1303/1412/1303 1301/1410/1301
f 1210/1413/1210 1206/1408/1206 1302/1407/1302 1304/1414/1304
f 1211/1415/1211 1305/1416/1305 1303/1412/1303 1209/1411/1209
f 1211/1415/1211 1213/1417/1213 1306/1418/1306 1305/1416/1305
f 1212/1419/1212 1210/1413/1210 1304/1414/1304 1308/1420/1308
f 1213/1417/1213 1214/1421/1214 1307/1422/1307 1306/1418/1306
f 1214/1421/1214 1215/1423/1215 1309/1424/1309 1307/1422/1307
f 1216/1425/1216 1212/1419/1212 1308/1420/1308 1310/1426/1310
f 1309/1424/1309 1215/1423/1215 1217/1427/1217 1311/1428/1311
f 1218/1429/1218 1216/1425/1216 1310/1426/1310 1312/1430/1312
f 1217/1427/1217 1219/1431/1219 1313/1432/1313 1311/1428/1311
f 1314/1433/1314 1220/1434/1220 1221/1435/1221 1312/1430/1312
f 1221/1435/1221 1218/1429/1218 1312/1430/1312
f 1219/1431/1219 1222/1436/1222 1315/1437/1315 1313/1432/1313
f 1223/1438/1223 1220/1434/1220 1314/1433/1314 1316/1439/1316
f 1315/1437/1315 1222/1436/1222 1224/1440/1224 1317/1441/1317
f 1225/1442/1225 1223/1438/1223 1316/1439/1316 1318/1443/1318
f 1224/1440/1224 1226/1444/1226 1319/1445/1319 1317/1441/1317
f 1225/1442/1225 1318/1443/1318 1320/1446/1320 1227/1447/1227
f 1319/1445/1319 1226/1444/1226 1228/1448/1228 1321/1449/1321
f 1227/1447/1227 1320/1446/1320 1322/1450/1322 1229/1451/1229
f 1228/1448/1228 1230/1452/1230 1321/1449/1321
f 1230/1452/1230 1231/1453/1231 1323/1454/1323 1321/1449/1321
f 1229/1451/1229 1322/1450/1322 1324/1455/1324 1232/1456/1232
f 1323/1454/1323 1231/1453/1231 1233/1457/1233 1325/1458/1325
f 1326/1459/1326 1234/1460/1234 1232/1456/1232 1324/1455/1324
f 1325/1458/1325 1233/1457/1233 1235/1461/1235 1327/1462/1327
f 1234/1460/1234 1326/1459/1326 1328/1463/1328 1236/1464/1236
f 1327/1462/1327 1235/1461/1235 1237/1465/1237 1329/1466/1329
f 1238/1467/1238 1236/1464/1236 1328/1463/1328 1330/1468/1330
f 1329/1466/1329 1237/1465/1237 1239/1469/1239 1331/1470/1331
f 1240/1471/1240 1238/1467/1238 1330/1468/1330 1332/1472/1332
f 1331/1470/1331 1239/1469/1239 1241/1473/1241 1333/1474/1333
f 1240/1471/1240 1332/1472/1332 1334/1475/1334 1242/1476/1242
f 1241/1473/1241 1243/1477/1243 1335/1478/1335 1333/1474/1333
f 1242/1476/1242 1334/1475/1334 1336/1479/1336 1244/1480/1244
f 1335/1478/1335 1243/1477/1243 1245/1481/1245 1337/1482/1337
f 1244/1480/1244 1336/1479/1336 1338/1483/1338 1246/1484/1246
f 1245/1481/1245 1247/1485/1247 1339/1486/1339 1337/1482/1337
f 1246/1484/1246 1338/1483/1338 1340/1487/1340 1248/1488/1248
f 1247/1485/1247 1249/1489/1249 1341/1490/1341 1339/1486/1339
f 1342/1491/1342 1250/1492/1250 1248/1488/1248 1340/1487/1340
f 1341/1490/1341 1249/1489/1249 1251/1493/1251 1343/1494/1343
f 1250/1492/1250 1342/1491/1342 1344/1495/1344 1252/1496/1252
f 1255/1497/1255 1348/1498/1348 1343/1494/1343 1251/1493/1251
f 1256/1499/1256 1252/1496/1252 1344/1495/1344 1349/1500/1349
f 1352/1501/1352 1345/1502/1345 1353/1503/1353 1261/1504/1261
f 1266/1505/1266 1357/1506/1357 1346/1507/1346 1253/1508/1253
f 1346/1507/1346 1347/1509/1347 1254/1510/1254 1253/1508/1253
f 1347/1509/1347 1348/1498/1348 1255/1497/1255 1254/1510/1254
f 1267/1511/1267 1256/1512/1256 1349/1513/1349 1358/1514/1358
f 1257/1515/1257 1273/1516/1273 1366/1517/1366 1367/1518/1367
f 1350/1519/1350 1258/1520/1258 1257/1515/1257 1367/1518/1367
f 1350/1519/1350 1351/1521/1351 1259/1522/1259 1258/1520/1258
f 1351/1521/1351 1352/1501/1352 1260/1523/1260 1259/1522/1259
f 1352/1501/1352 1261/1504/1261 1260/1523/1260
f 1261/1504/1261 1353/1503/1353 1262/1524/1262
f 1353/1525/1353 1354/1526/1354 1263/1527/1263 1262/1528/1262
f 1354/1526/1354 1355/1529/1355 1264/1530/1264 1263/1527/1263
f 1355/1529/1355 1356/1531/1356 1265/1532/1265 1264/1530/1264
f 1356/1531/1356 1357/1506/1357 1266/1505/1266 1265/1532/1265
f 1358/1514/1358 1368/1533/1368 1274/1534/1274 1267/1511/1267
f 1371/1535/1371 1359/1536/1359 1277/1537/1277 1276/1538/1276
f 1359/1536/1359 1360/1539/1360 1278/1540/1278 1277/1537/1277
f 1278/1540/1278 1360/1539/1360 1372/1541/1372 1279/1542/1279
f 1282/1543/1282 1375/1544/1375 1361/1545/1361 1268/1546/1268
f 1361/1545/1361 1362/1547/1362 1269/1548/1269 1268/1546/1268
f 1362/1549/1362 1363/1550/1363 1270/1551/1270 1269/1552/1269
f 1363/1550/1363 1364/1553/1364 1271/1554/1271 1270/1551/1270
f 1364/1553/1364 1365/1555/1365 1272/1556/1272 1271/1554/1271
f 1365/1555/1365 1366/1517/1366 1273/1516/1273 1272/1556/1272
f 1368/1533/1368 1376/1557/1376 1283/1558/1283 1274/1534/1274
f 1378/1559/1378 1369/1560/1369 1287/1561/1287 1286/1562/1286
f 1369/1560/1369 1370/1563/1370 1275/1564/1275 1287/1561/1287
f 1370/1563/1370 1371/1535/1371 1276/1538/1276 1275/1564/1275
f 1372/1541/1372 1373/1565/1373 1280/1566/1280 1279/1542/1279
f 1373/1565/1373 1374/1567/1374 1281/1568/1281 1280/1566/1280
f 1374/1567/1374 1375/1544/1375 1282/1543/1282 1281/1568/1281
f 1283/1558/1283 1376/1557/1376 1284/1569/1284
f 1376/1557/1376 1377/1570/1377 1285/1571/1285 1284/1569/1284
f 1377/1570/1377 1378/1559/1378 1286/1562/1286 1285/1571/1285
f 1379/1572/1379 1290/1379/1290 1288/1384/1288 1380/1573/1380
f 1288/1388/1288 1291/1387/1291 1381/1574/1381 1380/1575/1380
f 1383/1576/1383 1289/1380/1289 1290/1379/1290 1379/1572/1379
f 1291/1387/1291 1292/1389/1292 1382/1577/1382 1381/1574/1381
f 1292/1389/1292 1293/1392/1293 1384/1578/1384 1382/1577/1382
f 1293/1392/1293 1295/1396/1295 1385/1579/1385 1384/1578/1384
f 1387/1580/1387 1294/1393/1294 1289/1380/1289 1383/1576/1383
f 1388/1581/1388 1386/1582/1386 1385/1579/1385 1295/1396/1295
f 1389/1583/1389 1481/1584/1481 1386/1582/1386 1388/1581/1388
f 1294/1393/1294 1387/1580/1387 1390/1585/1390 1296/1397/1296
f 1295/1396/1295 1297/1400/1297 1388/1581/1388
f 1297/1400/1297 1298/1402/1298 1389/1583/1389 1388/1581/1388
f 1298/1402/1298 1300/1406/1300 1391/1586/1391 1389/1583/1389
f 1296/1397/1296 1394/1587/1394 1393/1588/1393 1299/1403/1299
f 1394/1587/1394 1296/1397/1296 1390/1585/1390 1486/1589/1486
f 1300/1406/1300 1301/1410/1301 1392/1590/1392 1391/1586/1391
f 1301/1410/1301 1303/1412/1303 1395/1591/1395 1392/1590/1392
f 1302/1407/1302 1299/1403/1299 1393/1588/1393 1396/1592/1396
f 1303/1412/1303 1305/1416/1305 1397/1593/1397 1395/1591/1395
f 1304/1414/1304 1302/1407/1302 1396/1592/1396 1399/1594/1399
f 1305/1416/1305 1306/1418/1306 1398/1595/1398 1397/1593/1397
f 1306/1418/1306 1307/1422/1307 1400/1596/1400 1398/1595/1398
f 1307/1422/1307 1309/1424/1309 1401/1597/1401 1400/1596/1400
f 1308/1420/1308 1304/1414/1304 1399/1594/1399 1402/1598/1402
f 1309/1424/1309 1311/1428/1311 1403/1599/1403 1401/1597/1401
f 1310/1426/1310 1308/1420/1308 1402/1598/1402 1404/1600/1404
f 1403/1599/1403 1311/1428/1311 1405/1601/1405
f 1406/1602/1406 1314/1433/1314 1312/1430/1312 1407/1603/1407
f 1407/1603/1407 1312/1430/1312 1310/1426/1310 1404/1600/1404
f 1405/1601/1405 1311/1428/1311 1313/1432/1313 1408/1604/1408
f 1314/1433/1314 1406/1602/1406 1409/1605/1409 1316/1439/1316
f 1408/1604/1408 1313/1432/1313 1315/1437/1315 1410/1606/1410
f 1316/1439/1316 1409/1605/1409 1411/1607/1411
f 1315/1437/1315 1317/1441/1317 1412/1608/1412 1410/1606/1410
f 1316/1439/1316 1411/1607/1411 1413/1609/1413 1318/1443/1318
f 1317/1441/1317 1319/1445/1319 1414/1610/1414 1412/1608/1412
f 1318/1443/1318 1413/1609/1413 1415/1611/1415 1320/1446/1320
f 1319/1445/1319 1321/1449/1321 1416/1612/1416 1414/1610/1414
f 1320/1446/1320 1415/1611/1415 1417/1613/1417 1322/1450/1322
f 1321/1449/1321 1323/1454/1323 1418/1614/1418 1416/1612/1416
f 1322/1450/1322 1417/1613/1417 1419/1615/1419 1324/1455/1324
f 1418/1614/1418 1323/1454/1323 1325/1458/1325 1420/1616/1420
f 1421/1617/1421 1326/1459/1326 1324/1455/1324 1419/1615/1419
f 1420/1616/1420 1325/1458/1325 1327/1462/1327 1422/1618/1422
f 1326/1459/1326 1421/1617/1421 1423/1619/1423 1328/1463/1328
f 1422/1618/1422 1327/1462/1327 1329/1466/1329 1424/1620/1424
f 1425/1621/1425 1330/1468/1330 1328/1463/1328 1423/1619/1423
f 1424/1620/1424 1329/1466/1329 1331/1470/1331 1426/1622/1426
f 1330/1468/1330 1425/1621/1425 1427/1623/1427 1332/1472/1332
f 1333/1474/1333 1428/1624/1428 1426/1622/1426 1331/1470/1331
f 1332/1472/1332 1427/1623/1427 1429/1625/1429 1334/1475/1334
f 1428/1624/1428 1333/1474/1333 1335/1478/1335 1430/1626/1430
f 1334/1475/1334 1429/1625/1429 1431/1627/1431 1336/1479/1336
f 1337/1482/1337 1432/1628/1432 1430/1626/1430 1335/1478/1335
f 1336/1479/1336 1431/1627/1431 1433/1629/1433 1338/1483/1338
f 1432/1628/1432 1337/1482/1337 1339/1486/1339 1434/1630/1434
f 1338/1483/1338 1433/1629/1433 1435/1631/1435 1340/1487/1340
f 1341/1490/1341 1436/1632/1436 1434/1630/1434 1339/1486/1339
f 1437/1633/1437 1342/1491/1342 1340/1487/1340 1435/1631/1435
f 1436/1632/1436 1341/1490/1341 1343/1494/1343 1438/1634/1438
f 1342/1491/1342 1437/1633/1437 1439/1635/1439 1344/1495/1344
f 1348/1498/1348 1445/1636/1445 1438/1634/1438 1343/1494/1343
f 1344/1495/1344 1439/1635/1439 1446/1637/1446 1349/1500/1349
f 1451/1638/1451 1440/1639/1440 1352/1501/1352 1351/1521/1351
f 1440/1639/1440 1441/1640/1441 1345/1502/1345 1352/1501/1352
f 1345/1502/1345 1441/1640/1441 1442/1641/1442 1353/1503/1353
f 1353/1525/1353 1442/1642/1442 1452/1643/1452 1354/1526/1354
f 1357/1506/1357 1455/1644/1455 1443/1645/1443 1346/1507/1346
f 1443/1645/1443 1444/1646/1444 1347/1509/1347 1346/1507/1346
f 1444/1646/1444 1445/1636/1445 1348/1498/1348 1347/1509/1347
f 1349/1513/1349 1446/1647/1446 1456/1648/1456 1358/1514/1358
f 1465/1649/1465 1447/1650/1447 1363/1550/1363 1362/1549/1362
f 1447/1650/1447 1448/1651/1448 1364/1553/1364 1363/1550/1363
f 1448/1651/1448 1449/1652/1449 1365/1555/1365 1364/1553/1364
f 1365/1555/1365 1449/1652/1449 1466/1653/1466 1366/1517/1366
f 1367/1518/1367 1467/1654/1467 1450/1655/1450 1350/1519/1350
f 1450/1655/1450 1451/1638/1451 1351/1521/1351 1350/1519/1350
f 1452/1643/1452 1453/1656/1453 1355/1529/1355 1354/1526/1354
f 1453/1656/1453 1454/1657/1454 1356/1531/1356 1355/1529/1355
f 1454/1657/1454 1455/1644/1455 1357/1506/1357 1356/1531/1356
f 1456/1648/1456 1468/1658/1468 1368/1533/1368 1358/1514/1358
f 1472/1659/1472 1457/1660/1457 1371/1535/1371 1370/1563/1370
f 1457/1660/1457 1458/1661/1458 1359/1536/1359 1371/1535/1371
f 1458/1661/1458 1459/1662/1459 1360/1539/1360 1359/1536/1359
f 1360/1539/1360 1459/1662/1459 1460/1663/1460 1372/1541/1372
f 1460/1663/1460 1461/1664/1461 1373/1565/1373 1372/1541/1372
f 1461/1664/1461 1462/1665/1462 1374/1567/1374 1373/1565/1373
f 1462/1665/1462 1463/1666/1463 1375/1544/1375 1374/1567/1374
f 1463/1666/1463 1464/1667/1464 1361/1545/1361 1375/1544/1375
f 1464/1667/1464 1465/1668/1465 1362/1547/1362 1361/1545/1361
f 1466/1653/1466 1467/1654/1467 1367/1518/1367 1366/1517/1366
f 1468/1658/1468 1376/1557/1376 1368/1533/1368
f 1468/1658/1468 1469/1669/1469 1377/1570/1377 1376/1557/1376
f 1469/1669/1469 1470/1670/1470 1378/1559/1378 1377/1570/1377
f 1470/1670/1470 1471/1671/1471 1369/1560/1369 1378/1559/1378
f 1471/1671/1471 1472/1659/1472 1370/1563/1370 1369/1560/1369
f 1474/1672/1474 1473/1673/1473 1379/1572/1379 1380/1573/1380
f 1475/1674/1475 1474/1675/1474 1380/1575/1380 1381/1574/1381
f 1476/1676/1476 1475/1674/1475 1381/1574/1381 1382/1577/1382
f 1382/1577/1382 1384/1578/1384 1477/1677/1477 1476/1676/1476
f 1480/1678/1480 1383/1576/1383 1379/1572/1379 1473/1673/1473
f 1384/1578/1384 1385/1579/1385 1478/1679/1478 1477/1677/1477
f 1385/1579/1385 1386/1582/1386 1479/1680/1479 1478/1679/1478
f 1386/1582/1386 1481/1584/1481 1575/1681/1575 1479/1680/1479
f 1483/1682/1483 1387/1580/1387 1383/1576/1383 1480/1678/1480
f 1484/1683/1484 1482/1684/1482 1481/1584/1481 1389/1583/1389
f 1485/1685/1485 1578/1686/1578 1482/1684/1482 1484/1683/1484
f 1390/1585/1390 1387/1580/1387 1483/1682/1483 1486/1589/1486
f 1389/1583/1389 1391/1586/1391 1484/1683/1484
f 1391/1586/1391 1392/1590/1392 1485/1685/1485 1484/1683/1484
f 1485/1685/1485 1392/1590/1392 1487/1687/1487
f 1488/1688/1488 1396/1592/1396 1393/1588/1393 1489/1689/1489
f 1489/1689/1489 1393/1588/1393 1394/1587/1394 1486/1589/1486
f 1395/1591/1395 1490/1690/1490 1487/1687/1487 1392/1590/1392
f 1395/1591/1395 1397/1593/1397 1491/1691/1491 1490/1690/1490
f 1396/1592/1396 1488/1688/1488 1492/1692/1492 1399/1594/1399
f 1397/1593/1397 1398/1595/1398 1493/1693/1493 1491/1691/1491
f 1399/1594/1399 1492/1692/1492 1589/1694/1589 1494/1695/1494
f 1400/1596/1400 1495/1696/1495 1493/1693/1493 1398/1595/1398
f 1496/1697/1496 1495/1696/1495 1400/1596/1400 1401/1597/1401
f 1497/1698/1497 1402/1598/1402 1399/1594/1399 1494/1695/1494
f 1403/1599/1403 1498/1699/1498 1496/1697/1496 1401/1597/1401
f 1402/1598/1402 1497/1698/1497 1499/1700/1499 1404/1600/1404
f 1498/1699/1498 1403/1599/1403 1405/1601/1405 1500/1701/1500
f 1501/1702/1501 1504/1703/1504 1406/1602/1406 1407/1603/1407
f 1501/1702/1501 1407/1603/1407 1404/1600/1404 1499/1700/1499
f 1500/1701/1500 1405/1601/1405 1408/1604/1408 1502/1704/1502
f 1504/1703/1504 1503/1705/1503 1409/1605/1409 1406/1602/1406
f 1408/1604/1408 1410/1606/1410 1505/1706/1505 1502/1704/1502
f 1409/1605/1409 1503/1705/1503 1506/1707/1506 1411/1607/1411
f 1410/1606/1410 1412/1608/1412 1507/1708/1507 1505/1706/1505
f 1411/1607/1411 1506/1707/1506 1508/1709/1508 1413/1609/1413
f 1507/1708/1507 1412/1608/1412 1414/1610/1414 1509/1710/1509
f 1413/1609/1413 1508/1709/1508 1510/1711/1510 1415/1611/1415
f 1414/1610/1414 1416/1612/1416 1511/1712/1511 1509/1710/1509
f 1415/1611/1415 1510/1711/1510 1512/1713/1512 1417/1613/1417
f 1511/1712/1511 1416/1612/1416 1418/1614/1418 1513/1714/1513
f 1417/1613/1417 1512/1713/1512 1514/1715/1514 1419/1615/1419
f 1513/1714/1513 1418/1614/1418 1420/1616/1420 1515/1716/1515
f 1419/1615/1419 1514/1715/1514 1516/1717/1516 1421/1617/1421
f 1515/1716/1515 1420/1616/1420 1422/1618/1422 1517/1718/1517
f 1421/1617/1421 1516/1717/1516 1518/1719/1518 1423/1619/1423
f 1517/1718/1517 1422/1618/1422 1424/1620/1424 1519/1720/1519
f 1520/1721/1520 1425/1621/1425 1423/1619/1423 1518/1719/1518
f 1519/1720/1519 1424/1620/1424 1426/1622/1426 1521/1722/1521
f 1425/1621/1425 1520/1721/1520 1522/1723/1522 1427/1623/1427
f 1428/1624/1428 1523/1724/1523 1521/1722/1521 1426/1622/1426
f 1427/1623/1427 1522/1723/1522 1524/1725/1524 1429/1625/1429
f 1523/1724/1523 1428/1624/1428 1430/1626/1430 1525/1726/1525
f 1429/1625/1429 1524/1725/1524 1526/1727/1526 1431/1627/1431
f 1430/1626/1430 1432/1628/1432 1527/1728/1527 1525/1726/1525
f 1431/1627/1431 1526/1727/1526 1528/1729/1528 1433/1629/1433
f 1527/1728/1527 1432/1628/1432 1434/1630/1434 1529/1730/1529
f 1433/1629/1433 1528/1729/1528 1530/1731/1530 1435/1631/1435
f 1436/1632/1436 1531/1732/1531 1529/1730/1529 1434/1630/1434
f 1532/1733/1532 1437/1633/1437 1435/1631/1435 1530/1731/1530
f 1531/1732/1531 1436/1632/1436 1438/1634/1438 1533/1734/1533
f 1437/1633/1437 1532/1733/1532 1534/1735/1534 1439/1635/1439
f 1445/1636/1445 1539/1736/1539 1533/1734/1533 1438/1634/1438
f 1439/1635/1439 1534/1735/1534 1540/1737/1540 1446/1637/1446
f 1451/1638/1451 1542/1738/1542 1535/1739/1535 1440/1639/1440
f 1535/1739/1535 1536/1740/1536 1441/1640/1441 1440/1639/1440
f 1536/1740/1536 1537/1741/1537 1442/1641/1442 1441/1640/1441
f 1442/1642/1442 1537/1742/1537 1543/1743/1543 1452/1643/1452
f 1443/1645/1443 1455/1644/1455 1546/1744/1546 1547/1745/1547
f 1538/1746/1538 1444/1646/1444 1443/1645/1443 1547/1745/1547
f 1538/1746/1538 1539/1736/1539 1445/1636/1445 1444/1646/1444
f 1446/1647/1446 1540/1747/1540 1548/1748/1548 1456/1648/1456
f 1447/1650/1447 1465/1649/1465 1557/1749/1557 1558/1750/1558
f 1448/1651/1448 1447/1650/1447 1558/1750/1558 1559/1751/1559
f 1449/1652/1449 1448/1651/1448 1559/1751/1559 1560/1752/1560
f 1466/1653/1466 1449/1652/1449 1560/1752/1560 1561/1753/1561
f 1467/1654/1467 1562/1754/1562 1541/1755/1541 1450/1655/1450
f 1541/1755/1541 1542/1738/1542 1451/1638/1451 1450/1655/1450
f 1543/1743/1543 1544/1756/1544 1453/1656/1453 1452/1643/1452
f 1544/1756/1544 1545/1757/1545 1454/1657/1454 1453/1656/1453
f 1545/1757/1545 1546/1744/1546 1455/1644/1455 1454/1657/1454
f 1456/1648/1456 1548/1748/1548 1563/1758/1563 1468/1658/1468
f 1472/1659/1472 1567/1759/1567 1549/1760/1549 1457/1660/1457
f 1549/1760/1549 1550/1761/1550 1458/1661/1458 1457/1660/1457
f 1550/1761/1550 1551/1762/1551 1459/1662/1459 1458/1661/1458
f 1551/1762/1551 1552/1763/1552 1460/1663/1460 1459/1662/1459
f 1552/1763/1552 1553/1764/1553 1461/1664/1461 1460/1663/1460
f 1553/1764/1553 1554/1765/1554 1462/1665/1462 1461/1664/1461
f 1554/1765/1554 1555/1766/1555 1463/1666/1463 1462/1665/1462
f 1555/1766/1555 1556/1767/1556 1464/1667/1464 1463/1666/1463
f 1556/1767/1556 1557/1768/1557 1465/1668/1465 1464/1667/1464
f 1561/1753/1561 1562/1754/1562 1467/1654/1467 1466/1653/1466
f 1563/1758/1563 1564/1769/1564 1469/1669/1469 1468/1658/1468
f 1564/1769/1564 1565/1770/1565 1470/1670/1470 1469/1669/1469
f 1565/1770/1565 1566/1771/1566 1471/1671/1471 1470/1670/1470
f 1566/1771/1566 1567/1759/1567 1472/1659/1472 1471/1671/1471
f 1569/1772/1569 1568/1773/1568 1473/1673/1473 1474/1672/1474
f 1570/1774/1570 1569/1775/1569 1474/1675/1474 1475/1674/1475
f 1571/1776/1571 1570/1774/1570 1475/1674/1475 1476/1676/1476
f 1572/1777/1572 1571/1776/1571 1476/1676/1476 1477/1677/1477
f 1573/1778/1573 1572/1777/1572 1477/1677/1477 1478/1679/1478
f 1574/1779/1574 1573/1778/1573 1478/1679/1478 1479/1680/1479
f 1479/1680/1479 1575/1681/1575 1574/1779/1574
f 1577/1780/1577 1480/1678/1480 1473/1673/1473 1568/1773/1568
f 1481/1584/1481 1482/1684/1482 1576/1781/1576 1575/1681/1575
f 1482/1684/1482 1578/1686/1578 1672/1782/1672 1576/1781/1576
f 1579/1783/1579 1483/1682/1483 1480/1678/1480 1577/1780/1577
f 1485/1685/1485 1580/1784/1580 1675/1785/1675 1578/1686/1578
f 1581/1786/1581 1486/1589/1486 1483/1682/1483 1579/1783/1579
f 1485/1685/1485 1487/1687/1487 1582/1787/1582 1580/1784/1580
f 1583/1788/1583 1677/1789/1677 1580/1784/1580 1582/1787/1582
f 1585/1790/1585 1584/1791/1584 1488/1688/1488 1489/1689/1489
f 1585/1790/1585 1489/1689/1489 1486/1589/1486 1581/1786/1581
f 1487/1687/1487 1490/1690/1490 1582/1787/1582
f 1490/1690/1490 1491/1691/1491 1583/1788/1583 1582/1787/1582
f 1491/1691/1491 1493/1693/1493 1586/1792/1586 1583/1788/1583
f 1488/1688/1488 1584/1791/1584 1587/1793/1587 1492/1692/1492
f 1493/1693/1493 1495/1696/1495 1588/1794/1588 1586/1792/1586
f 1589/1694/1589 1492/1692/1492 1587/1793/1587 1683/1795/1683
f 1495/1696/1495 1496/1697/1496 1590/1796/1590 1588/1794/1588
f 1591/1797/1591 1497/1698/1497 1494/1695/1494 1589/1694/1589
f 1592/1798/1592 1590/1796/1590 1496/1697/1496 1498/1699/1498
f 1499/1700/1499 1497/1698/1497 1591/1797/1591 1593/1799/1593
f 1594/1800/1594 1592/1798/1592 1498/1699/1498 1500/1701/1500
f 1501/1702/1501 1499/1700/1499 1593/1799/1593 1595/1801/1595
f 1502/1704/1502 1596/1802/1596 1594/1800/1594 1500/1701/1500
f 1598/1803/1598 1597/1804/1597 1503/1705/1503 1504/1703/1504
f 1598/1803/1598 1504/1703/1504 1501/1702/1501 1595/1801/1595
f 1505/1706/1505 1599/1805/1599 1596/1802/1596 1502/1704/1502
f 1503/1705/1503 1597/1804/1597 1600/1806/1600 1506/1707/1506
f 1599/1805/1599 1505/1706/1505 1507/1708/1507 1601/1807/1601
f 1506/1707/1506 1600/1806/1600 1602/1808/1602 1508/1709/1508
f 1507/1708/1507 1509/1710/1509 1603/1809/1603 1601/1807/1601
f 1508/1709/1508 1602/1808/1602 1604/1810/1604 1510/1711/1510
f 1603/1809/1603 1509/1710/1509 1511/1712/1511 1605/1811/1605
f 1510/1711/1510 1604/1810/1604 1606/1812/1606 1512/1713/1512
f 1605/1811/1605 1511/1712/1511 1513/1714/1513 1607/1813/1607
f 1512/1713/1512 1606/1812/1606 1608/1814/1608 1514/1715/1514
f 1607/1813/1607 1513/1714/1513 1515/1716/1515 1609/1815/1609
f 1514/1715/1514 1608/1814/1608 1610/1816/1610 1516/1717/1516
f 1609/1815/1609 1515/1716/1515 1517/1718/1517 1611/1817/1611
f 1612/1818/1612 1518/1719/1518 1516/1717/1516 1610/1816/1610
f 1611/1817/1611 1517/1718/1517 1519/1720/1519 1613/1819/1613
f 1614/1820/1614 1520/1721/1520 1518/1719/1518 1612/1818/1612
f 1613/1819/1613 1519/1720/1519 1521/1722/1521 1615/1821/1615
f 1520/1721/1520 1614/1820/1614 1616/1822/1616 1522/1723/1522
f 1521/1722/1521 1523/1724/1523 1617/1823/1617 1615/1821/1615
f 1522/1723/1522 1616/1822/1616 1618/1824/1618 1524/1725/1524
f 1525/1726/1525 1619/1825/1619 1617/1823/1617 1523/1724/1523
f 1524/1725/1524 1618/1824/1618 1620/1826/1620 1526/1727/1526
f 1619/1825/1619 1525/1726/1525 1527/1728/1527 1621/1827/1621
f 1526/1727/1526 1620/1826/1620 1622/1828/1622 1528/1729/1528
f 1621/1827/1621 1527/1728/1527 1529/1730/1529 1623/1829/1623
f 1528/1729/1528 1622/1828/1622 1624/1830/1624 1530/1731/1530
f 1531/1732/1531 1625/1831/1625 1623/1829/1623 1529/1730/1529
f 1626/1832/1626 1532/1733/1532 1530/1731/1530 1624/1830/1624
f 1625/1831/1625 1531/1732/1531 1533/1734/1533 1627/1833/1627
f 1532/1733/1532 1626/1832/1626 1628/1834/1628 1534/1735/1534
f 1539/1736/1539 1632/1835/1632 1627/1833/1627 1533/1734/1533
f 1534/1735/1534 1628/1834/1628 1633/1836/1633 1540/1737/1540
f 1542/1738/1542 1636/1837/1636 1629/1838/1629 1535/1739/1535
f 1629/1838/1629 1630/1839/1630 1536/1740/1536 1535/1739/1535
f 1630/1839/1630 1631/1840/1631 1537/1741/1537 1536/1740/1536
f 1537/1742/1537 1631/1841/1631 1637/1842/1637 1543/1743/1543
f 1538/1746/1538 1547/1745/1547 1639/1843/1639 1640/1844/1640
f 1632/1835/1632 1539/1736/1539 1538/1746/1538 1640/1844/1640
f 1540/1747/1540 1633/1845/1633 1641/1846/1641 1548/1748/1548
f 1650/1847/1650 1634/1848/1634 1651/1849/1651 1553/1764/1553
f 1562/1754/1562 1659/1850/1659 1635/1851/1635 1541/1755/1541
f 1635/1851/1635 1636/1837/1636 1542/1738/1542 1541/1755/1541
f 1637/1842/1637 1638/1852/1638 1544/1756/1544 1543/1743/1543
f 1545/1757/1545 1544/1756/1544 1638/1852/1638 1660/1853/1660
f 1546/1744/1546 1545/1757/1545 1660/1853/1660 1661/1854/1661
f 1639/1843/1639 1547/1745/1547 1546/1744/1546 1661/1854/1661
f 1548/1748/1548 1641/1846/1641 1642/1855/1642 1563/1758/1563
f 1642/1855/1642 1643/1856/1643 1564/1769/1564 1563/1758/1563
f 1643/1856/1643 1644/1857/1644 1565/1770/1565 1564/1769/1564
f 1644/1857/1644 1645/1858/1645 1566/1771/1566 1565/1770/1565
f 1645/1858/1645 1646/1859/1646 1567/1759/1567 1566/1771/1566
f 1646/1859/1646 1647/1860/1647 1549/1760/1549 1567/1759/1567
f 1647/1860/1647 1648/1861/1648 1550/1761/1550 1549/1760/1549
f 1648/1861/1648 1649/1862/1649 1551/1762/1551 1550/1761/1550
f 1649/1862/1649 1650/1847/1650 1552/1763/1552 1551/1762/1551
f 1650/1847/1650 1553/1764/1553 1552/1763/1552
f 1553/1764/1553 1651/1849/1651 1554/1765/1554
f 1651/1849/1651 1652/1863/1652 1555/1766/1555 1554/1765/1554
f 1652/1863/1652 1653/1864/1653 1556/1767/1556 1555/1766/1555
f 1653/1864/1653 1654/1865/1654 1557/1768/1557 1556/1767/1556
f 1654/1866/1654 1655/1867/1655 1558/1750/1558 1557/1749/1557
f 1655/1867/1655 1656/1868/1656 1559/1751/1559 1558/1750/1558
f 1656/1868/1656 1657/1869/1657 1560/1752/1560 1559/1751/1559
f 1657/1869/1657 1658/1870/1658 1561/1753/1561 1560/1752/1560
f 1658/1870/1658 1659/1850/1659 1562/1754/1562 1561/1753/1561
f 1663/1871/1663 1577/1780/1577 1568/1773/1568 1664/1872/1664
f 1665/1873/1665 1664/1872/1664 1568/1773/1568 1569/1772/1569
f 1666/1874/1666 1665/1875/1665 1569/1775/1569 1570/1774/1570
f 1667/1876/1667 1666/1874/1666 1570/1774/1570 1571/1776/1571
f 1668/1877/1668 1667/1876/1667 1571/1776/1571 1572/1777/1572
f 1669/1878/1669 1668/1877/1668 1572/1777/1572 1573/1778/1573
f 1670/1879/1670 1669/1878/1669 1573/1778/1573 1574/1779/1574
f 1671/1880/1671 1670/1879/1670 1574/1779/1574 1575/1681/1575
f 1671/1880/1671 1575/1681/1575 1576/1781/1576 1662/1881/1662
f 1576/1781/1576 1672/1782/1672 1662/1881/1662
f 1577/1780/1577 1663/1871/1663 1674/1882/1674 1579/1783/1579
f 1675/1785/1675 1673/1883/1673 1672/1782/1672 1578/1686/1578
f 1579/1783/1579 1674/1882/1674 1676/1884/1676 1581/1786/1581
f 1580/1784/1580 1677/1789/1677 1772/1885/1772 1675/1785/1675
f 1581/1786/1581 1676/1884/1676 1679/1886/1679 1585/1790/1585
f 1583/1788/1583 1586/1792/1586 1680/1887/1680 1677/1789/1677
f 1584/1791/1584 1678/1888/1678 1776/1889/1776 1681/1890/1681
f 1584/1791/1584 1585/1790/1585 1679/1886/1679 1678/1888/1678
f 1586/1792/1586 1588/1794/1588 1682/1891/1682 1680/1887/1680
f 1587/1793/1587 1584/1791/1584 1681/1890/1681 1683/1795/1683
f 1682/1891/1682 1588/1794/1588 1684/1892/1684
f 1589/1694/1589 1683/1795/1683 1685/1893/1685
f 1590/1796/1590 1686/1894/1686 1684/1892/1684 1588/1794/1588
f 1687/1895/1687 1591/1797/1591 1589/1694/1589 1685/1893/1685
f 1686/1894/1686 1590/1796/1590 1592/1798/1592 1688/1896/1688
f 1689/1897/1689 1593/1799/1593 1591/1797/1591 1687/1895/1687
f 1690/1898/1690 1688/1896/1688 1592/1798/1592 1594/1800/1594
f 1595/1801/1595 1593/1799/1593 1689/1897/1689 1691/1899/1691
f 1692/1900/1692 1690/1898/1690 1594/1800/1594 1596/1802/1596
f 1691/1899/1691 1693/1901/1693 1597/1804/1597 1598/1803/1598
f 1598/1803/1598 1595/1801/1595 1691/1899/1691
f 1694/1902/1694 1692/1900/1692 1596/1802/1596 1599/1805/1599
f 1600/1806/1600 1597/1804/1597 1693/1901/1693 1695/1903/1695
f 1696/1904/1696 1694/1902/1694 1599/1805/1599
f 1601/1807/1601 1697/1905/1697 1696/1904/1696 1599/1805/1599
f 1602/1808/1602 1600/1806/1600 1695/1903/1695 1698/1906/1698
f 1697/1905/1697 1601/1807/1601 1603/1809/1603 1699/1907/1699
f 1604/1810/1604 1602/1808/1602 1698/1906/1698 1700/1908/1700
f 1699/1907/1699 1603/1809/1603 1605/1811/1605 1701/1909/1701
f 1604/1810/1604 1700/1908/1700 1702/1910/1702 1606/1812/1606
f 1701/1909/1701 1605/1811/1605 1607/1813/1607 1703/1911/1703
f 1606/1812/1606 1702/1910/1702 1704/1912/1704 1608/1814/1608
f 1703/1911/1703 1607/1813/1607 1609/1815/1609 1705/1913/1705
f 1610/1816/1610 1608/1814/1608 1704/1912/1704 1706/1914/1706
f 1705/1913/1705 1609/1815/1609 1611/1817/1611 1707/1915/1707
f 1612/1818/1612 1610/1816/1610 1706/1914/1706 1708/1916/1708
f 1707/1915/1707 1611/1817/1611 1613/1819/1613 1709/1917/1709
f 1710/1918/1710 1614/1820/1614 1612/1818/1612 1708/1916/1708
f 1615/1821/1615 1711/1919/1711 1709/1917/1709 1613/1819/1613
f 1614/1820/1614 1710/1918/1710 1712/1920/1712 1616/1822/1616
f 1711/1919/1711 1615/1821/1615 1617/1823/1617 1713/1921/1713
f 1616/1822/1616 1712/1920/1712 1714/1922/1714 1618/1824/1618
f 1715/1923/1715 1713/1921/1713 1617/1823/1617 1619/1825/1619
f 1618/1824/1618 1714/1922/1714 1716/1924/1716 1620/1826/1620
f 1717/1925/1717 1715/1923/1715 1619/1825/1619 1621/1827/1621
f 1620/1826/1620 1716/1924/1716 1718/1926/1718 1622/1828/1622
f 1717/1925/1717 1621/1827/1621 1623/1829/1623 1719/1927/1719
f 1622/1828/1622 1718/1926/1718 1720/1928/1720 1624/1830/1624
f 1625/1831/1625 1721/1929/1721 1719/1927/1719 1623/1829/1623
f 1722/1930/1722 1626/1832/1626 1624/1830/1624 1720/1928/1720
f 1721/1929/1721 1625/1831/1625 1627/1833/1627 1723/1931/1723
f 1626/1832/1626 1722/1930/1722 1724/1932/1724 1628/1834/1628
f 1632/1835/1632 1725/1933/1725 1723/1931/1723 1627/1833/1627
f 1628/1834/1628 1724/1932/1724 1726/1934/1726 1633/1836/1633
f 1629/1838/1629 1636/1837/1636 1729/1935/1729 1730/1936/1730
f 1630/1839/1630 1629/1838/1629 1730/1936/1730 1731/1937/1731
f 1631/1840/1631 1630/1839/1630 1731/1937/1731 1732/1938/1732
f 1637/1842/1637 1631/1841/1631 1732/1939/1732 1733/1940/1733
f 1640/1844/1640 1735/1941/1735 1725/1933/1725 1632/1835/1632
f 1633/1845/1633 1726/1942/1726 1736/1943/1736 1641/1846/1641
f 1650/1847/1650 1745/1944/1745 1727/1945/1727 1634/1848/1634
f 1634/1848/1634 1727/1945/1727 1746/1946/1746 1651/1849/1651
f 1659/1850/1659 1751/1947/1751 1728/1948/1728 1635/1851/1635
f 1728/1948/1728 1729/1935/1729 1636/1837/1636 1635/1851/1635
f 1638/1852/1638 1637/1842/1637 1733/1940/1733 1752/1949/1752
f 1660/1853/1660 1638/1852/1638 1752/1949/1752 1753/1950/1753
f 1661/1854/1661 1754/1951/1754 1734/1952/1734 1639/1843/1639
f 1734/1952/1734 1735/1941/1735 1640/1844/1640 1639/1843/1639
f 1736/1943/1736 1737/1953/1737 1642/1855/1642 1641/1846/1641
f 1737/1953/1737 1738/1954/1738 1643/1856/1643 1642/1855/1642
f 1738/1954/1738 1739/1955/1739 1644/1857/1644 1643/1856/1643
f 1739/1955/1739 1740/1956/1740 1645/1858/1645 1644/1857/1644
f 1740/1956/1740 1741/1957/1741 1646/1859/1646 1645/1858/1645
f 1741/1957/1741 1742/1958/1742 1647/1860/1647 1646/1859/1646
f 1742/1958/1742 1743/1959/1743 1648/1861/1648 1647/1860/1647
f 1743/1959/1743 1744/1960/1744 1649/1862/1649 1648/1861/1648
f 1744/1960/1744 1745/1944/1745 1650/1847/1650 1649/1862/1649
f 1746/1946/1746 1747/1961/1747 1652/1863/1652 1651/1849/1651
f 1747/1961/1747 1748/1962/1748 1653/1864/1653 1652/1863/1652
f 1654/1865/1654 1653/1864/1653 1748/1962/1748 1755/1963/1755
f 1749/1964/1749 1655/1867/1655 1654/1866/1654 1755/1965/1755
f 1749/1964/1749 1750/1966/1750 1656/1868/1656 1655/1867/1655
f 1657/1869/1657 1656/1868/1656 1750/1966/1750 1756/1967/1756
f 1658/1870/1658 1657/1869/1657 1756/1967/1756 1757/1968/1757
f 1751/1947/1751 1659/1850/1659 1658/1870/1658 1757/1968/1757
f 1753/1950/1753 1754/1951/1754 1661/1854/1661 1660/1853/1660
f 1765/1969/1765 1671/1880/1671 1662/1881/1662 1766/1970/1766
f 1767/1971/1767 1674/1882/1674 1663/1871/1663 1768/1972/1768
f 1768/1972/1768 1663/1871/1663 1664/1872/1664 1758/1973/1758
f 1664/1872/1664 1665/1873/1665 1759/1974/1759 1758/1973/1758
f 1665/1875/1665 1666/1874/1666 1760/1975/1760 1759/1976/1759
f 1666/1874/1666 1667/1876/1667 1761/1977/1761 1760/1975/1760
f 1667/1876/1667 1668/1877/1668 1762/1978/1762 1761/1977/1761
f 1668/1877/1668 1669/1878/1669 1763/1979/1763 1762/1978/1762
f 1669/1878/1669 1670/1879/1670 1764/1980/1764 1763/1979/1763
f 1670/1879/1670 1671/1880/1671 1765/1969/1765 1764/1980/1764
f 1672/1782/1672 1769/1981/1769 1766/1970/1766 1662/1881/1662
f 1770/1982/1770 1769/1981/1769 1672/1782/1672 1673/1883/1673
f 1674/1882/1674 1767/1971/1767 1771/1983/1771 1676/1884/1676
f 1770/1982/1770 1673/1883/1673 1675/1785/1675 1772/1885/1772
f 1676/1884/1676 1771/1983/1771 1774/1984/1774 1679/1886/1679
f 1677/1789/1677 1680/1887/1680 1775/1985/1775 1772/1885/1772
f 1678/1888/1678 1773/1986/1773 1873/1987/1873 1776/1889/1776
f 1678/1888/1678 1679/1886/1679 1774/1984/1774 1773/1986/1773
f 1775/1985/1775 1680/1887/1680 1777/1988/1777
f 1681/1890/1681 1776/1889/1776 1778/1989/1778
f 1682/1891/1682 1779/1990/1779 1777/1988/1777 1680/1887/1680
f 1683/1795/1683 1681/1890/1681 1778/1989/1778 1780/1991/1780
f 1779/1990/1779 1682/1891/1682 1684/1892/1684 1781/1992/1781
f 1685/1893/1685 1683/1795/1683 1780/1991/1780 1782/1993/1782
f 1783/1994/1783 1781/1992/1781 1684/1892/1684 1686/1894/1686
f 1687/1895/1687 1685/1893/1685 1782/1993/1782 1784/1995/1784
f 1785/1996/1785 1783/1994/1783 1686/1894/1686 1688/1896/1688
f 1786/1997/1786 1689/1897/1689 1687/1895/1687 1784/1995/1784
f 1785/1996/1785 1688/1896/1688 1690/1898/1690 1787/1998/1787
f 1788/1999/1788 1691/1899/1691 1689/1897/1689 1786/1997/1786
f 1692/1900/1692 1789/2000/1789 1787/1998/1787 1690/1898/1690
f 1693/1901/1693 1691/1899/1691 1788/1999/1788 1790/2001/1790
f 1694/1902/1694 1791/2002/1791 1789/2000/1789 1692/1900/1692
f 1695/1903/1695 1693/1901/1693 1790/2001/1790 1792/2003/1792
f 1696/1904/1696 1793/2004/1793 1791/2002/1791 1694/1902/1694
f 1794/2005/1794 1793/2004/1793 1696/1904/1696 1697/1905/1697
f 1795/2006/1795 1698/1906/1698 1695/1903/1695 1792/2003/1792
f 1794/2005/1794 1697/1905/1697 1699/1907/1699 1796/2007/1796
f 1700/1908/1700 1698/1906/1698 1795/2006/1795 1797/2008/1797
f 1796/2007/1796 1699/1907/1699 1701/1909/1701 1798/2009/1798
f 1702/1910/1702 1700/1908/1700 1797/2008/1797 1799/2010/1799
f 1798/2009/1798 1701/1909/1701 1703/1911/1703 1800/2011/1800
f 1702/1910/1702 1799/2010/1799 1801/2012/1801 1704/1912/1704
f 1800/2011/1800 1703/1911/1703 1705/1913/1705 1802/2013/1802
f 1803/2014/1803 1706/1914/1706 1704/1912/1704 1801/2012/1801
f 1802/2013/1802 1705/1913/1705 1707/1915/1707 1804/2015/1804
f 1708/1916/1708 1706/1914/1706 1803/2014/1803 1805/2016/1805
f 1804/2015/1804 1707/1915/1707 1709/1917/1709 1806/2017/1806
f 1710/1918/1710 1708/1916/1708 1805/2016/1805 1807/2018/1807
f 1808/2019/1808 1806/2017/1806 1709/1917/1709 1711/1919/1711
f 1710/1918/1710 1807/2018/1807 1809/2020/1809 1712/1920/1712
f 1810/2021/1810 1808/2019/1808 1711/1919/1711 1713/1921/1713
f 1712/1920/1712 1809/2020/1809 1811/2022/1811 1714/1922/1714
f 1810/2021/1810 1713/1921/1713 1715/1923/1715 1812/2023/1812
f 1714/1922/1714 1811/2022/1811 1813/2024/1813 1716/1924/1716
f 1814/2025/1814 1812/2023/1812 1715/1923/1715 1717/1925/1717
f 1718/1926/1718 1716/1924/1716 1813/2024/1813 1815/2026/1815
f 1816/2027/1816 1814/2025/1814 1717/1925/1717 1719/1927/1719
f 1720/1928/1720 1718/1926/1718 1815/2026/1815 1817/2028/1817
f 1721/1929/1721 1818/2029/1818 1816/2027/1816 1719/1927/1719
f 1722/1930/1722 1720/1928/1720 1817/2028/1817 1819/2030/1819
f 1818/2029/1818 1721/1929/1721 1723/1931/1723 1820/2031/1820
f 1722/1930/1722 1819/2030/1819 1821/2032/1821 1724/1932/1724
f 1725/1933/1725 1822/2033/1822 1820/2031/1820 1723/1931/1723
f 1726/1934/1726 1724/1932/1724 1821/2032/1821 1823/2034/1823
f 1735/1941/1735 1832/2035/1832 1822/2033/1822 1725/1933/1725
f 1833/2036/1833 1736/1943/1736 1726/1942/1726 1823/2037/1823
f 1837/2038/1837 1824/2039/1824 1741/1957/1741 1740/1956/1740
f 1824/2039/1824 1825/2040/1825 1742/1958/1742 1741/1957/1741
f 1825/2040/1825 1826/2041/1826 1743/1959/1743 1742/1958/1742
f 1743/1959/1743 1826/2041/1826 1838/2042/1838 1744/1960/1744
f 1727/1945/1727 1745/1944/1745 1840/2043/1840 1746/1946/1746
f 1728/1948/1728 1751/1947/1751 1854/2044/1854 1844/2045/1844
f 1729/1935/1729 1728/1948/1728 1844/2045/1844 1845/2046/1845
f 1827/2047/1827 1730/1936/1730 1729/1935/1729 1845/2046/1845
f 1827/2047/1827 1828/2048/1828 1731/1937/1731 1730/1936/1730
f 1828/2048/1828 1829/2049/1829 1732/1938/1732 1731/1937/1731
f 1733/1940/1733 1732/1939/1732 1829/2050/1829 1846/2051/1846
f 1752/1949/1752 1733/1940/1733 1846/2051/1846 1847/2052/1847
f 1848/2053/1848 1830/2054/1830 1754/1951/1754 1753/1950/1753
f 1830/2054/1830 1831/2055/1831 1734/1952/1734 1754/1951/1754
f 1831/2055/1831 1832/2035/1832 1735/1941/1735 1734/1952/1734
f 1833/2036/1833 1834/2056/1834 1737/1953/1737 1736/1943/1736
f 1834/2056/1834 1835/2057/1835 1738/1954/1738 1737/1953/1737
f 1835/2057/1835 1836/2058/1836 1739/1955/1739 1738/1954/1738
f 1836/2058/1836 1837/2038/1837 1740/1956/1740 1739/1955/1739
f 1838/2042/1838 1839/2059/1839 1745/1944/1745 1744/1960/1744
f 1840/2043/1840 1745/1944/1745 1839/2059/1839
f 1746/1946/1746 1840/2043/1840 1841/2060/1841
f 1841/2060/1841 1842/2061/1842 1747/1961/1747 1746/1946/1746
f 1842/2061/1842 1843/2062/1843 1748/1962/1748 1747/1961/1747
f 1748/1962/1748 1843/2062/1843 1849/2063/1849 1755/1963/1755
f 1749/1964/1749 1755/1965/1755 1849/2064/1849 1850/2065/1850
f 1750/1966/1750 1749/1964/1749 1850/2065/1850 1851/2066/1851
f 1756/1967/1756 1750/1966/1750 1851/2066/1851 1852/2067/1852
f 1751/1947/1751 1757/1968/1757 1853/2068/1853 1854/2044/1854
f 1847/2052/1847 1848/2053/1848 1753/1950/1753 1752/1949/1752
f 1852/2067/1852 1853/2068/1853 1757/1968/1757 1756/1967/1756
f 1855/2069/1855 1768/1972/1768 1758/1973/1758 1856/2070/1856
f 1857/2071/1857 1856/2070/1856 1758/1973/1758 1759/1974/1759
f 1858/2072/1858 1857/2073/1857 1759/1976/1759 1760/1975/1760
f 1859/2074/1859 1858/2072/1858 1760/1975/1760 1761/1977/1761
f 1860/2075/1860 1859/2074/1859 1761/1977/1761 1762/1978/1762
f 1861/2076/1861 1860/2075/1860 1762/1978/1762 1763/1979/1763
f 1862/2077/1862 1861/2076/1861 1763/1979/1763 1764/1980/1764
f 1863/2078/1863 1862/2077/1862 1764/1980/1764 1765/1969/1765
f 1864/2079/1864 1863/2078/1863 1765/1969/1765 1766/1970/1766
f 1866/2080/1866 1771/1983/1771 1767/1971/1767 1867/2081/1867
f 1867/2081/1867 1767/1971/1767 1768/1972/1768 1855/2069/1855
f 1769/1981/1769 1868/2082/1868 1864/2079/1864 1766/1970/1766
f 1869/2083/1869 1868/2082/1868 1769/1981/1769 1770/1982/1770
f 1865/2084/1865 1870/2085/1870 1871/2086/1871
f 1866/2080/1866 1865/2084/1865 1871/2086/1871 1771/1983/1771
f 1772/1885/1772 1872/2087/1872 1869/2083/1869 1770/1982/1770
f 1773/1986/1773 1870/2085/1870 1970/2088/1970 1873/1987/1873
f 1773/1986/1773 1774/1984/1774 1871/2086/1871 1870/2085/1870
f 1774/1984/1774 1771/1983/1771 1871/2086/1871
f 1775/1985/1775 1874/2089/1874 1872/2087/1872 1772/1885/1772
f 1776/1889/1776 1873/1987/1873 1875/2090/1875
f 1874/2089/1874 1775/1985/1775 1777/1988/1777 1876/2091/1876
f 1778/1989/1778 1776/1889/1776 1875/2090/1875 1877/2092/1877
f 1779/1990/1779 1878/2093/1878 1876/2091/1876 1777/1988/1777
f 1780/1991/1780 1778/1989/1778 1877/2092/1877 1879/2094/1879
f 1878/2093/1878 1779/1990/1779 1781/1992/1781 1880/2095/1880
f 1780/1991/1780 1879/2094/1879 1881/2096/1881 1782/1993/1782
f 1880/2095/1880 1781/1992/1781 1783/1994/1783 1882/2097/1882
f 1784/1995/1784 1782/1993/1782 1881/2096/1881 1883/2098/1883
f 1884/2099/1884 1882/2097/1882 1783/1994/1783 1785/1996/1785
f 1786/1997/1786 1784/1995/1784 1883/2098/1883 1885/2100/1885
f 1886/2101/1886 1884/2099/1884 1785/1996/1785 1787/1998/1787
f 1788/1999/1788 1786/1997/1786 1885/2100/1885 1887/2102/1887
f 1789/2000/1789 1888/2103/1888 1886/2101/1886 1787/1998/1787
f 1790/2001/1790 1788/1999/1788 1887/2102/1887 1889/2104/1889
f 1791/2002/1791 1890/2105/1890 1888/2103/1888 1789/2000/1789
f 1790/2001/1790 1889/2104/1889 1891/2106/1891 1792/2003/1792
f 1793/2004/1793 1892/2107/1892 1890/2105/1890 1791/2002/1791
f 1794/2005/1794 1892/2107/1892 1793/2004/1793
f 1893/2108/1893 1795/2006/1795 1792/2003/1792 1891/2106/1891
f 1894/2109/1894 1892/2107/1892 1794/2005/1794 1796/2007/1796
f 1797/2008/1797 1795/2006/1795 1893/2108/1893 1895/2110/1895
f 1896/2111/1896 1894/2109/1894 1796/2007/1796 1798/2009/1798
f 1797/2008/1797 1895/2110/1895 1897/2112/1897 1799/2010/1799
f 1896/2111/1896 1798/2009/1798 1800/2011/1800 1898/2113/1898
f 1799/2010/1799 1897/2112/1897 1899/2114/1899 1801/2012/1801
f 1898/2113/1898 1800/2011/1800 1802/2013/1802 1900/2115/1900
f 1901/2116/1901 1803/2014/1803 1801/2012/1801 1899/2114/1899
f 1900/2115/1900 1802/2013/1802 1804/2015/1804 1902/2117/1902
f 1903/2118/1903 1805/2016/1805 1803/2014/1803 1901/2116/1901
f 1902/2117/1902 1804/2015/1804 1806/2017/1806 1904/2119/1904
f 1807/2018/1807 1805/2016/1805 1903/2118/1903 1905/2120/1905
f 1904/2119/1904 1806/2017/1806 1808/2019/1808 1906/2121/1906
f 1809/2020/1809 1807/2018/1807 1905/2120/1905 1907/2122/1907
f 1808/2019/1808 1810/2021/1810 1908/2123/1908 1906/2121/1906
f 1811/2022/1811 1809/2020/1809 1907/2122/1907 1909/2124/1909
f 1908/2123/1908 1810/2021/1810 1812/2023/1812 1910/2125/1910
f 1813/2024/1813 1811/2022/1811 1909/2124/1909 1911/2126/1911
f 1910/2125/1910 1812/2023/1812 1814/2025/1814 1912/2127/1912
f 1815/2026/1815 1813/2024/1813 1911/2126/1911 1913/2128/1913
f 1912/2127/1912 1814/2025/1814 1816/2027/1816 1914/2129/1914
f 1815/2026/1815 1913/2128/1913 1915/2130/1915 1817/2028/1817
f 1914/2129/1914 1816/2027/1816 1818/2029/1818 1916/2131/1916
f 1819/2030/1819 1817/2028/1817 1915/2130/1915 1917/2132/1917
f 1916/2131/1916 1818/2029/1818 1820/2031/1820 1918/2133/1918
f 1821/2032/1821 1819/2030/1819 1917/2132/1917 1919/2134/1919
f 1822/2033/1822 1920/2135/1920 1918/2133/1918 1820/2031/1820
f 1823/2034/1823 1821/2032/1821 1919/2134/1919 1921/2136/1921
f 1822/2033/1822 1832/2035/1832 1931/2137/1931 1920/2135/1920
f 1932/2138/1932 1833/2036/1833 1823/2037/1823 1921/2139/1921
f 1837/2038/1837 1934/2140/1934 1922/2141/1922 1824/2039/1824
f 1922/2141/1922 1923/2142/1923 1825/2040/1825 1824/2039/1824
f 1923/2142/1923 1924/2143/1924 1826/2041/1826 1825/2040/1825
f 1826/2041/1826 1924/2143/1924 1935/2144/1935 1838/2042/1838
f 1845/2046/1845 1943/2145/1943 1925/2146/1925 1827/2047/1827
f 1925/2146/1925 1926/2147/1926 1828/2048/1828 1827/2047/1827
f 1926/2147/1926 1927/2148/1927 1829/2049/1829 1828/2048/1828
f 1829/2050/1829 1927/2149/1927 1944/2150/1944 1846/2051/1846
f 1848/2053/1848 1946/2151/1946 1928/2152/1928 1830/2054/1830
f 1928/2152/1928 1929/2153/1929 1831/2055/1831 1830/2054/1830
f 1929/2153/1929 1930/2154/1930 1832/2035/1832 1831/2055/1831
f 1931/2137/1931 1832/2035/1832 1930/2154/1930 2032/2155/2032
f 1833/2036/1833 1932/2138/1932 1947/2156/1947
f 1834/2056/1834 1833/2036/1833 1947/2156/1947 1948/2157/1948
f 1835/2057/1835 1834/2056/1834 1948/2157/1948 1949/2158/1949
f 1933/2159/1933 1836/2058/1836 1835/2057/1835 1949/2158/1949
f 1933/2159/1933 1934/2140/1934 1837/2038/1837 1836/2058/1836
f 1935/2144/1935 1936/2160/1936 1839/2059/1839 1838/2042/1838
f 1936/2160/1936 1937/2161/1937 1840/2043/1840 1839/2059/1839
f 1937/2161/1937 1938/2162/1938 1841/2060/1841 1840/2043/1840
f 1938/2162/1938 1939/2163/1939 1842/2061/1842 1841/2060/1841
f 1939/2163/1939 1940/2164/1940 1843/2062/1843 1842/2061/1842
f 1843/2062/1843 1940/2164/1940 1941/2165/1941 1849/2063/1849
f 1849/2064/1849 1941/2166/1941 1950/2167/1950 1850/2065/1850
f 1854/2044/1854 1952/2168/1952 1942/2169/1942 1844/2045/1844
f 1942/2169/1942 1943/2145/1943 1845/2046/1845 1844/2045/1844
f 1944/2150/1944 1945/2170/1945 1847/2052/1847 1846/2051/1846
f 1945/2170/1945 1946/2151/1946 1848/2053/1848 1847/2052/1847
f 1851/2066/1851 1850/2065/1850 1950/2167/1950 1953/2171/1953
f 1852/2067/1852 1851/2066/1851 1953/2171/1953 1954/2172/1954
f 1951/2173/1951 1853/2068/1853 1852/2067/1852 1954/2172/1954
f 1951/2173/1951 1952/2168/1952 1854/2044/1854 1853/2068/1853
f 1961/2174/1961 1867/2081/1867 1855/2069/1855 1962/2175/1962
f 1962/2175/1962 1855/2069/1855 1856/2070/1856 1955/2176/1955
f 1856/2070/1856 1857/2071/1857 1956/2177/1956 1955/2176/1955
f 1857/2073/1857 1858/2072/1858 1957/2178/1957 1956/2179/1956
f 1858/2072/1858 1859/2074/1859 1958/2180/1958 1957/2178/1957
f 1859/2074/1859 1860/2075/1860 1959/2181/1959 1958/2180/1958
f 1860/2075/1860 1861/2076/1861 1960/2182/1960 1959/2181/1959
f 1861/2076/1861 1862/2077/1862 1963/2183/1963 1960/2182/1960
f 1964/2184/1964 1963/2183/1963 1862/2077/1862 1863/2078/1863
f 1864/2079/1864 1967/2185/1967 1964/2184/1964 1863/2078/1863
f 1966/2186/1966 1965/2187/1965 1865/2084/1865 1866/2080/1866
f 1966/2186/1966 1866/2080/1866 1867/2081/1867 1961/2174/1961
f 1868/2082/1868 1968/2188/1968 1967/2185/1967 1864/2079/1864
f 1969/2189/1969 1968/2188/1968 1868/2082/1868 1869/2083/1869
f 1970/2088/1970 1870/2085/1870 1971/2190/1971
f 1971/2190/1971 1870/2085/1870 1865/2084/1865 1965/2187/1965
f 1872/2087/1872 1972/2191/1972 1969/2189/1969 1869/2083/1869
f 1873/1987/1873 1970/2088/1970 1973/2192/1973
f 1974/2193/1974 1972/2191/1972 1872/2087/1872 1874/2089/1874
f 1875/2090/1875 1873/1987/1873 1973/2192/1973 1975/2194/1975
f 1976/2195/1976 1974/2193/1974 1874/2089/1874 1876/2091/1876
f 1877/2092/1877 1875/2090/1875 1975/2194/1975 1977/2196/1977
f 1978/2197/1978 1976/2195/1976 1876/2091/1876 1878/2093/1878
f 1879/2094/1879 1877/2092/1877 1977/2196/1977 1979/2198/1979
f 1980/2199/1980 1978/2197/1978 1878/2093/1878 1880/2095/1880
f 1881/2096/1881 1879/2094/1879 1979/2198/1979 1981/2200/1981
f 1980/2199/1980 1880/2095/1880 1882/2097/1882 1982/2201/1982
f 1883/2098/1883 1881/2096/1881 1981/2200/1981 1983/2202/1983
f 1982/2201/1982 1882/2097/1882 1884/2099/1884 1984/2203/1984
f 1885/2100/1885 1883/2098/1883 1983/2202/1983 1985/2204/1985
f 1886/2101/1886 1986/2205/1986 1984/2203/1984 1884/2099/1884
f 1887/2102/1887 1885/2100/1885 1985/2204/1985 1987/2206/1987
f 1888/2103/1888 1988/2207/1988 1986/2205/1986 1886/2101/1886
f 1887/2102/1887 1987/2206/1987 1989/2208/1989 1889/2104/1889
f 1990/2209/1990 1988/2207/1988 1888/2103/1888 1890/2105/1890
f 1889/2104/1889 1989/2208/1989 1991/2210/1991 1891/2106/1891
f 1992/2211/1992 1990/2209/1990 1890/2105/1890
f 1892/2107/1892 1993/2212/1993 1992/2211/1992 1890/2105/1890
f 1891/2106/1891 1991/2210/1991 1994/2213/1994 1893/2108/1893
f 1993/2212/1993 1892/2107/1892 1894/2109/1894 1995/2214/1995
f 1893/2108/1893 1994/2213/1994 1996/2215/1996 1895/2110/1895
f 1896/2111/1896 1997/2216/1997 1995/2214/1995 1894/2109/1894
f 1895/2110/1895 1996/2215/1996 1998/2217/1998 1897/2112/1897
f 1997/2216/1997 1896/2111/1896 1898/2113/1898 1999/2218/1999
f 1899/2114/1899 1897/2112/1897 1998/2217/1998 2000/2219/2000
f 1999/2218/1999 1898/2113/1898 1900/2115/1900 2001/2220/2001
f 1901/2116/1901 1899/2114/1899 2000/2219/2000 2002/2221/2002
f 2001/2220/2001 1900/2115/1900 1902/2117/1902 2003/2222/2003
f 2004/2223/2004 1903/2118/1903 1901/2116/1901 2002/2221/2002
f 2003/2222/2003 1902/2117/1902 1904/2119/1904 2005/2224/2005
f 2006/2225/2006 1905/2120/1905 1903/2118/1903 2004/2223/2004
f 1906/2121/1906 2007/2226/2007 2005/2224/2005 1904/2119/1904
f 1905/2120/1905 2006/2225/2006 2008/2227/2008 1907/2122/1907
f 2007/2226/2007 1906/2121/1906 1908/2123/1908 2009/2228/2009
f 1909/2124/1909 1907/2122/1907 2008/2227/2008 2010/2229/2010
f 2009/2228/2009 1908/2123/1908 1910/2125/1910 2011/2230/2011
f 1911/2126/1911 1909/2124/1909 2010/2229/2010 2012/2231/2012
f 2011/2230/2011 1910/2125/1910 1912/2127/1912 2013/2232/2013
f 1913/2128/1913 1911/2126/1911 2012/2231/2012 2014/2233/2014
f 2013/2232/2013 1912/2127/1912 1914/2129/1914 2015/2234/2015
f 1915/2130/1915 1913/2128/1913 2014/2233/2014 2016/2235/2016
f 2015/2234/2015 1914/2129/1914 1916/2131/1916 2017/2236/2017
f 1917/2132/1917 1915/2130/1915 2016/2235/2016 2018/2237/2018
f 2017/2236/2017 1916/2131/1916 1918/2133/1918 2019/2238/2019
f 1919/2134/1919 1917/2132/1917 2018/2237/2018 2020/2239/2020
f 1920/2135/1920 2021/2240/2021 2019/2238/2019 1918/2133/1918
f 1921/2136/1921 1919/2134/1919 2020/2239/2020 2022/2241/2022
f 2032/2155/2032 2021/2240/2021 1920/2135/1920 1931/2137/1931
f 2033/2242/2033 1932/2138/1932 1921/2139/1921 2022/2243/2022
f 1922/2141/1922 1934/2140/1934 2034/2244/2034 2035/2245/2035
f 2023/2246/2023 1923/2142/1923 1922/2141/1922 2035/2245/2035
f 2023/2246/2023 2024/2247/2024 1924/2143/1924 1923/2142/1923
f 1924/2143/1924 2024/2247/2024 2036/2248/2036 1935/2144/1935
f 2043/2249/2043 2025/2250/2025 1943/2145/1943 1942/2169/1942
f 2025/2250/2025 2026/2251/2026 1925/2146/1925 1943/2145/1943
f 2026/2251/2026 2027/2252/2027 1926/2147/1926 1925/2146/1925
f 2027/2252/2027 2028/2253/2028 1927/2148/1927 1926/2147/1926
f 1927/2149/1927 2028/2254/2028 2029/2255/2029 1944/2150/1944
f 1944/2150/1944 2029/2255/2029 2044/2256/2044 1945/2170/1945
f 1946/2151/1946 2045/2257/2045 2030/2258/2030 1928/2152/1928
f 2030/2258/2030 2031/2259/2031 1929/2153/1929 1928/2152/1928
f 2031/2259/2031 2032/2155/2032 1930/2154/1930 1929/2153/1929
f 1932/2138/1932 2033/2242/2033 2046/2260/2046 1947/2156/1947
f 1933/2159/1933 1949/2158/1949 2048/2261/2048 2049/2262/2049
f 2034/2244/2034 1934/2140/1934 1933/2159/1933 2049/2262/2049
f 2036/2248/2036 2037/2263/2037 1936/2160/1936 1935/2144/1935
f 2037/2263/2037 2038/2264/2038 1937/2161/1937 1936/2160/1936
f 2038/2264/2038 2039/2265/2039 1938/2162/1938 1937/2161/1937
f 2039/2265/2039 2040/2266/2040 1939/2163/1939 1938/2162/1938
f 2040/2266/2040 2041/2267/2041 1940/2164/1940 1939/2163/1939
f 2041/2267/2041 2042/2268/2042 1941/2165/1941 1940/2164/1940
f 1941/2166/1941 2042/2269/2042 2050/2270/2050 1950/2167/1950
f 1952/2168/1952 2052/2271/2052 2043/2249/2043 1942/2169/1942
f 2044/2256/2044 2045/2257/2045 1946/2151/1946 1945/2170/1945
f 2046/2260/2046 2047/2272/2047 1948/2157/1948 1947/2156/1947
f 2047/2272/2047 2048/2261/2048 1949/2158/1949 1948/2157/1948
f 1950/2167/1950 2050/2270/2050 2053/2273/2053 1953/2171/1953
f 1954/2172/1954 2054/2274/2054 2051/2275/2051 1951/2173/1951
f 2051/2275/2051 2052/2271/2052 1952/2168/1952 1951/2173/1951
f 2053/2273/2053 2054/2274/2054 1954/2172/1954 1953/2171/1953
f 2059/2276/2059 2058/2277/2058 1955/2176/1955 1956/2177/1956
f 2059/2278/2059 1956/2179/1956 1957/2178/1957 2055/2279/2055
f 1957/2178/1957 1958/2180/1958 2056/2280/2056 2055/2279/2055
f 1958/2180/1958 1959/2181/1959 2057/2281/2057 2056/2280/2056
f 1959/2181/1959 1960/2182/1960 2060/2282/2060 2057/2281/2057
f 2062/2283/2062 2061/2284/2061 1961/2174/1961 1962/2175/1962
f 2062/2283/2062 1962/2175/1962 1955/2176/1955 2058/2277/2058
f 1963/2183/1963 2063/2285/2063 2060/2282/2060 1960/2182/1960
f 2064/2286/2064 2063/2285/2063 1963/2183/1963 1964/2184/1964
f 2065/2287/2065 1971/2190/1971 1965/2187/1965 2066/2288/2066
f 2067/2289/2067 2066/2288/2066 1965/2187/1965 1966/2186/1966
f 2067/2289/2067 1966/2186/1966 1961/2174/1961 2061/2284/2061
f 1967/2185/1967 2068/2290/2068 2064/2286/2064 1964/2184/1964
f 2069/2291/2069 2068/2290/2068 1967/2185/1967 1968/2188/1968
f 1969/2189/1969 2071/2292/2071 2069/2291/2069 1968/2188/1968
f 2070/2293/2070 1970/2088/1970 1971/2190/1971 2065/2287/2065
f 1972/2191/1972 2073/2294/2073 2071/2292/2071 1969/2189/1969
f 1973/2192/1973 1970/2088/1970 2070/2293/2070 2072/2295/2072
f 2073/2294/2073 1972/2191/1972 1974/2193/1974
f 1975/2194/1975 1973/2192/1973 2072/2295/2072 2074/2296/2074
f 2073/2294/2073 1974/2193/1974 1976/2195/1976 2075/2297/2075
f 2076/2298/2076 1977/2196/1977 1975/2194/1975 2074/2296/2074
f 2077/2299/2077 2075/2297/2075 1976/2195/1976 1978/2197/1978
f 1977/2196/1977 2076/2298/2076 2078/2300/2078 1979/2198/1979
f 2079/2301/2079 2077/2299/2077 1978/2197/1978 1980/2199/1980
f 1979/2198/1979 2078/2300/2078 2080/2302/2080 1981/2200/1981
f 2081/2303/2081 2079/2301/2079 1980/2199/1980 1982/2201/1982
f 2082/2304/2082 1983/2202/1983 1981/2200/1981 2080/2302/2080
f 2081/2303/2081 1982/2201/1982 1984/2203/1984 2083/2305/2083
f 2084/2306/2084 1985/2204/1985 1983/2202/1983 2082/2304/2082
f 1986/2205/1986 2085/2307/2085 2083/2305/2083 1984/2203/1984
f 1987/2206/1987 1985/2204/1985 2084/2306/2084 2086/2308/2086
f 1988/2207/1988 2087/2309/2087 2085/2307/2085 1986/2205/1986
f 1989/2208/1989 1987/2206/1987 2086/2308/2086 2088/2310/2088
f 2087/2309/2087 1988/2207/1988 1990/2209/1990 2089/2311/2089
f 2090/2312/2090 1991/2210/1991 1989/2208/1989 2088/2310/2088
f 1992/2211/1992 2091/2313/2091 2089/2311/2089 1990/2209/1990
f 1993/2212/1993 2091/2313/2091 1992/2211/1992
f 1991/2210/1991 2090/2312/2090 2092/2314/2092 1994/2213/1994
f 2093/2315/2093 2091/2313/2091 1993/2212/1993 1995/2214/1995
f 1994/2213/1994 2092/2314/2092 2094/2316/2094 1996/2215/1996
f 2095/2317/2095 2093/2315/2093 1995/2214/1995 1997/2216/1997
f 1998/2217/1998 1996/2215/1996 2094/2316/2094 2096/2318/2096
f 2097/2319/2097 2095/2317/2095 1997/2216/1997 1999/2218/1999
f 2000/2219/2000 1998/2217/1998 2096/2318/2096 2098/2320/2098
f 2099/2321/2099 2097/2319/2097 1999/2218/1999 2001/2220/2001
f 2002/2221/2002 2000/2219/2000 2098/2320/2098 2100/2322/2100
f 2101/2323/2101 2099/2321/2099 2001/2220/2001 2003/2222/2003
f 2004/2223/2004 2002/2221/2002 2100/2322/2100 2102/2324/2102
f 2101/2323/2101 2003/2222/2003 2005/2224/2005 2103/2325/2103
f 2006/2225/2006 2004/2223/2004 2102/2324/2102 2104/2326/2104
f 2105/2327/2105 2103/2325/2103 2005/2224/2005 2007/2226/2007
f 2008/2227/2008 2006/2225/2006 2104/2326/2104 2106/2328/2106
f 2107/2329/2107 2105/2327/2105 2007/2226/2007 2009/2228/2009
f 2010/2229/2010 2008/2227/2008 2106/2328/2106 2108/2330/2108
f 2107/2329/2107 2009/2228/2009 2011/2230/2011 2109/2331/2109
f 2010/2229/2010 2108/2330/2108 2110/2332/2110 2012/2231/2012
f 2109/2331/2109 2011/2230/2011 2013/2232/2013 2111/2333/2111
f 2012/2231/2012 2110/2332/2110 2112/2334/2112 2014/2233/2014
f 2111/2333/2111 2013/2232/2013 2015/2234/2015 2113/2335/2113
f 2014/2233/2014 2112/2334/2112 2114/2336/2114 2016/2235/2016
f 2113/2335/2113 2015/2234/2015 2017/2236/2017 2115/2337/2115
f 2016/2235/2016 2114/2336/2114 2116/2338/2116 2018/2237/2018
f 2115/2337/2115 2017/2236/2017 2019/2238/2019 2117/2339/2117
f 2118/2340/2118 2020/2239/2020 2018/2237/2018 2116/2338/2116
f 2019/2238/2019 2021/2240/2021 2120/2341/2120 2117/2339/2117
f 2020/2239/2020 2118/2340/2118 2121/2342/2121 2022/2241/2022
f 2032/2155/2032 2130/2343/2130 2119/2344/2119 2021/2240/2021
f 2120/2341/2120 2021/2240/2021 2119/2344/2119
f 2022/2243/2022 2121/2345/2121 2131/2346/2131 2033/2242/2033
f 2023/2246/2023 2035/2245/2035 2133/2347/2133 2134/2348/2134
f 2024/2247/2024 2023/2246/2023 2134/2348/2134 2135/2349/2135
f 2036/2248/2036 2024/2247/2024 2135/2349/2135 2136/2350/2136
f 2139/2351/2139 2122/2352/2122 2140/2353/2140 2040/2266/2040
f 2043/2249/2043 2143/2354/2143 2123/2355/2123 2025/2250/2025
f 2123/2355/2123 2124/2356/2124 2026/2251/2026 2025/2250/2025
f 2124/2356/2124 2125/2357/2125 2027/2252/2027 2026/2251/2026
f 2125/2357/2125 2126/2358/2126 2028/2253/2028 2027/2252/2027
f 2126/2359/2126 2127/2360/2127 2029/2255/2029 2028/2254/2028
f 2029/2255/2029 2127/2360/2127 2144/2361/2144 2044/2256/2044
f 2045/2257/2045 2145/2362/2145 2128/2363/2128 2030/2258/2030
f 2128/2363/2128 2129/2364/2129 2031/2259/2031 2030/2258/2030
f 2129/2364/2129 2130/2343/2130 2032/2155/2032 2031/2259/2031
f 2146/2365/2146 2046/2260/2046 2033/2242/2033 2131/2346/2131
f 2049/2262/2049 2150/2366/2150 2132/2367/2132 2034/2244/2034
f 2132/2367/2132 2133/2347/2133 2035/2245/2035 2034/2244/2034
f 2136/2350/2136 2137/2368/2137 2037/2263/2037 2036/2248/2036
f 2137/2368/2137 2138/2369/2138 2038/2264/2038 2037/2263/2037
f 2138/2369/2138 2139/2351/2139 2039/2265/2039 2038/2264/2038
f 2139/2351/2139 2040/2266/2040 2039/2265/2039
f 2040/2266/2040 2140/2353/2140 2041/2267/2041
f 2140/2353/2140 2141/2370/2141 2042/2268/2042 2041/2267/2041
f 2042/2269/2042 2141/2371/2141 2151/2372/2151 2050/2270/2050
f 2152/2373/2152 2142/2374/2142 2052/2271/2052 2051/2275/2051
f 2142/2374/2142 2143/2354/2143 2043/2249/2043 2052/2271/2052
f 2144/2361/2144 2145/2362/2145 2045/2257/2045 2044/2256/2044
f 2046/2260/2046 2146/2365/2146 2147/2375/2147
f 2147/2375/2147 2148/2376/2148 2047/2272/2047 2046/2260/2046
f 2148/2376/2148 2149/2377/2149 2048/2261/2048 2047/2272/2047
f 2149/2377/2149 2150/2366/2150 2049/2262/2049 2048/2261/2048
f 2050/2270/2050 2151/2372/2151 2153/2378/2153 2053/2273/2053
f 2054/2274/2054 2154/2379/2154 2152/2373/2152 2051/2275/2051
f 2153/2378/2153 2154/2379/2154 2054/2274/2054 2053/2273/2053
f 2155/2380/2155 2059/2278/2059 2055/2279/2055 2156/2381/2156
f 2157/2382/2157 2156/2381/2156 2055/2279/2055 2056/2280/2056
f 2158/2383/2158 2157/2382/2157 2056/2280/2056 2057/2281/2057
f 2159/2384/2159 2058/2277/2058 2059/2276/2059 2155/2385/2155
f 2060/2282/2060 2160/2386/2160 2158/2383/2158 2057/2281/2057
f 2161/2387/2161 2067/2289/2067 2061/2284/2061 2162/2388/2162
f 2163/2389/2163 2162/2388/2162 2061/2284/2061 2062/2283/2062
f 2163/2389/2163 2062/2283/2062 2058/2277/2058 2159/2384/2159
f 2063/2285/2063 2164/2390/2164 2160/2386/2160 2060/2282/2060
f 2165/2391/2165 2164/2390/2164 2063/2285/2063 2064/2286/2064
f 2166/2392/2166 2070/2293/2070 2065/2287/2065 2167/2393/2167
f 2168/2394/2168 2167/2393/2167 2065/2287/2065 2066/2288/2066
f 2168/2394/2168 2066/2288/2066 2067/2289/2067 2161/2387/2161
f 2068/2290/2068 2169/2395/2169 2165/2391/2165 2064/2286/2064
f 2170/2396/2170 2169/2395/2169 2068/2290/2068 2069/2291/2069
f 2070/2293/2070 2166/2392/2166 2171/2397/2171 2072/2295/2072
f 2071/2292/2071 2172/2398/2172 2170/2396/2170 2069/2291/2069
f 2072/2295/2072 2171/2397/2171 2173/2399/2173
f 2174/2400/2174 2172/2398/2172 2071/2292/2071 2073/2294/2073
f 2072/2295/2072 2173/2399/2173 2175/2401/2175 2074/2296/2074
f 2176/2402/2176 2174/2400/2174 2073/2294/2073 2075/2297/2075
f 2074/2296/2074 2175/2401/2175 2177/2403/2177 2076/2298/2076
f 2176/2402/2176 2075/2297/2075 2077/2299/2077 2178/2404/2178
f 2076/2298/2076 2177/2403/2177 2179/2405/2179 2078/2300/2078
f 2079/2301/2079 2180/2406/2180 2178/2404/2178 2077/2299/2077
f 2078/2300/2078 2179/2405/2179 2181/2407/2181 2080/2302/2080
f 2081/2303/2081 2182/2408/2182 2180/2406/2180 2079/2301/2079
f 2183/2409/2183 2082/2304/2082 2080/2302/2080 2181/2407/2181
f 2182/2408/2182 2081/2303/2081 2083/2305/2083 2184/2410/2184
f 2185/2411/2185 2084/2306/2084 2082/2304/2082 2183/2409/2183
f 2083/2305/2083 2085/2307/2085 2186/2412/2186 2184/2410/2184
f 2187/2413/2187 2086/2308/2086 2084/2306/2084 2185/2411/2185
f 2087/2309/2087 2188/2414/2188 2186/2412/2186 2085/2307/2085
f 2086/2308/2086 2187/2413/2187 2189/2415/2189 2088/2310/2088
f 2188/2414/2188 2087/2309/2087 2089/2311/2089 2190/2416/2190
f 2191/2417/2191 2090/2312/2090 2088/2310/2088 2189/2415/2189
f 2192/2418/2192 2190/2416/2190 2089/2311/2089 2091/2313/2091
f 2092/2314/2092 2090/2312/2090 2191/2417/2191 2193/2419/2193
f 2194/2420/2194 2192/2418/2192 2091/2313/2091 2093/2315/2093
f 2094/2316/2094 2092/2314/2092 2193/2419/2193 2195/2421/2195
f 2196/2422/2196 2194/2420/2194 2093/2315/2093 2095/2317/2095
f 2096/2318/2096 2094/2316/2094 2195/2421/2195 2197/2423/2197
f 2198/2424/2198 2196/2422/2196 2095/2317/2095 2097/2319/2097
f 2098/2320/2098 2096/2318/2096 2197/2423/2197 2199/2425/2199
f 2198/2424/2198 2097/2319/2097 2099/2321/2099 2200/2426/2200
f 2100/2322/2100 2098/2320/2098 2199/2425/2199 2201/2427/2201
f 2202/2428/2202 2200/2426/2200 2099/2321/2099 2101/2323/2101
f 2203/2429/2203 2102/2324/2102 2100/2322/2100 2201/2427/2201
f 2204/2430/2204 2202/2428/2202 2101/2323/2101 2103/2325/2103
f 2102/2324/2102 2203/2429/2203 2205/2431/2205 2104/2326/2104
f 2206/2432/2206 2204/2430/2204 2103/2325/2103 2105/2327/2105
f 2207/2433/2207 2106/2328/2106 2104/2326/2104 2205/2431/2205
f 2208/2434/2208 2206/2432/2206 2105/2327/2105 2107/2329/2107
f 2106/2328/2106 2207/2433/2207 2209/2435/2209 2108/2330/2108
f 2210/2436/2210 2208/2434/2208 2107/2329/2107 2109/2331/2109
f 2108/2330/2108 2209/2435/2209 2211/2437/2211 2110/2332/2110
f 2210/2436/2210 2109/2331/2109 2111/2333/2111 2212/2438/2212
f 2110/2332/2110 2211/2437/2211 2213/2439/2213 2112/2334/2112
f 2212/2438/2212 2111/2333/2111 2113/2335/2113 2214/2440/2214
f 2112/2334/2112 2213/2439/2213 2215/2441/2215 2114/2336/2114
f 2214/2440/2214 2113/2335/2113 2115/2337/2115 2216/2442/2216
f 2114/2336/2114 2215/2441/2215 2217/2443/2217 2116/2338/2116
f 2216/2442/2216 2115/2337/2115 2117/2339/2117 2218/2444/2218
f 2116/2338/2116 2217/2443/2217 2219/2445/2219 2118/2340/2118
f 2218/2444/2218 2117/2339/2117 2120/2341/2120 2220/2446/2220
f 2121/2342/2121 2118/2340/2118 2219/2445/2219 2221/2447/2221
f 2119/2344/2119 2130/2343/2130 2230/2448/2230 2231/2449/2231
f 2120/2341/2120 2119/2344/2119 2231/2449/2231 2232/2450/2232
f 2120/2341/2120 2232/2450/2232 2220/2446/2220
f 2221/2451/2221 2233/2452/2233 2131/2346/2131 2121/2345/2121
f 2239/2453/2239 2222/2454/2222 2139/2351/2139 2138/2369/2138
f 2122/2352/2122 2139/2351/2139 2222/2454/2222 2240/2455/2240
f 2140/2353/2140 2122/2352/2122 2240/2455/2240 2241/2456/2241
f 2143/2354/2143 2244/2457/2244 2223/2458/2223 2123/2355/2123
f 2223/2458/2223 2224/2459/2224 2124/2356/2124 2123/2355/2123
f 2224/2459/2224 2225/2460/2225 2125/2357/2125 2124/2356/2124
f 2225/2460/2225 2226/2461/2226 2126/2358/2126 2125/2357/2125
f 2226/2462/2226 2227/2463/2227 2127/2360/2127 2126/2359/2126
f 2127/2360/2127 2227/2463/2227 2245/2464/2245 2144/2361/2144
f 2145/2362/2145 2246/2465/2246 2228/2466/2228 2128/2363/2128
f 2228/2466/2228 2229/2467/2229 2129/2364/2129 2128/2363/2128
f 2229/2467/2229 2230/2448/2230 2130/2343/2130 2129/2364/2129
f 2233/2452/2233 2247/2468/2247 2146/2365/2146 2131/2346/2131
f 2132/2367/2132 2150/2366/2150 2249/2469/2249 2250/2470/2250
f 2234/2471/2234 2133/2347/2133 2132/2367/2132 2250/2470/2250
f 2234/2471/2234 2235/2472/2235 2134/2348/2134 2133/2347/2133
f 2235/2472/2235 2236/2473/2236 2135/2349/2135 2134/2348/2134
f 2236/2473/2236 2237/2474/2237 2136/2350/2136 2135/2349/2135
f 2237/2474/2237 2238/2475/2238 2137/2368/2137 2136/2350/2136
f 2238/2475/2238 2239/2453/2239 2138/2369/2138 2137/2368/2137
f 2241/2456/2241 2242/2476/2242 2141/2370/2141 2140/2353/2140
f 2141/2371/2141 2242/2477/2242 2251/2478/2251 2151/2372/2151
f 2152/2373/2152 2254/2479/2254 2243/2480/2243 2142/2374/2142
f 2243/2480/2243 2244/2457/2244 2143/2354/2143 2142/2374/2142
f 2245/2464/2245 2246/2465/2246 2145/2362/2145 2144/2361/2144
f 2146/2365/2146 2247/2468/2247 2255/2481/2255 2147/2375/2147
f 2148/2376/2148 2147/2375/2147 2255/2481/2255 2256/2482/2256
f 2248/2483/2248 2149/2377/2149 2148/2376/2148 2256/2482/2256
f 2248/2483/2248 2249/2469/2249 2150/2366/2150 2149/2377/2149
f 2151/2372/2151 2251/2478/2251 2252/2484/2252 2153/2378/2153
f 2252/2484/2252 2253/2485/2253 2154/2379/2154 2153/2378/2153
f 2253/2485/2253 2254/2479/2254 2152/2373/2152 2154/2379/2154
f 2257/2486/2257 2159/2384/2159 2155/2385/2155 2258/2487/2258
f 2259/2488/2259 2258/2489/2258 2155/2380/2155 2156/2381/2156
f 2260/2490/2260 2259/2488/2259 2156/2381/2156 2157/2382/2157
f 2261/2491/2261 2260/2490/2260 2157/2382/2157 2158/2383/2158
f 2159/2384/2159 2257/2486/2257 2262/2492/2262 2163/2389/2163
f 2160/2386/2160 2263/2493/2263 2261/2491/2261 2158/2383/2158
f 2264/2494/2264 2168/2394/2168 2161/2387/2161 2265/2495/2265
f 2266/2496/2266 2265/2495/2265 2161/2387/2161 2162/2388/2162
f 2266/2496/2266 2162/2388/2162 2163/2389/2163 2262/2492/2262
f 2164/2390/2164 2267/2497/2267 2263/2493/2263 2160/2386/2160
f 2165/2391/2165 2270/2498/2270 2267/2497/2267 2164/2390/2164
f 2269/2499/2269 2268/2500/2268 2166/2392/2166 2167/2393/2167
f 2269/2499/2269 2167/2393/2167 2168/2394/2168 2264/2494/2264
f 2169/2395/2169 2271/2501/2271 2270/2498/2270 2165/2391/2165
f 2170/2396/2170 2273/2502/2273 2271/2501/2271 2169/2395/2169
f 2272/2503/2272 2171/2397/2171 2166/2392/2166 2268/2500/2268
f 2172/2398/2172 2275/2504/2275 2273/2502/2273 2170/2396/2170
f 2171/2397/2171 2272/2503/2272 2274/2505/2274 2173/2399/2173
f 2275/2504/2275 2172/2398/2172 2174/2400/2174
f 2173/2399/2173 2274/2505/2274 2276/2506/2276 2175/2401/2175
f 2277/2507/2277 2275/2504/2275 2174/2400/2174 2176/2402/2176
f 2175/2401/2175 2276/2506/2276 2278/2508/2278 2177/2403/2177
f 2279/2509/2279 2277/2507/2277 2176/2402/2176 2178/2404/2178
f 2280/2510/2280 2179/2405/2179 2177/2403/2177 2278/2508/2278
f 2281/2511/2281 2279/2509/2279 2178/2404/2178 2180/2406/2180
f 2179/2405/2179 2280/2510/2280 2282/2512/2282 2181/2407/2181
f 2283/2513/2283 2281/2511/2281 2180/2406/2180 2182/2408/2182
f 2284/2514/2284 2183/2409/2183 2181/2407/2181 2282/2512/2282
f 2285/2515/2285 2283/2513/2283 2182/2408/2182
f 2184/2410/2184 2286/2516/2286 2285/2515/2285 2182/2408/2182
f 2287/2517/2287 2185/2411/2185 2183/2409/2183 2284/2514/2284
f 2286/2516/2286 2184/2410/2184 2186/2412/2186 2288/2518/2288
f 2289/2519/2289 2187/2413/2187 2185/2411/2185 2287/2517/2287
f 2186/2412/2186 2188/2414/2188 2290/2520/2290 2288/2518/2288
f 2189/2415/2189 2187/2413/2187 2289/2519/2289 2291/2521/2291
f 2290/2520/2290 2188/2414/2188 2190/2416/2190 2292/2522/2292
f 2191/2417/2191 2189/2415/2189 2291/2521/2291 2293/2523/2293
f 2292/2522/2292 2190/2416/2190 2192/2418/2192 2294/2524/2294
f 2193/2419/2193 2191/2417/2191 2293/2523/2293 2295/2525/2295
f 2296/2526/2296 2294/2524/2294 2192/2418/2192 2194/2420/2194
f 2195/2421/2195 2193/2419/2193 2295/2525/2295 2297/2527/2297
f 2298/2528/2298 2296/2526/2296 2194/2420/2194 2196/2422/2196
f 2197/2423/2197 2195/2421/2195 2297/2527/2297 2299/2529/2299
f 2198/2424/2198 2300/2530/2300 2298/2528/2298 2196/2422/2196
f 2197/2423/2197 2299/2529/2299 2301/2531/2301 2199/2425/2199
f 2300/2530/2300 2198/2424/2198 2200/2426/2200 2302/2532/2302
f 2201/2427/2201 2199/2425/2199 2301/2531/2301 2303/2533/2303
f 2302/2532/2302 2200/2426/2200 2202/2428/2202 2304/2534/2304
f 2203/2429/2203 2201/2427/2201 2303/2533/2303 2305/2535/2305
f 2304/2534/2304 2202/2428/2202 2204/2430/2204 2306/2536/2306
f 2203/2429/2203 2305/2535/2305 2307/2537/2307 2205/2431/2205
f 2308/2538/2308 2306/2536/2306 2204/2430/2204 2206/2432/2206
f 2309/2539/2309 2207/2433/2207 2205/2431/2205 2307/2537/2307
f 2310/2540/2310 2308/2538/2308 2206/2432/2206 2208/2434/2208
f 2207/2433/2207 2309/2539/2309 2311/2541/2311 2209/2435/2209
f 2210/2436/2210 2312/2542/2312 2310/2540/2310 2208/2434/2208
f 2209/2435/2209 2311/2541/2311 2313/2543/2313 2211/2437/2211
f 2312/2542/2312 2210/2436/2210 2212/2438/2212 2314/2544/2314
f 2211/2437/2211 2313/2543/2313 2315/2545/2315 2213/2439/2213
f 2212/2438/2212 2214/2440/2214 2316/2546/2316 2314/2544/2314
f 2213/2439/2213 2315/2545/2315 2317/2547/2317 2215/2441/2215
f 2214/2440/2214 2216/2442/2216 2318/2548/2318 2316/2546/2316
f 2215/2441/2215 2317/2547/2317 2319/2549/2319 2217/2443/2217
f 2216/2442/2216 2218/2444/2218 2320/2550/2320 2318/2548/2318
f 2219/2445/2219 2217/2443/2217 2319/2549/2319 2321/2551/2321
f 2218/2444/2218 2220/2446/2220 2322/2552/2322 2320/2550/2320
f 2221/2447/2221 2219/2445/2219 2321/2551/2321 2323/2553/2323
f 2322/2552/2322 2220/2446/2220 2232/2450/2232 2333/2554/2333
f 2334/2555/2334 2233/2452/2233 2221/2451/2221 2323/2556/2323
f 2222/2454/2222 2239/2453/2239 2337/2557/2337 2240/2455/2240
f 2244/2457/2244 2343/2558/2343 2324/2559/2324 2223/2458/2223
f 2324/2559/2324 2325/2560/2325 2224/2459/2224 2223/2458/2223
f 2325/2560/2325 2326/2561/2326 2225/2460/2225 2224/2459/2224
f 2326/2561/2326 2327/2562/2327 2226/2461/2226 2225/2460/2225
f 2227/2463/2227 2226/2462/2226 2327/2563/2327 2344/2564/2344
f 2245/2464/2245 2227/2463/2227 2344/2564/2344 2345/2565/2345
f 2345/2565/2345 2328/2566/2328 2246/2465/2246 2245/2464/2245
f 2328/2566/2328 2329/2567/2329 2228/2466/2228 2246/2465/2246
f 2329/2567/2329 2330/2568/2330 2229/2467/2229 2228/2466/2228
f 2330/2568/2330 2331/2569/2331 2230/2448/2230 2229/2467/2229
f 2331/2569/2331 2332/2570/2332 2231/2449/2231 2230/2448/2230
f 2332/2570/2332 2333/2554/2333 2232/2450/2232 2231/2449/2231
f 2233/2452/2233 2334/2555/2334 2346/2571/2346 2247/2468/2247
f 2234/2471/2234 2250/2470/2250 2349/2572/2349 2350/2573/2350
f 2235/2472/2235 2234/2471/2234 2350/2573/2350 2351/2574/2351
f 2236/2473/2236 2235/2472/2235 2351/2574/2351 2352/2575/2352
f 2237/2474/2237 2236/2473/2236 2352/2575/2352 2353/2576/2353
f 2335/2577/2335 2238/2475/2238 2237/2474/2237 2353/2576/2353
f 2335/2577/2335 2336/2578/2336 2239/2453/2239 2238/2475/2238
f 2337/2557/2337 2239/2453/2239 2336/2578/2336
f 2240/2455/2240 2337/2557/2337 2338/2579/2338
f 2338/2579/2338 2339/2580/2339 2241/2456/2241 2240/2455/2240
f 2242/2476/2242 2241/2456/2241 2339/2580/2339 2354/2581/2354
f 2251/2478/2251 2242/2477/2242 2354/2582/2354 2355/2583/2355
f 2356/2584/2356 2340/2585/2340 2253/2485/2253 2252/2484/2252
f 2340/2585/2340 2341/2586/2341 2254/2479/2254 2253/2485/2253
f 2341/2586/2341 2342/2587/2342 2243/2480/2243 2254/2479/2254
f 2342/2587/2342 2343/2558/2343 2244/2457/2244 2243/2480/2243
f 2346/2571/2346 2357/2588/2357 2255/2481/2255 2247/2468/2247
f 2256/2482/2256 2357/2588/2357 2347/2589/2347 2248/2483/2248
f 2347/2589/2347 2348/2590/2348 2249/2469/2249 2248/2483/2248
f 2348/2590/2348 2349/2572/2349 2250/2470/2250 2249/2469/2249
f 2355/2583/2355 2356/2584/2356 2252/2484/2252 2251/2478/2251
f 2255/2481/2255 2357/2588/2357 2256/2482/2256
f 2257/2486/2257 2358/2591/2358 2361/2592/2361 2262/2492/2262
f 2257/2486/2257 2258/2487/2258 2359/2593/2359 2358/2591/2358
f 2258/2489/2258 2259/2488/2259 2360/2594/2360 2359/2595/2359
f 2259/2488/2259 2260/2490/2260 2362/2596/2362 2360/2594/2360
f 2363/2597/2363 2362/2596/2362 2260/2490/2260 2261/2491/2261
f 2262/2492/2262 2361/2592/2361 2365/2598/2365 2266/2496/2266
f 2263/2493/2263 2366/2599/2366 2363/2597/2363 2261/2491/2261
f 2367/2600/2367 2269/2499/2269 2264/2494/2264 2368/2601/2368
f 2368/2601/2368 2264/2494/2264 2265/2495/2265 2364/2602/2364
f 2265/2495/2265 2266/2496/2266 2365/2598/2365 2364/2602/2364
f 2267/2497/2267 2369/2603/2369 2366/2599/2366 2263/2493/2263
f 2370/2604/2370 2268/2500/2268 2269/2499/2269 2367/2600/2367
f 2270/2498/2270 2371/2605/2371 2369/2603/2369 2267/2497/2267
f 2271/2501/2271 2373/2606/2373 2371/2605/2371 2270/2498/2270
f 2268/2500/2268 2370/2604/2370 2372/2607/2372 2272/2503/2272
f 2273/2502/2273 2374/2608/2374 2373/2606/2373 2271/2501/2271
f 2272/2503/2272 2372/2607/2372 2375/2609/2375 2274/2505/2274
f 2275/2504/2275 2376/2610/2376 2374/2608/2374 2273/2502/2273
f 2274/2505/2274 2375/2609/2375 2377/2611/2377 2276/2506/2276
f 2376/2610/2376 2275/2504/2275 2277/2507/2277 2378/2612/2378
f 2276/2506/2276 2377/2611/2377 2379/2613/2379 2278/2508/2278
f 2279/2509/2279 2380/2614/2380 2378/2612/2378 2277/2507/2277
f 2381/2615/2381 2280/2510/2280 2278/2508/2278 2379/2613/2379
f 2380/2614/2380 2279/2509/2279 2281/2511/2281 2382/2616/2382
f 2280/2510/2280 2381/2615/2381 2383/2617/2383 2282/2512/2282
f 2283/2513/2283 2384/2618/2384 2382/2616/2382 2281/2511/2281
f 2385/2619/2385 2284/2514/2284 2282/2512/2282 2383/2617/2383
f 2285/2515/2285 2386/2620/2386 2384/2618/2384 2283/2513/2283
f 2387/2621/2387 2386/2620/2386 2285/2515/2285 2286/2516/2286
f 2388/2622/2388 2287/2517/2287 2284/2514/2284 2385/2619/2385
f 2288/2518/2288 2389/2623/2389 2387/2621/2387 2286/2516/2286
f 2390/2624/2390 2289/2519/2289 2287/2517/2287 2388/2622/2388
f 2389/2623/2389 2288/2518/2288 2290/2520/2290 2391/2625/2391
f 2392/2626/2392 2291/2521/2291 2393/2627/2393
f 2393/2627/2393 2291/2521/2291 2289/2519/2289 2390/2624/2390
f 2391/2625/2391 2290/2520/2290 2292/2522/2292 2394/2628/2394
f 2293/2523/2293 2291/2521/2291 2392/2626/2392 2395/2629/2395
f 2394/2628/2394 2292/2522/2292 2294/2524/2294 2396/2630/2396
f 2295/2525/2295 2293/2523/2293 2395/2629/2395 2397/2631/2397
f 2396/2630/2396 2294/2524/2294 2296/2526/2296 2398/2632/2398
f 2297/2527/2297 2295/2525/2295 2397/2631/2397 2399/2633/2399
f 2298/2528/2298 2400/2634/2400 2398/2632/2398 2296/2526/2296
f 2299/2529/2299 2297/2527/2297 2399/2633/2399 2401/2635/2401
f 2300/2530/2300 2402/2636/2402 2400/2634/2400 2298/2528/2298
f 2301/2531/2301 2299/2529/2299 2401/2635/2401 2403/2637/2403
f 2402/2636/2402 2300/2530/2300 2302/2532/2302 2404/2638/2404
f 2303/2533/2303 2301/2531/2301 2403/2637/2403 2405/2639/2405
f 2404/2638/2404 2302/2532/2302 2304/2534/2304 2406/2640/2406
f 2303/2533/2303 2405/2639/2405 2407/2641/2407 2305/2535/2305
f 2406/2640/2406 2304/2534/2304 2306/2536/2306 2408/2642/2408
f 2305/2535/2305 2407/2641/2407 2409/2643/2409 2307/2537/2307
f 2408/2642/2408 2306/2536/2306 2308/2538/2308 2410/2644/2410
f 2307/2537/2307 2409/2643/2409 2411/2645/2411 2309/2539/2309
f 2310/2540/2310 2412/2646/2412 2410/2644/2410 2308/2538/2308
f 2311/2541/2311 2309/2539/2309 2411/2645/2411 2413/2647/2413
f 2414/2648/2414 2412/2646/2412 2310/2540/2310 2312/2542/2312
f 2311/2541/2311 2413/2647/2413 2415/2649/2415 2313/2543/2313
f 2416/2650/2416 2414/2648/2414 2312/2542/2312
f 2314/2544/2314 2417/2651/2417 2416/2650/2416 2312/2542/2312
f 2313/2543/2313 2415/2649/2415 2418/2652/2418 2315/2545/2315
f 2417/2651/2417 2314/2544/2314 2316/2546/2316 2419/2653/2419
f 2315/2545/2315 2418/2652/2418 2420/2654/2420 2317/2547/2317
f 2419/2653/2419 2316/2546/2316 2318/2548/2318 2421/2655/2421
f 2319/2549/2319 2317/2547/2317 2420/2654/2420 2422/2656/2422
f 2421/2655/2421 2318/2548/2318 2320/2550/2320 2423/2657/2423
f 2321/2551/2321 2319/2549/2319 2422/2656/2422 2424/2658/2424
f 2322/2552/2322 2425/2659/2425 2423/2657/2423 2320/2550/2320
f 2321/2551/2321 2424/2658/2424 2426/2660/2426 2323/2553/2323
f 2425/2659/2425 2322/2552/2322 2333/2554/2333 2433/2661/2433
f 2323/2556/2323 2426/2662/2426 2434/2663/2434 2334/2555/2334
f 2324/2559/2324 2343/2558/2343 2444/2664/2444 2445/2665/2445
f 2325/2560/2325 2324/2559/2324 2445/2665/2445 2446/2666/2446
f 2427/2667/2427 2326/2561/2326 2325/2560/2325 2446/2666/2446
f 2327/2562/2327 2326/2561/2326 2427/2667/2427 2447/2668/2447
f 2344/2564/2344 2327/2563/2327 2447/2669/2447 2448/2670/2448
f 2345/2565/2345 2449/2671/2449 2428/2672/2428 2328/2566/2328
f 2428/2672/2428 2429/2673/2429 2329/2567/2329 2328/2566/2328
f 2429/2673/2429 2430/2674/2430 2330/2568/2330 2329/2567/2329
f 2430/2674/2430 2431/2675/2431 2331/2569/2331 2330/2568/2330
f 2431/2675/2431 2432/2676/2432 2332/2570/2332 2331/2569/2331
f 2432/2676/2432 2433/2661/2433 2333/2554/2333 2332/2570/2332
f 2334/2555/2334 2434/2663/2434 2450/2677/2450 2346/2571/2346
f 2452/2678/2452 2435/2679/2435 2348/2590/2348 2347/2589/2347
f 2435/2679/2435 2436/2680/2436 2349/2572/2349 2348/2590/2348
f 2436/2680/2436 2437/2681/2437 2350/2573/2350 2349/2572/2349
f 2350/2573/2350 2437/2681/2437 2453/2682/2453 2351/2574/2351
f 2335/2577/2335 2353/2576/2353 2455/2683/2455 2456/2684/2456
f 2438/2685/2438 2336/2578/2336 2335/2577/2335 2456/2684/2456
f 2438/2685/2438 2439/2686/2439 2337/2557/2337 2336/2578/2336
f 2439/2686/2439 2440/2687/2440 2338/2579/2338 2337/2557/2337
f 2339/2580/2339 2338/2579/2338 2440/2687/2440 2457/2688/2457
f 2354/2581/2354 2339/2580/2339 2457/2688/2457 2458/2689/2458
f 2356/2584/2356 2460/2690/2460 2441/2691/2441 2340/2585/2340
f 2441/2691/2441 2442/2692/2442 2341/2586/2341 2340/2585/2340
f 2442/2692/2442 2443/2693/2443 2342/2587/2342 2341/2586/2341
f 2443/2693/2443 2444/2664/2444 2343/2558/2343 2342/2587/2342
f 2448/2670/2448 2449/2671/2449 2345/2565/2345 2344/2564/2344
f 2346/2571/2346 2450/2677/2450 2451/2694/2451 2357/2588/2357
f 2451/2694/2451 2452/2678/2452 2347/2589/2347 2357/2588/2357
f 2453/2682/2453 2454/2695/2454 2352/2575/2352 2351/2574/2351
f 2454/2695/2454 2455/2683/2455 2353/2576/2353 2352/2575/2352
f 2458/2696/2458 2459/2697/2459 2355/2583/2355 2354/2582/2354
f 2459/2697/2459 2460/2690/2460 2356/2584/2356 2355/2583/2355
f 2462/2698/2462 2461/2699/2461 2358/2591/2358 2359/2593/2359
f 2463/2700/2463 2462/2701/2462 2359/2595/2359 2360/2594/2360
f 2360/2594/2360 2362/2596/2362 2464/2702/2464 2463/2700/2463
f 2465/2703/2465 2365/2598/2365 2361/2592/2361 2466/2704/2466
f 2466/2704/2466 2361/2592/2361 2358/2591/2358 2461/2699/2461
f 2362/2596/2362 2363/2597/2363 2467/2705/2467 2464/2702/2464
f 2468/2706/2468 2368/2601/2368 2364/2602/2364 2469/2707/2469
f 2469/2707/2469 2364/2602/2364 2365/2598/2365 2465/2703/2465
f 2366/2599/2366 2470/2708/2470 2467/2705/2467 2363/2597/2363
f 2471/2709/2471 2367/2600/2367 2368/2601/2368 2468/2706/2468
f 2369/2603/2369 2472/2710/2472 2470/2708/2470 2366/2599/2366
f 2369/2603/2369 2371/2605/2371 2473/2711/2473 2472/2710/2472
f 2367/2600/2367 2471/2709/2471 2474/2712/2474 2370/2604/2370
f 2473/2711/2473 2371/2605/2371 2475/2713/2475
f 2370/2604/2370 2474/2712/2474 2476/2714/2476 2372/2607/2372
f 2373/2606/2373 2477/2715/2477 2475/2713/2475 2371/2605/2371
f 2374/2608/2374 2479/2716/2479 2477/2715/2477 2373/2606/2373
f 2372/2607/2372 2476/2714/2476 2478/2717/2478 2375/2609/2375
f 2376/2610/2376 2480/2718/2480 2479/2716/2479 2374/2608/2374
f 2375/2609/2375 2478/2717/2478 2481/2719/2481 2377/2611/2377
f 2480/2718/2480 2376/2610/2376 2378/2612/2378 2482/2720/2482
f 2379/2613/2379 2377/2611/2377 2481/2719/2481 2483/2721/2483
f 2380/2614/2380 2484/2722/2484 2482/2720/2482 2378/2612/2378
f 2381/2615/2381 2379/2613/2379 2483/2721/2483 2485/2723/2485
f 2484/2722/2484 2380/2614/2380 2382/2616/2382 2486/2724/2486
f 2383/2617/2383 2381/2615/2381 2485/2723/2485 2487/2725/2487
f 2384/2618/2384 2488/2726/2488 2486/2724/2486 2382/2616/2382
f 2385/2619/2385 2383/2617/2383 2487/2725/2487 2489/2727/2489
f 2386/2620/2386 2490/2728/2490 2488/2726/2488 2384/2618/2384
f 2387/2621/2387 2493/2729/2493 2490/2728/2490 2386/2620/2386
f 2491/2730/2491 2390/2624/2390 2388/2622/2388 2492/2731/2492
f 2492/2731/2492 2388/2622/2388 2385/2619/2385 2489/2727/2489
f 2389/2623/2389 2494/2732/2494 2493/2729/2493 2387/2621/2387
f 2390/2624/2390 2491/2730/2491 2495/2733/2495 2393/2627/2393
f 2494/2732/2494 2389/2623/2389 2391/2625/2391 2496/2734/2496
f 2497/2735/2497 2392/2626/2392 2393/2627/2393 2495/2733/2495
f 2496/2734/2496 2391/2625/2391 2394/2628/2394 2498/2736/2498
f 2392/2626/2392 2497/2735/2497 2499/2737/2499 2395/2629/2395
f 2498/2736/2498 2394/2628/2394 2396/2630/2396 2500/2738/2500
f 2395/2629/2395 2499/2737/2499 2501/2739/2501 2397/2631/2397
f 2500/2738/2500 2396/2630/2396 2398/2632/2398 2502/2740/2502
f 2397/2631/2397 2501/2739/2501 2503/2741/2503 2399/2633/2399
f 2398/2632/2398 2400/2634/2400 2504/2742/2504 2502/2740/2502
f 2399/2633/2399 2503/2741/2503 2505/2743/2505 2401/2635/2401
f 2400/2634/2400 2402/2636/2402 2506/2744/2506 2504/2742/2504
f 2401/2635/2401 2505/2743/2505 2507/2745/2507 2403/2637/2403
f 2506/2744/2506 2402/2636/2402 2404/2638/2404 2508/2746/2508
f 2405/2639/2405 2403/2637/2403 2507/2745/2507 2509/2747/2509
f 2510/2748/2510 2508/2746/2508 2404/2638/2404 2406/2640/2406
f 2407/2641/2407 2405/2639/2405 2509/2747/2509 2511/2749/2511
f 2512/2750/2512 2510/2748/2510 2406/2640/2406 2408/2642/2408
f 2513/2751/2513 2409/2643/2409 2407/2641/2407 2511/2749/2511
f 2512/2750/2512 2408/2642/2408 2410/2644/2410 2514/2752/2514
f 2409/2643/2409 2513/2751/2513 2515/2753/2515 2411/2645/2411
f 2412/2646/2412 2516/2754/2516 2514/2752/2514 2410/2644/2410
f 2411/2645/2411 2515/2753/2515 2517/2755/2517 2413/2647/2413
f 2516/2754/2516 2412/2646/2412 2414/2648/2414 2518/2756/2518
f 2413/2647/2413 2517/2755/2517 2519/2757/2519 2415/2649/2415
f 2416/2650/2416 2520/2758/2520 2518/2756/2518 2414/2648/2414
f 2417/2651/2417 2522/2759/2522 2520/2758/2520 2416/2650/2416
f 2415/2649/2415 2519/2757/2519 2521/2760/2521 2418/2652/2418
f 2522/2759/2522 2417/2651/2417 2419/2653/2419
f 2418/2652/2418 2521/2760/2521 2523/2761/2523 2420/2654/2420
f 2522/2759/2522 2419/2653/2419 2421/2655/2421 2524/2762/2524
f 2420/2654/2420 2523/2761/2523 2525/2763/2525 2422/2656/2422
f 2524/2762/2524 2421/2655/2421 2423/2657/2423 2526/2764/2526
f 2422/2656/2422 2525/2763/2525 2527/2765/2527 2424/2658/2424
f 2425/2659/2425 2528/2766/2528 2526/2764/2526 2423/2657/2423
f 2424/2658/2424 2527/2765/2527 2529/2767/2529 2426/2660/2426
f 2534/2768/2534 2528/2766/2528 2425/2659/2425 2433/2661/2433
f 2426/2662/2426 2529/2769/2529 2535/2770/2535 2434/2663/2434
f 2427/2667/2427 2446/2666/2446 2549/2771/2549 2447/2668/2447
f 2449/2671/2449 2552/2772/2552 2530/2773/2530 2428/2672/2428
f 2530/2773/2530 2531/2774/2531 2429/2673/2429 2428/2672/2428
f 2531/2774/2531 2532/2775/2532 2430/2674/2430 2429/2673/2429
f 2532/2775/2532 2533/2776/2533 2431/2675/2431 2430/2674/2430
f 2533/2776/2533 2534/2768/2534 2432/2676/2432 2431/2675/2431
f 2534/2768/2534 2433/2661/2433 2432/2676/2432
f 2434/2663/2434 2535/2770/2535 2536/2777/2536 2450/2677/2450
f 2536/2777/2536 2537/2778/2537 2451/2694/2451 2450/2677/2450
f 2537/2778/2537 2538/2779/2538 2452/2678/2452 2451/2694/2451
f 2538/2779/2538 2539/2780/2539 2435/2679/2435 2452/2678/2452
f 2539/2780/2539 2540/2781/2540 2436/2680/2436 2435/2679/2435
f 2540/2781/2540 2541/2782/2541 2437/2681/2437 2436/2680/2436
f 2437/2681/2437 2541/2782/2541 2542/2783/2542 2453/2682/2453
f 2453/2682/2453 2542/2783/2542 2553/2784/2553 2454/2695/2454
f 2438/2685/2438 2456/2684/2456 2555/2785/2555 2556/2786/2556
f 2439/2686/2439 2438/2685/2438 2556/2786/2556 2557/2787/2557
f 2440/2687/2440 2439/2686/2439 2557/2787/2557 2558/2788/2558
f 2457/2688/2457 2440/2687/2440 2558/2788/2558 2559/2789/2559
f 2460/2690/2460 2562/2790/2562 2543/2791/2543 2441/2691/2441
f 2543/2791/2543 2544/2792/2544 2442/2692/2442 2441/2691/2441
f 2544/2792/2544 2545/2793/2545 2443/2693/2443 2442/2692/2442
f 2545/2793/2545 2546/2794/2546 2444/2664/2444 2443/2693/2443
f 2546/2794/2546 2547/2795/2547 2445/2665/2445 2444/2664/2444
f 2547/2795/2547 2548/2796/2548 2446/2666/2446 2445/2665/2445
f 2549/2771/2549 2446/2666/2446 2548/2796/2548
f 2447/2668/2447 2549/2771/2549 2550/2797/2550
f 2550/2798/2550 2551/2799/2551 2448/2670/2448 2447/2669/2447
f 2551/2799/2551 2552/2772/2552 2449/2671/2449 2448/2670/2448
f 2553/2784/2553 2554/2800/2554 2455/2683/2455 2454/2695/2454
f 2554/2800/2554 2555/2785/2555 2456/2684/2456 2455/2683/2455
f 2559/2789/2559 2560/2801/2560 2458/2689/2458 2457/2688/2457
f 2560/2802/2560 2561/2803/2561 2459/2697/2459 2458/2696/2458
f 2561/2803/2561 2562/2790/2562 2460/2690/2460 2459/2697/2459
f 2564/2804/2564 2563/2805/2563 2461/2699/2461 2462/2698/2462
f 2565/2806/2565 2564/2807/2564 2462/2701/2462 2463/2700/2463
f 2566/2808/2566 2565/2806/2565 2463/2700/2463 2464/2702/2464
f 2568/2809/2568 2567/2810/2567 2465/2703/2465 2466/2704/2466
f 2568/2809/2568 2466/2704/2466 2461/2699/2461 2563/2805/2563
f 2467/2705/2467 2569/2811/2569 2566/2808/2566 2464/2702/2464
f 2571/2812/2571 2570/2813/2570 2468/2706/2468 2469/2707/2469
f 2571/2812/2571 2469/2707/2469 2465/2703/2465 2567/2810/2567
f 2470/2708/2470 2572/2814/2572 2569/2811/2569 2467/2705/2467
f 2468/2706/2468 2570/2813/2570 2573/2815/2573 2471/2709/2471
f 2472/2710/2472 2574/2816/2574 2572/2814/2572 2470/2708/2470
f 2575/2817/2575 2574/2816/2574 2472/2710/2472 2473/2711/2473
f 2471/2709/2471 2573/2815/2573 2576/2818/2576 2474/2712/2474
f 2575/2817/2575 2473/2711/2473 2475/2713/2475 2577/2819/2577
f 2474/2712/2474 2576/2818/2576 2578/2820/2578 2476/2714/2476
f 2477/2715/2477 2579/2821/2579 2577/2819/2577 2475/2713/2475
f 2476/2714/2476 2578/2820/2578 2580/2822/2580 2478/2717/2478
f 2479/2716/2479 2581/2823/2581 2579/2821/2579 2477/2715/2477
f 2582/2824/2582 2581/2823/2581 2479/2716/2479 2480/2718/2480
f 2478/2717/2478 2580/2822/2580 2583/2825/2583 2481/2719/2481
f 2582/2824/2582 2480/2718/2480 2482/2720/2482 2584/2826/2584
f 2481/2719/2481 2583/2825/2583 2585/2827/2585 2483/2721/2483
f 2484/2722/2484 2586/2828/2586 2584/2826/2584 2482/2720/2482
f 2483/2721/2483 2585/2827/2585 2587/2829/2587 2485/2723/2485
f 2586/2828/2586 2484/2722/2484 2486/2724/2486 2588/2830/2588
f 2589/2831/2589 2487/2725/2487 2485/2723/2485 2587/2829/2587
f 2486/2724/2486 2488/2726/2488 2590/2832/2590 2588/2830/2588
f 2489/2727/2489 2487/2725/2487 2589/2831/2589 2591/2833/2591
f 2488/2726/2488 2490/2728/2490 2592/2834/2592 2590/2832/2590
f 2593/2835/2593 2491/2730/2491 2492/2731/2492 2591/2833/2591
f 2492/2731/2492 2489/2727/2489 2591/2833/2591
f 2490/2728/2490 2493/2729/2493 2592/2834/2592
f 2493/2729/2493 2494/2732/2494 2594/2836/2594 2592/2834/2592
f 2595/2837/2595 2497/2735/2497 2495/2733/2495 2596/2838/2596
f 2596/2838/2596 2495/2733/2495 2491/2730/2491 2593/2835/2593
f 2594/2836/2594 2494/2732/2494 2496/2734/2496 2597/2839/2597
f 2497/2735/2497 2595/2837/2595 2598/2840/2598
f 2597/2839/2597 2496/2734/2496 2498/2736/2498 2599/2841/2599
f 2497/2735/2497 2598/2840/2598 2600/2842/2600 2499/2737/2499
f 2599/2841/2599 2498/2736/2498 2500/2738/2500 2601/2843/2601
f 2499/2737/2499 2600/2842/2600 2602/2844/2602 2501/2739/2501
f 2502/2740/2502 2603/2845/2603 2601/2843/2601 2500/2738/2500
f 2501/2739/2501 2602/2844/2602 2604/2846/2604 2503/2741/2503
f 2504/2742/2504 2605/2847/2605 2603/2845/2603 2502/2740/2502
f 2503/2741/2503 2604/2846/2604 2606/2848/2606 2505/2743/2505
f 2605/2847/2605 2504/2742/2504 2506/2744/2506 2607/2849/2607
f 2505/2743/2505 2606/2848/2606 2608/2850/2608 2507/2745/2507
f 2607/2849/2607 2506/2744/2506 2508/2746/2508 2609/2851/2609
f 2507/2745/2507 2608/2850/2608 2610/2852/2610 2509/2747/2509
f 2508/2746/2508 2510/2748/2510 2611/2853/2611 2609/2851/2609
f 2511/2749/2511 2509/2747/2509 2610/2852/2610 2612/2854/2612
f 2510/2748/2510 2512/2750/2512 2613/2855/2613 2611/2853/2611
f 2612/2854/2612 2614/2856/2614 2513/2751/2513 2511/2749/2511
f 2613/2855/2613 2512/2750/2512 2514/2752/2514 2615/2857/2615
f 2513/2751/2513 2614/2856/2614 2616/2858/2616 2515/2753/2515
f 2516/2754/2516 2617/2859/2617 2615/2857/2615 2514/2752/2514
f 2515/2753/2515 2616/2858/2616 2618/2860/2618 2517/2755/2517
f 2617/2859/2617 2516/2754/2516 2518/2756/2518 2619/2861/2619
f 2517/2755/2517 2618/2860/2618 2620/2862/2620 2519/2757/2519
f 2621/2863/2621 2619/2861/2619 2518/2756/2518 2520/2758/2520
f 2622/2864/2622 2521/2760/2521 2519/2757/2519 2620/2862/2620
f 2623/2865/2623 2621/2863/2621 2520/2758/2520 2522/2759/2522
f 2521/2760/2521 2622/2864/2622 2624/2866/2624 2523/2761/2523
f 2625/2867/2625 2623/2865/2623 2522/2759/2522 2524/2762/2524
f 2523/2761/2523 2624/2866/2624 2626/2868/2626 2525/2763/2525
f 2627/2869/2627 2625/2867/2625 2524/2762/2524 2526/2764/2526
f 2525/2763/2525 2626/2868/2626 2628/2870/2628 2527/2765/2527
f 2528/2766/2528 2630/2871/2630 2627/2869/2627 2526/2764/2526
f 2529/2767/2529 2527/2765/2527 2628/2870/2628 2631/2872/2631
f 2639/2873/2639 2629/2874/2629 2534/2768/2534 2533/2776/2533
f 2629/2874/2629 2630/2871/2630 2528/2766/2528 2534/2768/2534
f 2631/2875/2631 2640/2876/2640 2535/2770/2535 2529/2769/2529
f 2640/2876/2640 2632/2877/2632 2537/2778/2537
f 2632/2877/2632 2633/2878/2633 2538/2779/2538 2537/2778/2537
f 2633/2878/2633 2634/2879/2634 2539/2780/2539 2538/2779/2538
f 2634/2879/2634 2635/2880/2635 2540/2781/2540 2539/2780/2539
f 2635/2880/2635 2636/2881/2636 2541/2782/2541 2540/2781/2540
f 2541/2782/2541 2636/2881/2636 2641/2882/2641 2542/2783/2542
f 2530/2773/2530 2552/2772/2552 2649/2883/2649 2650/2884/2650
f 2637/2885/2637 2531/2774/2531 2530/2773/2530 2650/2884/2650
f 2637/2885/2637 2638/2886/2638 2532/2775/2532 2531/2774/2531
f 2638/2886/2638 2639/2873/2639 2533/2776/2533 2532/2775/2532
f 2535/2770/2535 2640/2876/2640 2537/2778/2537 2536/2777/2536
f 2542/2783/2542 2641/2882/2641 2642/2887/2642 2553/2784/2553
f 2553/2784/2553 2642/2887/2642 2651/2888/2651 2554/2800/2554
f 2562/2790/2562 2657/2889/2657 2643/2890/2643 2543/2791/2543
f 2643/2890/2643 2644/2891/2644 2544/2792/2544 2543/2791/2543
f 2644/2891/2644 2645/2892/2645 2545/2793/2545 2544/2792/2544
f 2645/2892/2645 2646/2893/2646 2546/2794/2546 2545/2793/2545
f 2646/2893/2646 2647/2894/2647 2547/2795/2547 2546/2794/2546
f 2548/2796/2548 2547/2795/2547 2647/2894/2647 2658/2895/2658
f 2549/2771/2549 2548/2796/2548 2658/2895/2658 2659/2896/2659
f 2550/2797/2550 2549/2771/2549 2659/2896/2659 2660/2897/2660
f 2648/2898/2648 2551/2799/2551 2550/2798/2550 2660/2899/2660
f 2648/2898/2648 2649/2883/2649 2552/2772/2552 2551/2799/2551
f 2651/2888/2651 2652/2900/2652 2555/2785/2555 2554/2800/2554
f 2652/2900/2652 2653/2901/2653 2556/2786/2556 2555/2785/2555
f 2653/2901/2653 2654/2902/2654 2557/2787/2557 2556/2786/2556
f 2654/2902/2654 2655/2903/2655 2558/2788/2558 2557/2787/2557
f 2559/2789/2559 2558/2788/2558 2655/2903/2655 2661/2904/2661
f 2560/2801/2560 2559/2789/2559 2661/2904/2661 2662/2905/2662
f 2656/2906/2656 2561/2803/2561 2560/2802/2560 2662/2907/2662
f 2656/2906/2656 2657/2889/2657 2562/2790/2562 2561/2803/2561
f 2664/2908/2664 2663/2909/2663 2563/2805/2563 2564/2804/2564
f 2665/2910/2665 2664/2911/2664 2564/2807/2564 2565/2806/2565
f 2666/2912/2666 2665/2910/2665 2565/2806/2565 2566/2808/2566
f 2566/2808/2566 2569/2811/2569 2667/2913/2667 2666/2912/2666
f 2668/2914/2668 2671/2915/2671 2567/2810/2567 2568/2809/2568
f 2668/2914/2668 2568/2809/2568 2563/2805/2563 2663/2909/2663
f 2569/2811/2569 2572/2814/2572 2669/2916/2669 2667/2913/2667
f 2670/2917/2670 2673/2918/2673 2570/2813/2570 2571/2812/2571
f 2671/2915/2671 2670/2917/2670 2571/2812/2571 2567/2810/2567
f 2572/2814/2572 2574/2816/2574 2672/2919/2672 2669/2916/2669
f 2570/2813/2570 2673/2918/2673 2573/2815/2573
f 2574/2816/2574 2575/2817/2575 2674/2920/2674 2672/2919/2672
f 2675/2921/2675 2576/2818/2576 2573/2815/2573 2673/2918/2673
f 2674/2920/2674 2575/2817/2575 2577/2819/2577 2676/2922/2676
f 2576/2818/2576 2675/2921/2675 2677/2923/2677 2578/2820/2578
f 2579/2821/2579 2678/2924/2678 2676/2922/2676 2577/2819/2577
f 2578/2820/2578 2677/2923/2677 2679/2925/2679 2580/2822/2580
f 2581/2823/2581 2680/2926/2680 2678/2924/2678 2579/2821/2579
f 2582/2824/2582 2682/2927/2682 2680/2926/2680 2581/2823/2581
f 2580/2822/2580 2679/2925/2679 2681/2928/2681 2583/2825/2583
f 2682/2927/2682 2582/2824/2582 2584/2826/2584
f 2683/2929/2683 2585/2827/2585 2583/2825/2583 2681/2928/2681
f 2586/2828/2586 2684/2930/2684 2682/2927/2682 2584/2826/2584
f 2685/2931/2685 2587/2829/2587 2585/2827/2585 2683/2929/2683
f 2588/2830/2588 2686/2932/2686 2684/2930/2684 2586/2828/2586
f 2687/2933/2687 2591/2833/2591 2589/2831/2589 2688/2934/2688
f 2688/2934/2688 2589/2831/2589 2587/2829/2587 2685/2931/2685
f 2590/2832/2590 2689/2935/2689 2686/2932/2686 2588/2830/2588
f 2591/2833/2591 2687/2933/2687 2690/2936/2690 2593/2835/2593
f 2592/2834/2592 2691/2937/2691 2689/2935/2689 2590/2832/2590
f 2593/2835/2593 2690/2936/2690 2692/2938/2692
f 2693/2939/2693 2691/2937/2691 2592/2834/2592 2594/2836/2594
f 2695/2940/2695 2694/2941/2694 2595/2837/2595 2596/2838/2596
f 2695/2940/2695 2596/2838/2596 2593/2835/2593 2692/2938/2692
f 2696/2942/2696 2693/2939/2693 2594/2836/2594 2597/2839/2597
f 2595/2837/2595 2694/2941/2694 2697/2943/2697 2598/2840/2598
f 2698/2944/2698 2696/2942/2696 2597/2839/2597 2599/2841/2599
f 2598/2840/2598 2697/2943/2697 2699/2945/2699 2600/2842/2600
f 2698/2944/2698 2599/2841/2599 2601/2843/2601 2700/2946/2700
f 2600/2842/2600 2699/2945/2699 2701/2947/2701 2602/2844/2602
f 2603/2845/2603 2702/2948/2702 2700/2946/2700 2601/2843/2601
f 2602/2844/2602 2701/2947/2701 2703/2949/2703 2604/2846/2604
f 2605/2847/2605 2704/2950/2704 2702/2948/2702 2603/2845/2603
f 2703/2949/2703 2705/2951/2705 2606/2848/2606 2604/2846/2604
f 2704/2950/2704 2605/2847/2605 2607/2849/2607 2706/2952/2706
f 2608/2850/2608 2606/2848/2606 2705/2951/2705 2707/2953/2707
f 2706/2952/2706 2607/2849/2607 2609/2851/2609 2708/2954/2708
f 2608/2850/2608 2707/2953/2707 2709/2955/2709 2610/2852/2610
f 2708/2954/2708 2609/2851/2609 2611/2853/2611 2710/2956/2710
f 2610/2852/2610 2709/2955/2709 2711/2957/2711 2612/2854/2612
f 2710/2956/2710 2611/2853/2611 2613/2855/2613 2712/2958/2712
f 2612/2854/2612 2711/2957/2711 2713/2959/2713 2614/2856/2614
f 2712/2958/2712 2613/2855/2613 2615/2857/2615 2714/2960/2714
f 2614/2856/2614 2713/2959/2713 2715/2961/2715 2616/2858/2616
f 2716/2962/2716 2714/2960/2714 2615/2857/2615 2617/2859/2617
f 2616/2858/2616 2715/2961/2715 2717/2963/2717 2618/2860/2618
f 2718/2964/2718 2716/2962/2716 2617/2859/2617 2619/2861/2619
f 2618/2860/2618 2717/2963/2717 2719/2965/2719 2620/2862/2620
f 2720/2966/2720 2718/2964/2718 2619/2861/2619 2621/2863/2621
f 2721/2967/2721 2622/2864/2622 2620/2862/2620 2719/2965/2719
f 2722/2968/2722 2720/2966/2720 2621/2863/2621 2623/2865/2623
f 2622/2864/2622 2721/2967/2721 2723/2969/2723 2624/2866/2624
f 2724/2970/2724 2722/2968/2722 2623/2865/2623 2625/2867/2625
f 2624/2866/2624 2723/2969/2723 2725/2971/2725 2626/2868/2626
f 2724/2970/2724 2625/2867/2625 2627/2869/2627 2726/2972/2726
f 2626/2868/2626 2725/2971/2725 2727/2973/2727 2628/2870/2628
f 2726/2972/2726 2627/2869/2627 2630/2871/2630 2729/2974/2729
f 2628/2870/2628 2727/2973/2727 2730/2975/2730 2631/2872/2631
f 2639/2873/2639 2740/2976/2740 2728/2977/2728 2629/2874/2629
f 2728/2977/2728 2729/2974/2729 2630/2871/2630 2629/2874/2629
f 2631/2875/2631 2730/2978/2730 2731/2979/2731 2640/2876/2640
f 2731/2979/2731 2732/2980/2732 2632/2877/2632 2640/2876/2640
f 2732/2980/2732 2733/2981/2733 2633/2878/2633 2632/2877/2632
f 2733/2981/2733 2734/2982/2734 2634/2879/2634 2633/2878/2633
f 2734/2982/2734 2735/2983/2735 2635/2880/2635 2634/2879/2634
f 2735/2983/2735 2736/2984/2736 2636/2881/2636 2635/2880/2635
f 2636/2881/2636 2736/2984/2736 2741/2985/2741 2641/2882/2641
f 2749/2986/2749 2737/2987/2737 2650/2884/2650 2649/2883/2649
f 2737/2987/2737 2738/2988/2738 2637/2885/2637 2650/2884/2650
f 2738/2988/2738 2739/2989/2739 2638/2886/2638 2637/2885/2637
f 2739/2989/2739 2740/2976/2740 2639/2873/2639 2638/2886/2638
f 2741/2985/2741 2742/2990/2742 2642/2887/2642 2641/2882/2641
f 2642/2887/2642 2742/2990/2742 2750/2991/2750 2651/2888/2651
f 2751/2992/2751 2743/2993/2743 2752/2994/2752 2653/2901/2653
f 2657/2889/2657 2755/2995/2755 2744/2996/2744 2643/2890/2643
f 2744/2996/2744 2745/2997/2745 2644/2891/2644 2643/2890/2643
f 2745/2997/2745 2746/2998/2746 2645/2892/2645 2644/2891/2644
f 2746/2998/2746 2747/2999/2747 2646/2893/2646 2645/2892/2645
f 2647/2894/2647 2646/2893/2646 2747/2999/2747 2756/3000/2756
f 2658/2895/2658 2647/2894/2647 2756/3000/2756 2757/3001/2757
f 2660/2899/2660 2759/3002/2759 2748/3003/2748 2648/2898/2648
f 2748/3003/2748 2749/2986/2749 2649/2883/2649 2648/2898/2648
f 2750/2991/2750 2751/2992/2751 2652/2900/2652 2651/2888/2651
f 2751/2992/2751 2653/2901/2653 2652/2900/2652
f 2653/2901/2653 2752/2994/2752 2654/2902/2654
f 2752/2994/2752 2753/3004/2753 2655/2903/2655 2654/2902/2654
f 2655/2903/2655 2753/3004/2753 2760/3005/2760 2661/2904/2661
f 2662/2907/2662 2761/3006/2761 2754/3007/2754 2656/2906/2656
f 2754/3007/2754 2755/2995/2755 2657/2889/2657 2656/2906/2656
f 2757/3001/2757 2758/3008/2758 2659/2896/2659 2658/2895/2658
f 2758/3008/2758 2759/3009/2759 2660/2897/2660 2659/2896/2659
f 2760/3005/2760 2761/3010/2761 2662/2905/2662 2661/2904/2661
f 2763/3011/2763 2762/3012/2762 2663/2909/2663 2664/2908/2664
f 2764/3013/2764 2763/3014/2763 2664/2911/2664 2665/2910/2665
f 2765/3015/2765 2764/3013/2764 2665/2910/2665 2666/2912/2666
f 2766/3016/2766 2765/3015/2765 2666/2912/2666 2667/2913/2667
f 2667/2913/2667 2669/2916/2669 2767/3017/2767 2766/3016/2766
f 2770/3018/2770 2668/2914/2668 2663/2909/2663 2762/3012/2762
f 2771/3019/2771 2768/3020/2768 2767/3017/2767 2669/2916/2669
f 2769/3021/2769 2768/3020/2768 2771/3019/2771 2772/3022/2772
f 2773/3023/2773 2873/3024/2873 2769/3021/2769 2772/3022/2772
f 2774/3025/2774 2778/3026/2778 2670/2917/2670 2671/2915/2671
f 2774/3025/2774 2671/2915/2671 2668/2914/2668 2770/3018/2770
f 2669/2916/2669 2672/2919/2672 2771/3019/2771
f 2775/3027/2775 2772/3022/2772 2771/3019/2771 2672/2919/2672
f 2773/3023/2773 2772/3022/2772 2775/3027/2775 2776/3028/2776
f 2778/3026/2778 2777/3029/2777 2673/2918/2673 2670/2917/2670
f 2672/2919/2672 2674/2920/2674 2775/3027/2775
f 2674/2920/2674 2779/3030/2779 2776/3028/2776 2775/3027/2775
f 2673/2918/2673 2777/3029/2777 2780/3031/2780 2675/2921/2675
f 2779/3030/2779 2674/2920/2674 2676/2922/2676 2781/3032/2781
f 2675/2921/2675 2780/3031/2780 2782/3033/2782 2677/2923/2677
f 2678/2924/2678 2783/3034/2783 2781/3032/2781 2676/2922/2676
f 2677/2923/2677 2782/3033/2782 2784/3035/2784 2679/2925/2679
f 2680/2926/2680 2785/3036/2785 2783/3034/2783 2678/2924/2678
f 2786/3037/2786 2681/2928/2681 2679/2925/2679 2784/3035/2784
f 2682/2927/2682 2787/3038/2787 2785/3036/2785 2680/2926/2680
f 2788/3039/2788 2683/2929/2683 2681/2928/2681 2786/3037/2786
f 2684/2930/2684 2789/3040/2789 2787/3038/2787 2682/2927/2682
f 2684/2930/2684 2686/2932/2686 2790/3041/2790 2789/3040/2789
f 2791/3042/2791 2685/2931/2685 2683/2929/2683 2788/3039/2788
f 2790/3041/2790 2686/2932/2686 2792/3043/2792
f 2794/3044/2794 2793/3045/2793 2687/2933/2687 2688/2934/2688
f 2794/3044/2794 2688/2934/2688 2685/2931/2685 2791/3042/2791
f 2689/2935/2689 2795/3046/2795 2792/3043/2792 2686/2932/2686
f 2796/3047/2796 2690/2936/2690 2687/2933/2687 2793/3045/2793
f 2797/3048/2797 2795/3046/2795 2689/2935/2689 2691/2937/2691
f 2692/2938/2692 2690/2936/2690 2796/3047/2796 2798/3049/2798
f 2799/3050/2799 2797/3048/2797 2691/2937/2691 2693/2939/2693
f 2800/3051/2800 2694/2941/2694 2695/2940/2695 2798/3049/2798
f 2695/2940/2695 2692/2938/2692 2798/3049/2798
f 2799/3050/2799 2693/2939/2693 2696/2942/2696 2801/3052/2801
f 2694/2941/2694 2800/3051/2800 2802/3053/2802 2697/2943/2697
f 2698/2944/2698 2803/3054/2803 2801/3052/2801 2696/2942/2696
f 2697/2943/2697 2802/3053/2802 2804/3055/2804 2699/2945/2699
f 2803/3054/2803 2698/2944/2698 2700/2946/2700 2805/3056/2805
f 2804/3055/2804 2806/3057/2806 2701/2947/2701 2699/2945/2699
f 2700/2946/2700 2702/2948/2702 2807/3058/2807 2805/3056/2805
f 2703/2949/2703 2701/2947/2701 2806/3057/2806 2808/3059/2808
f 2704/2950/2704 2809/3060/2809 2807/3058/2807 2702/2948/2702
f 2808/3059/2808 2810/3061/2810 2705/2951/2705 2703/2949/2703
f 2809/3060/2809 2704/2950/2704 2706/2952/2706 2811/3062/2811
f 2705/2951/2705 2810/3061/2810 2812/3063/2812 2707/2953/2707
f 2706/2952/2706 2708/2954/2708 2813/3064/2813 2811/3062/2811
f 2707/2953/2707 2812/3063/2812 2814/3065/2814 2709/2955/2709
f 2708/2954/2708 2710/2956/2710 2815/3066/2815 2813/3064/2813
f 2709/2955/2709 2814/3065/2814 2816/3067/2816 2711/2957/2711
f 2815/3066/2815 2710/2956/2710 2712/2958/2712 2817/3068/2817
f 2711/2957/2711 2816/3067/2816 2818/3069/2818 2713/2959/2713
f 2817/3068/2817 2712/2958/2712 2714/2960/2714 2819/3070/2819
f 2713/2959/2713 2818/3069/2818 2820/3071/2820 2715/2961/2715
f 2819/3070/2819 2714/2960/2714 2716/2962/2716 2821/3072/2821
f 2715/2961/2715 2820/3071/2820 2822/3073/2822 2717/2963/2717
f 2821/3072/2821 2716/2962/2716 2718/2964/2718 2823/3074/2823
f 2719/2965/2719 2717/2963/2717 2822/3073/2822 2824/3075/2824
f 2823/3074/2823 2718/2964/2718 2720/2966/2720 2825/3076/2825
f 2721/2967/2721 2719/2965/2719 2824/3075/2824 2826/3077/2826
f 2827/3078/2827 2825/3076/2825 2720/2966/2720 2722/2968/2722
f 2721/2967/2721 2826/3077/2826 2828/3079/2828 2723/2969/2723
f 2829/3080/2829 2827/3078/2827 2722/2968/2722 2724/2970/2724
f 2723/2969/2723 2828/3079/2828 2830/3081/2830 2725/2971/2725
f 2831/3082/2831 2829/3080/2829 2724/2970/2724 2726/2972/2726
f 2725/2971/2725 2830/3081/2830 2832/3083/2832 2727/2973/2727
f 2834/3084/2834 2831/3082/2831 2728/2977/2728 2740/2976/2740
f 2726/2972/2726 2729/2974/2729 2728/2977/2728 2831/3082/2831
f 2727/2973/2727 2832/3083/2832 2835/3085/2835 2730/2975/2730
f 2844/3086/2844 2833/3087/2833 2739/2989/2739 2738/2988/2738
f 2833/3087/2833 2834/3084/2834 2740/2976/2740 2739/2989/2739
f 2835/3088/2835 2836/3089/2836 2731/2979/2731 2730/2978/2730
f 2836/3089/2836 2837/3090/2837 2732/2980/2732 2731/2979/2731
f 2837/3090/2837 2838/3091/2838 2733/2981/2733 2732/2980/2732
f 2838/3091/2838 2839/3092/2839 2734/2982/2734 2733/2981/2733
f 2839/3092/2839 2840/3093/2840 2735/2983/2735 2734/2982/2734
f 2840/3093/2840 2841/3094/2841 2736/2984/2736 2735/2983/2735
f 2736/2984/2736 2841/3094/2841 2845/3095/2845 2741/2985/2741
f 2853/3096/2853 2842/3097/2842 2749/2986/2749 2748/3003/2748
f 2842/3097/2842 2843/3098/2843 2737/2987/2737 2749/2986/2749
f 2843/3098/2843 2844/3086/2844 2738/2988/2738 2737/2987/2737
f 2845/3095/2845 2846/3099/2846 2742/2990/2742 2741/2985/2741
f 2742/2990/2742 2846/3099/2846 2847/3100/2847 2750/2991/2750
f 2847/3100/2847 2848/3101/2848 2751/2992/2751 2750/2991/2750
f 2848/3101/2848 2849/3102/2849 2743/2993/2743 2751/2992/2751
f 2743/2993/2743 2849/3102/2849 2854/3103/2854 2752/2994/2752
f 2744/2996/2744 2755/2995/2755 2857/3104/2857 2858/3105/2858
f 2850/3106/2850 2745/2997/2745 2744/2996/2744 2858/3105/2858
f 2850/3106/2850 2851/3107/2851 2746/2998/2746 2745/2997/2745
f 2747/2999/2747 2746/2998/2746 2851/3107/2851 2859/3108/2859
f 2756/3000/2756 2747/2999/2747 2859/3108/2859 2860/3109/2860
f 2862/3110/2862 2852/3111/2852 2759/3009/2759 2758/3008/2758
f 2852/3112/2852 2853/3096/2853 2748/3003/2748 2759/3002/2759
f 2854/3103/2854 2855/3113/2855 2753/3004/2753 2752/2994/2752
f 2753/3004/2753 2855/3113/2855 2863/3114/2863 2760/3005/2760
f 2761/3006/2761 2864/3115/2864 2856/3116/2856 2754/3007/2754
f 2856/3116/2856 2857/3104/2857 2755/2995/2755 2754/3007/2754
f 2860/3109/2860 2861/3117/2861 2757/3001/2757 2756/3000/2756
f 2861/3117/2861 2862/3110/2862 2758/3008/2758 2757/3001/2757
f 2863/3114/2863 2864/3118/2864 2761/3010/2761 2760/3005/2760
f 2868/3119/2868 2867/3120/2867 2762/3012/2762 2763/3011/2763
f 2869/3121/2869 2868/3122/2868 2763/3014/2763 2764/3013/2764
f 2870/3123/2870 2869/3121/2869 2764/3013/2764 2765/3015/2765
f 2871/3124/2871 2870/3123/2870 2765/3015/2765 2766/3016/2766
f 2871/3124/2871 2766/3016/2766 2767/3017/2767 2865/3125/2865
f 2767/3017/2767 2768/3020/2768 2866/3126/2866 2865/3125/2865
f 2768/3020/2768 2769/3021/2769 2872/3127/2872 2866/3126/2866
f 2769/3021/2769 2873/3024/2873 2872/3127/2872
f 2874/3128/2874 2770/3018/2770 2762/3012/2762 2867/3120/2867
f 2773/3023/2773 2875/3129/2875 2873/3024/2873
f 2876/3130/2876 2774/3025/2774 2770/3018/2770 2874/3128/2874
f 2773/3023/2773 2776/3028/2776 2877/3131/2877 2875/3129/2875
f 2878/3132/2878 2875/3129/2875 2877/3131/2877
f 2880/3133/2880 2879/3134/2879 2777/3029/2777 2778/3026/2778
f 2880/3133/2880 2778/3026/2778 2774/3025/2774 2876/3130/2876
f 2776/3028/2776 2779/3030/2779 2881/3135/2881
f 2881/3135/2881 2882/3136/2882 2877/3131/2877 2776/3028/2776
f 2878/3132/2878 2877/3131/2877 2882/3136/2882 2883/3137/2883
f 2777/3029/2777 2879/3134/2879 2884/3138/2884 2780/3031/2780
f 2779/3030/2779 2781/3032/2781 2885/3139/2885 2881/3135/2881
f 2882/3136/2882 2881/3135/2881 2885/3139/2885 2886/3140/2886
f 2883/3137/2883 2882/3136/2882 2886/3140/2886 2887/3141/2887
f 2888/3142/2888 2883/3137/2883 2887/3141/2887
f 2889/3143/2889 2782/3033/2782 2780/3031/2780 2884/3138/2884
f 2781/3032/2781 2783/3034/2783 2885/3139/2885
f 2890/3144/2890 2886/3140/2886 2885/3139/2885 2783/3034/2783
f 2887/3141/2887 2886/3140/2886 2890/3144/2890 2891/3145/2891
f 2888/3142/2888 2887/3141/2887 2891/3145/2891 2892/3146/2892
f 2893/3147/2893 2888/3142/2888 2892/3146/2892
f 2782/3033/2782 2889/3143/2889 2894/3148/2894 2784/3035/2784
f 2783/3034/2783 2785/3036/2785 2890/3144/2890
f 2895/3149/2895 2891/3145/2891 2890/3144/2890 2785/3036/2785
f 2892/3146/2892 2891/3145/2891 2895/3149/2895 2896/3150/2896
f 2893/3147/2893 2892/3146/2892 2896/3150/2896 2897/3151/2897
f 2898/3152/2898 2893/3147/2893 2897/3151/2897
f 2899/3153/2899 2786/3037/2786 2784/3035/2784 2894/3148/2894
f 2785/3036/2785 2787/3038/2787 2895/3149/2895
f 2900/3154/2900 2896/3150/2896 2895/3149/2895 2787/3038/2787
f 2897/3151/2897 2896/3150/2896 2900/3154/2900 2901/3155/2901
f 2898/3152/2898 2897/3151/2897 2901/3155/2901 2902/3156/2902
f 2786/3037/2786 2899/3153/2899 2903/3157/2903 2788/3039/2788
f 2787/3038/2787 2789/3040/2789 2900/3154/2900
f 2789/3040/2789 2790/3041/2790 2901/3155/2901 2900/3154/2900
f 2904/3158/2904 2902/3156/2902 2901/3155/2901 2790/3041/2790
f 2788/3039/2788 2903/3157/2903 2905/3159/2905 2791/3042/2791
f 2790/3041/2790 2792/3043/2792 2906/3160/2906 2904/3158/2904
f 2907/3161/2907 2911/3162/2911 2793/3045/2793 2794/3044/2794
f 2908/3163/2908 2907/3161/2907 2794/3044/2794 2791/3042/2791
f 2908/3163/2908 2791/3042/2791 2905/3159/2905
f 2792/3043/2792 2795/3046/2795 2909/3164/2909 2906/3160/2906
f 2911/3162/2911 2910/3165/2910 2796/3047/2796 2793/3045/2793
f 2795/3046/2795 2797/3048/2797 2912/3166/2912 2909/3164/2909
f 2913/3167/2913 2798/3049/2798 2796/3047/2796 2910/3165/2910
f 2797/3048/2797 2799/3050/2799 2914/3168/2914 2912/3166/2912
f 2798/3049/2798 2913/3167/2913 2915/3169/2915 2800/3051/2800
f 2799/3050/2799 2801/3052/2801 2916/3170/2916 2914/3168/2914
f 2802/3053/2802 2800/3051/2800 2915/3169/2915 2917/3171/2917
f 2801/3052/2801 2803/3054/2803 2918/3172/2918 2916/3170/2916
f 2804/3055/2804 2802/3053/2802 2917/3171/2917 2919/3173/2919
f 2803/3054/2803 2805/3056/2805 2920/3174/2920 2918/3172/2918
f 2919/3173/2919 2921/3175/2921 2806/3057/2806 2804/3055/2804
f 2920/3174/2920 2805/3056/2805 2807/3058/2807 2922/3176/2922
f 2806/3057/2806 2921/3175/2921 2923/3177/2923 2808/3059/2808
f 2807/3058/2807 2809/3060/2809 2924/3178/2924 2922/3176/2922
f 2923/3177/2923 2925/3179/2925 2810/3061/2810 2808/3059/2808
f 2811/3062/2811 2926/3180/2926 2924/3178/2924 2809/3060/2809
f 2810/3061/2810 2925/3179/2925 2927/3181/2927 2812/3063/2812
f 2926/3180/2926 2811/3062/2811 2813/3064/2813 2928/3182/2928
f 2812/3063/2812 2927/3181/2927 2929/3183/2929 2814/3065/2814
f 2813/3064/2813 2815/3066/2815 2930/3184/2930 2928/3182/2928
f 2814/3065/2814 2929/3183/2929 2931/3185/2931 2816/3067/2816
f 2815/3066/2815 2817/3068/2817 2932/3186/2932 2930/3184/2930
f 2816/3067/2816 2931/3185/2931 2933/3187/2933 2818/3069/2818
f 2932/3186/2932 2817/3068/2817 2819/3070/2819 2934/3188/2934
f 2818/3069/2818 2933/3187/2933 2935/3189/2935 2820/3071/2820
f 2936/3190/2936 2934/3188/2934 2819/3070/2819 2821/3072/2821
f 2820/3071/2820 2935/3189/2935 2937/3191/2937 2822/3073/2822
f 2938/3192/2938 2936/3190/2936 2821/3072/2821 2823/3074/2823
f 2939/3193/2939 2824/3075/2824 2822/3073/2822 2937/3191/2937
f 2941/3194/2941 2938/3192/2938 2823/3074/2823 2825/3076/2825
f 2824/3075/2824 2939/3193/2939 2942/3195/2942 2826/3077/2826
f 2941/3194/2941 2825/3076/2825 2827/3078/2827 2944/3196/2944
f 2826/3077/2826 2942/3195/2942 2945/3197/2945 2828/3079/2828
f 2947/3198/2947 2944/3196/2944 2827/3078/2827 2829/3080/2829
f 2828/3079/2828 2945/3197/2945 2948/3199/2948 2830/3081/2830
f 2952/3200/2952 2947/3198/2947 2829/3080/2829 2831/3082/2831
f 2830/3081/2830 2948/3199/2948 2953/3201/2953 2832/3083/2832
f 2956/3202/2956 2951/3203/2951 2833/3087/2833 2844/3086/2844
f 2951/3203/2951 2952/3200/2952 2834/3084/2834 2833/3087/2833
f 2834/3084/2834 2952/3200/2952 2831/3082/2831
f 2832/3083/2832 2953/3201/2953 2957/3204/2957 2835/3085/2835
f 2965/3205/2965 2956/3202/2956 2844/3086/2844 2843/3098/2843
f 2957/3206/2957 2958/3207/2958 2836/3089/2836 2835/3088/2835
f 2958/3207/2958 2959/3208/2959 2837/3090/2837 2836/3089/2836
f 2959/3208/2959 2960/3209/2960 2838/3091/2838 2837/3090/2837
f 2960/3209/2960 2961/3210/2961 2839/3092/2839 2838/3091/2838
f 2961/3210/2961 2962/3211/2962 2840/3093/2840 2839/3092/2839
f 2962/3211/2962 2963/3212/2963 2841/3094/2841 2840/3093/2840
f 2841/3094/2841 2963/3212/2963 2966/3213/2966 2845/3095/2845
f 2853/3096/2853 2973/3214/2973 2964/3215/2964 2842/3097/2842
f 2964/3215/2964 2965/3205/2965 2843/3098/2843 2842/3097/2842
f 2966/3213/2966 2967/3216/2967 2846/3099/2846 2845/3095/2845
f 2967/3216/2967 2968/3217/2968 2847/3100/2847 2846/3099/2846
f 2968/3217/2968 2969/3218/2969 2848/3101/2848 2847/3100/2847
f 2969/3218/2969 2970/3219/2970 2849/3102/2849 2848/3101/2848
f 2849/3102/2849 2970/3219/2970 2971/3220/2971 2854/3103/2854
f 2854/3103/2854 2971/3220/2971 2974/3221/2974 2855/3113/2855
f 2850/3106/2850 2858/3105/2858 2976/3222/2976 2977/3223/2977
f 2851/3107/2851 2850/3106/2850 2977/3223/2977 2978/3224/2978
f 2859/3108/2859 2851/3107/2851 2978/3224/2978 2979/3225/2979
f 2862/3110/2862 2982/3226/2982 2972/3227/2972 2852/3111/2852
f 2972/3228/2972 2973/3214/2973 2853/3096/2853 2852/3112/2852
f 2855/3113/2855 2974/3221/2974 2983/3229/2983 2863/3114/2863
f 2856/3116/2856 2864/3115/2864 2984/3230/2984 2985/3231/2985
f 2975/3232/2975 2857/3104/2857 2856/3116/2856 2985/3231/2985
f 2975/3232/2975 2976/3222/2976 2858/3105/2858 2857/3104/2857
f 2979/3225/2979 2980/3233/2980 2860/3109/2860 2859/3108/2859
f 2980/3233/2980 2981/3234/2981 2861/3117/2861 2860/3109/2860
f 2981/3234/2981 2982/3226/2982 2862/3110/2862 2861/3117/2861
f 2983/3229/2983 2984/3235/2984 2864/3118/2864 2863/3114/2863
f 2987/3236/2987 2986/3237/2986 2865/3125/2865 2866/3126/2866
f 2988/3238/2988 2994/3239/2994 2867/3120/2867 2868/3119/2868
f 2989/3240/2989 2988/3241/2988 2868/3122/2868 2869/3121/2869
f 2990/3242/2990 2989/3240/2989 2869/3121/2869 2870/3123/2870
f 2991/3243/2991 2990/3242/2990 2870/3123/2870 2871/3124/2871
f 2991/3243/2991 2871/3124/2871 2865/3125/2865 2986/3237/2986
f 2872/3127/2872 2992/3244/2992 2987/3236/2987 2866/3126/2866
f 2993/3245/2993 2992/3244/2992 2872/3127/2872 2873/3024/2873
f 2867/3120/2867 2994/3239/2994 3000/3246/3000 2874/3128/2874
f 2875/3129/2875 2999/3247/2999 2993/3245/2993 2873/3024/2873
f 2874/3128/2874 3000/3246/3000 3007/3248/3007 2876/3130/2876
f 2878/3132/2878 3005/3249/3005 2999/3247/2999 2875/3129/2875
f 3006/3250/3006 3013/3251/3013 2879/3134/2879 2880/3133/2880
f 3007/3248/3007 3006/3250/3006 2880/3133/2880 2876/3130/2876
f 3005/3249/3005 2878/3132/2878 2883/3137/2883 3012/3252/3012
f 2879/3134/2879 3013/3251/3013 2884/3138/2884
f 2888/3142/2888 3020/3253/3020 3012/3252/3012 2883/3137/2883
f 2884/3138/2884 3013/3251/3013 3021/3254/3021 2889/3143/2889
f 2893/3147/2893 3032/3255/3032 3020/3253/3020 2888/3142/2888
f 2889/3143/2889 3021/3254/3021 3033/3256/3033 2894/3148/2894
f 2898/3152/2898 3042/3257/3042 3032/3255/3032 2893/3147/2893
f 2894/3148/2894 3033/3256/3033 3043/3258/3043 2899/3153/2899
f 3042/3257/3042 2898/3152/2898 2902/3156/2902 3050/3259/3050
f 2899/3153/2899 3043/3258/3043 3051/3260/3051 2903/3157/2903
f 3050/3259/3050 2902/3156/2902 2904/3158/2904 3056/3261/3056
f 3057/3262/3057 2905/3159/2905 2903/3157/2903 3051/3260/3051
f 3056/3261/3056 2904/3158/2904 2906/3160/2906 3059/3263/3059
f 3061/3264/3061 3060/3265/3060 2907/3161/2907 2908/3163/2908
f 3061/3264/3061 2908/3163/2908 2905/3159/2905 3057/3262/3057
f 2909/3164/2909 3063/3266/3063 3059/3263/3059 2906/3160/2906
f 3065/3267/3065 3064/3268/3064 2910/3165/2910 2911/3162/2911
f 3065/3267/3065 2911/3162/2911 2907/3161/2907 3060/3265/3060
f 3063/3266/3063 2909/3164/2909 2912/3166/2912 3070/3269/3070
f 2910/3165/2910 3064/3268/3064 3071/3270/3071 2913/3167/2913
f 3075/3271/3075 3070/3269/3070 2912/3166/2912 2914/3168/2914
f 2913/3167/2913 3071/3270/3071 3076/3272/3076 2915/3169/2915
f 3080/3273/3080 3075/3271/3075 2914/3168/2914 2916/3170/2916
f 2915/3169/2915 3076/3272/3076 3081/3274/3081 2917/3171/2917
f 2918/3172/2918 3087/3275/3087 3080/3273/3080 2916/3170/2916
f 2917/3171/2917 3081/3274/3081 3088/3276/3088 2919/3173/2919
f 3087/3275/3087 2918/3172/2918 2920/3174/2920 3094/3277/3094
f 2919/3173/2919 3088/3276/3088 3095/3278/3095 2921/3175/2921
f 2922/3176/2922 3102/3279/3102 3094/3277/3094 2920/3174/2920
f 3095/3278/3095 3103/3280/3103 2923/3177/2923 2921/3175/2921
f 3102/3279/3102 2922/3176/2922 2924/3178/2924 3109/3281/3109
f 3103/3280/3103 3110/3282/3110 2925/3179/2925 2923/3177/2923
f 2926/3180/2926 3114/3283/3114 3109/3281/3109 2924/3178/2924
f 2925/3179/2925 3110/3282/3110 3115/3284/3115 2927/3181/2927
f 3114/3283/3114 2926/3180/2926 2928/3182/2928 3116/3285/3116
f 2929/3183/2929 2927/3181/2927 3115/3284/3115 3117/3286/3117
f 3116/3285/3116 2928/3182/2928 2930/3184/2930 3118/3287/3118
f 2929/3183/2929 3117/3286/3117 3119/3288/3119 2931/3185/2931
f 2932/3186/2932 3120/3289/3120 3118/3287/3118 2930/3184/2930
f 3121/3290/3121 2933/3187/2933 2931/3185/2931 3119/3288/3119
f 3120/3289/3120 2932/3186/2932 2934/3188/2934 3123/3291/3123
f 2933/3187/2933 3121/3290/3121 3124/3292/3124 2935/3189/2935
f 2936/3190/2936 3127/3293/3127 3123/3291/3123 2934/3188/2934
f 2937/3191/2937 2935/3189/2935 3124/3292/3124 3128/3294/3128
f 3127/3293/3127 2936/3190/2936 2938/3192/2938 3130/3295/3130
f 2939/3193/2939 2937/3191/2937 3128/3294/3128 3131/3296/3131
f 3132/3297/3132 3129/3298/3129 3130/3295/3130 2940/3299/2940
f 3130/3295/3130 2938/3192/2938 2941/3194/2941 2940/3299/2940
f 2939/3193/2939 3131/3296/3131 3133/3300/3133 2942/3195/2942
f 3135/3301/3135 3132/3297/3132 2940/3299/2940 2943/3302/2943
f 2940/3299/2940 2941/3194/2941 2944/3196/2944 2943/3302/2943
f 2945/3197/2945 2942/3195/2942 3133/3300/3133 3136/3303/3136
f 3140/3304/3140 3135/3301/3135 2943/3302/2943 2946/3305/2946
f 2943/3302/2943 2944/3196/2944 2947/3198/2947 2946/3305/2946
f 2948/3199/2948 2945/3197/2945 3136/3303/3136 3141/3306/3141
f 3143/3307/3143 3138/3308/3138 3139/3309/3139 2949/3310/2949
f 3139/3309/3139 3140/3304/3140 2950/3311/2950 2949/3310/2949
f 2946/3305/2946 2951/3203/2951 2950/3311/2950 3140/3304/3140
f 2946/3305/2946 2947/3198/2947 2952/3200/2952 2951/3203/2951
f 3144/3312/3144 2953/3201/2953 2948/3199/2948 3141/3306/3141
f 3145/3313/3145 3142/3314/3142 3143/3307/3143 2954/3315/2954
f 2949/3310/2949 2955/3316/2955 2954/3315/2954 3143/3307/3143
f 2949/3310/2949 2950/3311/2950 2956/3202/2956 2955/3316/2955
f 2951/3203/2951 2956/3202/2956 2950/3311/2950
f 2953/3201/2953 3144/3312/3144 3146/3317/3146 2957/3204/2957
f 3154/3318/3154 3145/3313/3145 2954/3315/2954 2964/3215/2964
f 2954/3315/2954 2955/3316/2955 2965/3205/2965 2964/3215/2964
f 2956/3202/2956 2965/3205/2965 2955/3316/2955
f 3146/3319/3146 3147/3320/3147 2958/3207/2958 2957/3206/2957
f 3147/3320/3147 3148/3321/3148 2959/3208/2959 2958/3207/2958
f 3148/3321/3148 3149/3322/3149 2960/3209/2960 2959/3208/2959
f 3149/3322/3149 3150/3323/3150 2961/3210/2961 2960/3209/2960
f 3150/3323/3150 3151/3324/3151 2962/3211/2962 2961/3210/2961
f 3151/3324/3151 3152/3325/3152 2963/3212/2963 2962/3211/2962
f 2963/3212/2963 3152/3325/3152 3155/3326/3155 2966/3213/2966
f 3161/3327/3161 3154/3318/3154 2964/3215/2964 2973/3214/2973
f 3155/3326/3155 3156/3328/3156 2967/3216/2967 2966/3213/2966
f 3156/3328/3156 3157/3329/3157 2968/3217/2968 2967/3216/2967
f 3157/3329/3157 3158/3330/3158 2969/3218/2969 2968/3217/2968
f 3158/3330/3158 3159/3331/3159 2970/3219/2970 2969/3218/2969
f 3159/3331/3159 3160/3332/3160 2971/3220/2971 2970/3219/2970
f 2971/3220/2971 3160/3332/3160 3162/3333/3162 2974/3221/2974
f 2982/3226/2982 3171/3334/3171 3161/3335/3161 2972/3227/2972
f 3161/3327/3161 2973/3214/2973 2972/3228/2972
f 2974/3221/2974 3162/3333/3162 3163/3336/3163 2983/3229/2983
f 2983/3229/2983 3163/3336/3163 3172/3337/3172 2984/3235/2984
f 2985/3231/2985 3173/3338/3173 3164/3339/3164 2975/3232/2975
f 3164/3339/3164 3165/3340/3165 2976/3222/2976 2975/3232/2975
f 3165/3340/3165 3166/3341/3166 2977/3223/2977 2976/3222/2976
f 3166/3341/3166 3167/3342/3167 2978/3224/2978 2977/3223/2977
f 3167/3342/3167 3168/3343/3168 2979/3225/2979 2978/3224/2978
f 3168/3343/3168 3169/3344/3169 2980/3233/2980 2979/3225/2979
f 3169/3344/3169 3170/3345/3170 2981/3234/2981 2980/3233/2980
f 3170/3345/3170 3171/3334/3171 2982/3226/2982 2981/3234/2981
f 3172/3346/3172 3173/3338/3173 2985/3231/2985 2984/3230/2984
f 2986/3237/2986 3174/3347/3174 2991/3243/2991
f 3175/3348/3175 3174/3347/3174 2986/3237/2986 2987/3236/2987
f 2992/3244/2992 3178/3349/3178 3175/3348/3175 2987/3236/2987
f 2994/3239/2994 2988/3238/2988 2995/3350/2995
f 2988/3241/2988 2989/3240/2989 2996/3351/2996 2995/3352/2995
f 2989/3240/2989 2990/3242/2990 2997/3353/2997 2996/3351/2996
f 2990/3242/2990 2991/3243/2991 2998/3354/2998 2997/3353/2997
f 2998/3354/2998 2991/3243/2991 3174/3347/3174 3176/3355/3176
f 3179/3356/3179 3178/3349/3178 2992/3244/2992 2993/3245/2993
f 2999/3247/2999 3179/3356/3179 2993/3245/2993
f 3000/3246/3000 2994/3239/2994 3001/3357/3001
f 3001/3357/3001 2994/3239/2994 2995/3350/2995 3180/3358/3180
f 2995/3352/2995 2996/3351/2996 3002/3359/3002 3180/3360/3180
f 2996/3351/2996 2997/3353/2997 3003/3361/3003 3002/3359/3002
f 3003/3361/3003 2997/3353/2997 2998/3354/2998 3181/3362/3181
f 3181/3362/3181 2998/3354/2998 3176/3355/3176 3182/3363/3182
f 3185/3364/3185 3179/3356/3179 2999/3247/2999 3004/3365/3004
f 2999/3247/2999 3005/3249/3005 3004/3365/3004
f 3007/3248/3007 3000/3246/3000 3008/3366/3008
f 3008/3366/3008 3000/3246/3000 3001/3357/3001 3186/3367/3186
f 3186/3367/3186 3001/3357/3001 3180/3358/3180 3187/3368/3187
f 3188/3369/3188 3187/3370/3187 3180/3360/3180 3002/3359/3002
f 3189/3371/3189 3188/3369/3188 3002/3359/3002 3003/3361/3003
f 3189/3371/3189 3003/3361/3003 3181/3362/3181 3190/3372/3190
f 3192/3373/3192 3183/3374/3183 3184/3375/3184 3009/3376/3009
f 3184/3375/3184 3185/3364/3185 3010/3377/3010 3009/3376/3009
f 3004/3365/3004 3011/3378/3011 3010/3377/3010 3185/3364/3185
f 3004/3365/3004 3005/3249/3005 3012/3252/3012 3011/3378/3011
f 3006/3250/3006 3193/3379/3193 3201/3380/3201 3013/3251/3013
f 3194/3381/3194 3193/3379/3193 3006/3250/3006 3007/3248/3007
f 3195/3382/3195 3194/3381/3194 3007/3248/3007 3008/3366/3008
f 3195/3382/3195 3008/3366/3008 3186/3367/3186 3196/3383/3196
f 3198/3384/3198 3189/3371/3189 3199/3385/3199 3014/3386/3014
f 3200/3387/3200 3191/3388/3191 3192/3373/3192 3015/3389/3015
f 3009/3376/3009 3016/3390/3016 3015/3389/3015 3192/3373/3192
f 3009/3376/3009 3010/3377/3010 3017/3391/3017 3016/3390/3016
f 3010/3377/3010 3011/3378/3011 3018/3392/3018 3017/3391/3017
f 3011/3378/3011 3012/3252/3012 3019/3393/3019 3018/3392/3018
f 3012/3252/3012 3020/3253/3020 3019/3393/3019
f 3013/3251/3013 3201/3380/3201 3021/3254/3021
f 3206/3394/3206 3197/3395/3197 3198/3384/3198 3022/3396/3022
f 3014/3386/3014 3023/3397/3023 3022/3396/3022 3198/3384/3198
f 3024/3398/3024 3023/3397/3023 3014/3386/3014 3199/3385/3199
f 3199/3385/3199 3200/3387/3200 3025/3399/3025 3024/3398/3024
f 3015/3389/3015 3026/3400/3026 3025/3399/3025 3200/3387/3200
f 3015/3389/3015 3016/3390/3016 3027/3401/3027 3026/3400/3026
f 3016/3390/3016 3017/3391/3017 3028/3402/3028 3027/3401/3027
f 3017/3391/3017 3018/3392/3018 3029/3403/3029 3028/3402/3028
f 3018/3392/3018 3019/3393/3019 3030/3404/3030 3029/3403/3029
f 3019/3393/3019 3020/3253/3020 3031/3405/3031 3030/3404/3030
f 3020/3253/3020 3032/3255/3032 3031/3405/3031
f 3021/3254/3021 3201/3380/3201 3207/3406/3207 3033/3256/3033
f 3212/3407/3212 3206/3394/3206 3022/3396/3022 3034/3408/3034
f 3022/3396/3022 3023/3397/3023 3035/3409/3035 3034/3408/3034
f 3035/3409/3035 3023/3397/3023 3024/3398/3024 3213/3410/3213
f 3214/3411/3214 3213/3410/3213 3024/3398/3024 3025/3399/3025
f 3215/3412/3215 3214/3411/3214 3025/3399/3025 3026/3400/3026
f 3026/3400/3026 3027/3401/3027 3036/3413/3036 3215/3412/3215
f 3027/3401/3027 3028/3402/3028 3037/3414/3037 3036/3413/3036
f 3028/3402/3028 3029/3403/3029 3038/3415/3038 3037/3414/3037
f 3029/3403/3029 3030/3404/3030 3039/3416/3039 3038/3415/3038
f 3030/3404/3030 3031/3405/3031 3040/3417/3040 3039/3416/3039
f 3031/3405/3031 3032/3255/3032 3041/3418/3041 3040/3417/3040
f 3032/3255/3032 3042/3257/3042 3041/3418/3041
f 3043/3258/3043 3033/3256/3033 3207/3406/3207 3216/3419/3216
f 3222/3420/3222 3221/3421/3221 3212/3407/3212 3034/3408/3034
f 3223/3422/3223 3222/3420/3222 3034/3408/3034 3035/3409/3035
f 3223/3422/3223 3035/3409/3035 3213/3410/3213 3224/3423/3224
f 3226/3424/3226 3215/3412/3215 3036/3413/3036 3044/3425/3044
f 3036/3413/3036 3037/3414/3037 3045/3426/3045 3044/3425/3044
f 3037/3414/3037 3038/3415/3038 3046/3427/3046 3045/3426/3045
f 3038/3415/3038 3039/3416/3039 3047/3428/3047 3046/3427/3046
f 3039/3416/3039 3040/3417/3040 3048/3429/3048 3047/3428/3047
f 3040/3417/3040 3041/3418/3041 3049/3430/3049 3048/3429/3048
f 3041/3418/3041 3042/3257/3042 3050/3259/3050 3049/3430/3049
f 3043/3258/3043 3216/3419/3216 3227/3431/3227 3051/3260/3051
f 3231/3432/3231 3220/3433/3220 3232/3434/3232 3052/3435/3052
f 3238/3436/3238 3237/3437/3237 3226/3424/3226 3044/3425/3044
f 3044/3425/3044 3045/3426/3045 3053/3438/3053 3238/3436/3238
f 3045/3426/3045 3046/3427/3046 3054/3439/3054 3053/3438/3053
f 3046/3427/3046 3047/3428/3047 3055/3440/3055 3054/3439/3054
f 3055/3440/3055 3047/3428/3047 3048/3429/3048 3239/3441/3239
f 3240/3442/3240 3239/3441/3239 3048/3429/3048 3049/3430/3049
f 3049/3430/3049 3050/3259/3050 3056/3261/3056 3240/3442/3240
f 3242/3443/3242 3241/3444/3241 3057/3262/3057 3051/3260/3051
f 3242/3443/3242 3051/3260/3051 3227/3431/3227 3243/3445/3243
f 3247/3446/3247 3231/3432/3231 3052/3435/3052 3058/3447/3058
f 3058/3447/3058 3052/3435/3052 3232/3434/3232 3248/3448/3248
f 3255/3449/3255 3254/3450/3254 3238/3436/3238 3053/3438/3053
f 3256/3451/3256 3255/3449/3255 3053/3438/3053 3054/3439/3054
f 3257/3452/3257 3256/3451/3256 3054/3439/3054 3055/3440/3055
f 3257/3452/3257 3055/3440/3055 3239/3441/3239 3258/3453/3258
f 3259/3454/3259 3240/3442/3240 3056/3261/3056 3059/3263/3059
f 3260/3455/3260 3275/3456/3275 3060/3265/3060 3061/3264/3061
f 3260/3455/3260 3061/3264/3061 3057/3262/3057 3241/3444/3241
f 3263/3457/3263 3247/3446/3247 3058/3447/3058 3248/3448/3248
f 3273/3458/3273 3259/3454/3259 3059/3263/3059 3062/3459/3062
f 3059/3263/3059 3063/3266/3063 3062/3459/3062
f 3274/3460/3274 3286/3461/3286 3064/3268/3064 3065/3267/3065
f 3275/3456/3275 3274/3460/3274 3065/3267/3065 3060/3265/3060
f 3278/3462/3278 3264/3463/3264 3066/3464/3066 3289/3465/3289
f 3264/3466/3264 3265/3467/3265 3067/3468/3067 3066/3469/3066
f 3265/3467/3265 3266/3470/3266 3068/3471/3068 3067/3468/3067
f 3068/3471/3068 3266/3470/3266 3267/3472/3267 3279/3473/3279
f 3285/3474/3285 3273/3458/3273 3062/3459/3062 3069/3475/3069
f 3062/3459/3062 3063/3266/3063 3070/3269/3070 3069/3475/3069
f 3064/3268/3064 3286/3461/3286 3071/3270/3071
f 3066/3469/3066 3067/3468/3067 3072/3476/3072 3289/3477/3289
f 3067/3468/3067 3068/3471/3068 3073/3478/3073 3072/3476/3072
f 3073/3478/3073 3068/3471/3068 3279/3473/3279 3290/3479/3290
f 3298/3480/3298 3285/3474/3285 3069/3475/3069 3074/3481/3074
f 3069/3475/3069 3070/3269/3070 3075/3271/3075 3074/3481/3074
f 3071/3270/3071 3286/3461/3286 3299/3482/3299 3076/3272/3076
f 3301/3483/3301 3289/3477/3289 3072/3476/3072 3077/3484/3077
f 3077/3484/3077 3072/3476/3072 3073/3478/3073 3302/3485/3302
f 3302/3485/3302 3073/3478/3073 3290/3479/3290 3303/3486/3303
f 3305/3487/3305 3293/3488/3293 3306/3489/3306 3078/3490/3078
f 3311/3491/3311 3310/3492/3310 3298/3480/3298 3074/3481/3074
f 3074/3481/3074 3075/3271/3075 3079/3493/3079 3311/3491/3311
f 3075/3271/3075 3080/3273/3080 3079/3493/3079
f 3081/3274/3081 3076/3272/3076 3299/3482/3299 3312/3494/3312
f 3315/3495/3315 3301/3483/3301 3077/3484/3077 3302/3485/3302
f 3319/3496/3319 3305/3487/3305 3078/3490/3078 3082/3497/3082
f 3082/3497/3082 3078/3490/3078 3306/3489/3306 3320/3498/3320
f 3321/3499/3321 3307/3500/3307 3308/3501/3308 3083/3502/3083
f 3308/3501/3308 3309/3503/3309 3084/3504/3084 3083/3502/3083
f 3309/3503/3309 3310/3492/3310 3085/3505/3085 3084/3504/3084
f 3085/3505/3085 3310/3492/3310 3311/3491/3311 3322/3506/3322
f 3323/3507/3323 3322/3506/3322 3311/3491/3311 3079/3493/3079
f 3079/3493/3079 3080/3273/3080 3086/3508/3086 3323/3507/3323
f 3080/3273/3080 3087/3275/3087 3086/3508/3086
f 3088/3276/3088 3081/3274/3081 3312/3494/3312 3324/3509/3324
f 3332/3510/3332 3319/3496/3319 3082/3497/3082 3320/3498/3320
f 3334/3511/3334 3321/3499/3321 3083/3502/3083 3089/3512/3089
f 3083/3502/3083 3084/3504/3084 3090/3513/3090 3089/3512/3089
f 3084/3504/3084 3085/3505/3085 3091/3514/3091 3090/3513/3090
f 3092/3515/3092 3091/3514/3091 3085/3505/3085 3322/3506/3322
f 3322/3506/3322 3323/3507/3323 3093/3516/3093 3092/3515/3092
f 3093/3516/3093 3323/3507/3323 3086/3508/3086 3335/3517/3335
f 3086/3508/3086 3087/3275/3087 3094/3277/3094 3335/3517/3335
f 3095/3278/3095 3088/3276/3088 3324/3509/3324 3336/3518/3336
f 3345/3519/3345 3333/3520/3333 3334/3511/3334 3096/3521/3096
f 3089/3512/3089 3097/3522/3097 3096/3521/3096 3334/3511/3334
f 3089/3512/3089 3090/3513/3090 3098/3523/3098 3097/3522/3097
f 3090/3513/3090 3091/3514/3091 3099/3524/3099 3098/3523/3098
f 3091/3514/3091 3092/3515/3092 3100/3525/3100 3099/3524/3099
f 3092/3515/3092 3093/3516/3093 3101/3526/3101 3100/3525/3100
f 3101/3526/3101 3093/3516/3093 3335/3517/3335 3346/3527/3346
f 3347/3528/3347 3335/3517/3335 3094/3277/3094 3102/3279/3102
f 3336/3518/3336 3348/3529/3348 3103/3280/3103 3095/3278/3095
f 3357/3530/3357 3345/3519/3345 3096/3521/3096 3104/3531/3104
f 3096/3521/3096 3097/3522/3097 3105/3532/3105 3104/3531/3104
f 3097/3522/3097 3098/3523/3098 3106/3533/3106 3105/3532/3105
f 3098/3523/3098 3099/3524/3099 3107/3534/3107 3106/3533/3106
f 3099/3524/3099 3100/3525/3100 3108/3535/3108 3107/3534/3107
f 3108/3535/3108 3100/3525/3100 3101/3526/3101 3358/3536/3358
f 3358/3536/3358 3101/3526/3101 3346/3527/3346 3359/3537/3359
f 3361/3538/3361 3347/3528/3347 3102/3279/3102 3109/3281/3109
f 3103/3280/3103 3348/3529/3348 3362/3539/3362 3110/3282/3110
f 3372/3540/3372 3371/3541/3371 3357/3530/3357 3104/3531/3104
f 3104/3531/3104 3105/3532/3105 3111/3542/3111 3372/3540/3372
f 3105/3532/3105 3106/3533/3106 3112/3543/3112 3111/3542/3111
f 3106/3533/3106 3107/3534/3107 3113/3544/3113 3112/3543/3112
f 3113/3544/3113 3107/3534/3107 3108/3535/3108 3373/3545/3373
f 3373/3545/3373 3108/3535/3108 3358/3536/3358 3374/3546/3374
f 3377/3547/3377 3361/3538/3361 3109/3281/3109 3114/3283/3114
f 3110/3282/3110 3362/3539/3362 3378/3548/3378 3115/3284/3115
f 3390/3549/3390 3389/3550/3389 3372/3540/3372 3111/3542/3111
f 3391/3551/3391 3390/3549/3390 3111/3542/3111 3112/3543/3112
f 3392/3552/3392 3391/3551/3391 3112/3543/3112 3113/3544/3113
f 3392/3552/3392 3113/3544/3113 3373/3545/3373 3393/3553/3393
f 3396/3554/3396 3377/3547/3377 3114/3283/3114 3116/3285/3116
f 3115/3284/3115 3378/3548/3378 3397/3555/3397 3117/3286/3117
f 3411/3556/3411 3396/3554/3396 3116/3285/3116 3118/3287/3118
f 3412/3557/3412 3119/3288/3119 3117/3286/3117 3397/3555/3397
f 3120/3289/3120 3426/3558/3426 3411/3556/3411 3118/3287/3118
f 3119/3288/3119 3412/3557/3412 3427/3559/3427 3121/3290/3121
f 3429/3560/3429 3418/3561/3418 3430/3562/3430 3122/3563/3122
f 3439/3564/3439 3426/3558/3426 3120/3289/3120 3123/3291/3123
f 3121/3290/3121 3427/3559/3427 3440/3565/3440 3124/3292/3124
f 3443/3566/3443 3429/3560/3429 3122/3563/3122 3430/3562/3430
f 3450/3567/3450 3437/3568/3437 3125/3569/3125 3462/3570/3462
f 3437/3568/3437 3438/3571/3438 3126/3572/3126 3125/3569/3125
f 3438/3571/3438 3439/3564/3439 3127/3293/3127 3126/3572/3126
f 3127/3293/3127 3439/3564/3439 3123/3291/3123
f 3451/3573/3451 3128/3294/3128 3124/3292/3124 3440/3565/3440
f 3125/3569/3125 3126/3572/3126 3129/3298/3129 3462/3570/3462
f 3126/3572/3126 3127/3293/3127 3130/3295/3130 3129/3298/3129
f 3128/3294/3128 3451/3573/3451 3463/3574/3463 3131/3296/3131
f 3473/3575/3473 3462/3570/3462 3129/3298/3129 3132/3297/3132
f 3131/3296/3131 3463/3574/3463 3474/3576/3474 3133/3300/3133
f 3481/3577/3481 3472/3578/3472 3473/3575/3473 3134/3579/3134
f 3132/3297/3132 3135/3301/3135 3134/3579/3134 3473/3575/3473
f 3482/3580/3482 3136/3303/3136 3133/3300/3133 3474/3576/3474
f 3487/3581/3487 3479/3582/3479 3480/3583/3480 3137/3584/3137
f 3480/3583/3480 3481/3577/3481 3138/3308/3138 3137/3584/3137
f 3134/3579/3134 3139/3309/3139 3138/3308/3138 3481/3577/3481
f 3134/3579/3134 3135/3301/3135 3140/3304/3140 3139/3309/3139
f 3136/3303/3136 3482/3580/3482 3488/3585/3488 3141/3306/3141
f 3494/3586/3494 3487/3581/3487 3137/3584/3137 3142/3314/3142
f 3137/3584/3137 3138/3308/3138 3143/3307/3143 3142/3314/3142
f 3141/3306/3141 3488/3585/3488 3495/3587/3495 3144/3312/3144
f 3501/3588/3501 3494/3586/3494 3142/3314/3142 3145/3313/3145
f 3495/3587/3495 3502/3589/3502 3146/3317/3146 3144/3312/3144
f 3514/3590/3514 3500/3591/3500 3501/3588/3501 3153/3592/3153
f 3145/3313/3145 3154/3318/3154 3153/3592/3153 3501/3588/3501
f 3146/3319/3146 3502/3593/3502 3147/3320/3147
f 3502/3593/3502 3503/3594/3503 3148/3321/3148 3147/3320/3147
f 3503/3594/3503 3504/3595/3504 3149/3322/3149 3148/3321/3148
f 3504/3595/3504 3505/3596/3505 3150/3323/3150 3149/3322/3149
f 3505/3596/3505 3506/3597/3506 3151/3324/3151 3150/3323/3150
f 3506/3597/3506 3507/3598/3507 3152/3325/3152 3151/3324/3151
f 3152/3325/3152 3507/3598/3507 3508/3599/3508 3155/3326/3155
f 3508/3599/3508 3509/3600/3509 3156/3328/3156 3155/3326/3155
f 3509/3600/3509 3510/3601/3510 3157/3329/3157 3156/3328/3156
f 3510/3601/3510 3511/3602/3511 3158/3330/3158 3157/3329/3157
f 3511/3602/3511 3512/3603/3512 3159/3331/3159 3158/3330/3158
f 3512/3603/3512 3513/3604/3513 3160/3332/3160 3159/3331/3159
f 3160/3332/3160 3513/3604/3513 3515/3605/3515 3162/3333/3162
f 3517/3606/3517 3514/3590/3514 3153/3592/3153 3161/3327/3161
f 3154/3318/3154 3161/3327/3161 3153/3592/3153
f 3515/3605/3515 3516/3607/3516 3163/3336/3163 3162/3333/3162
f 3163/3336/3163 3516/3607/3516 3518/3608/3518 3172/3337/3172
f 3525/3609/3525 3517/3610/3517 3161/3335/3161 3171/3334/3171
f 3172/3346/3172 3518/3611/3518 3526/3612/3526 3173/3338/3173
f 3173/3338/3173 3526/3612/3526 3519/3613/3519 3164/3339/3164
f 3519/3613/3519 3520/3614/3520 3165/3340/3165 3164/3339/3164
f 3520/3614/3520 3521/3615/3521 3166/3341/3166 3165/3340/3165
f 3521/3615/3521 3522/3616/3522 3167/3342/3167 3166/3341/3166
f 3522/3616/3522 3523/3617/3523 3168/3343/3168 3167/3342/3167
f 3523/3617/3523 3524/3618/3524 3169/3344/3169 3168/3343/3168
f 3524/3618/3524 3525/3609/3525 3170/3345/3170 3169/3344/3169
f 3525/3609/3525 3171/3334/3171 3170/3345/3170
f 3174/3347/3174 3175/3348/3175 3177/3619/3177 3176/3355/3176
f 3175/3348/3175 3178/3349/3178 3177/3619/3177
f 3176/3355/3176 3177/3619/3177 3183/3374/3183 3182/3363/3182
f 3177/3619/3177 3178/3349/3178 3184/3375/3184 3183/3374/3183
f 3178/3349/3178 3179/3356/3179 3185/3364/3185 3184/3375/3184
f 3181/3362/3181 3182/3363/3182 3191/3388/3191 3190/3372/3190
f 3182/3363/3182 3183/3374/3183 3192/3373/3192 3191/3388/3191
f 3186/3367/3186 3187/3368/3187 3197/3620/3197 3196/3383/3196
f 3187/3370/3187 3188/3369/3188 3198/3384/3198 3197/3395/3197
f 3189/3371/3189 3198/3384/3198 3188/3369/3188
f 3199/3385/3199 3189/3371/3189 3190/3372/3190
f 3190/3372/3190 3191/3388/3191 3200/3387/3200 3199/3385/3199
f 3201/3380/3201 3193/3379/3193 3202/3621/3202
f 3193/3379/3193 3194/3381/3194 3203/3622/3203 3202/3621/3202
f 3194/3381/3194 3195/3382/3195 3204/3623/3204 3203/3622/3203
f 3195/3382/3195 3196/3383/3196 3205/3624/3205 3204/3623/3204
f 3196/3383/3196 3197/3620/3197 3206/3625/3206 3205/3624/3205
f 3201/3380/3201 3202/3621/3202 3208/3626/3208 3207/3406/3207
f 3202/3621/3202 3203/3622/3203 3209/3627/3209 3208/3626/3208
f 3203/3622/3203 3204/3623/3204 3210/3628/3210 3209/3627/3209
f 3204/3623/3204 3205/3624/3205 3211/3629/3211 3210/3628/3210
f 3205/3624/3205 3206/3625/3206 3212/3630/3212 3211/3629/3211
f 3207/3406/3207 3208/3626/3208 3217/3631/3217 3216/3419/3216
f 3208/3626/3208 3209/3627/3209 3218/3632/3218 3217/3631/3217
f 3209/3627/3209 3210/3628/3210 3219/3633/3219 3218/3632/3218
f 3210/3628/3210 3211/3629/3211 3220/3433/3220 3219/3633/3219
f 3211/3629/3211 3212/3630/3212 3221/3634/3221 3220/3433/3220
f 3213/3410/3213 3214/3411/3214 3225/3635/3225 3224/3423/3224
f 3214/3411/3214 3215/3412/3215 3226/3424/3226 3225/3635/3225
f 3227/3431/3227 3216/3419/3216 3228/3636/3228
f 3216/3419/3216 3217/3631/3217 3229/3637/3229 3228/3636/3228
f 3217/3631/3217 3218/3632/3218 3230/3638/3230 3229/3637/3229
f 3218/3632/3218 3219/3633/3219 3231/3432/3231 3230/3638/3230
f 3220/3433/3220 3231/3432/3231 3219/3633/3219
f 3232/3434/3232 3220/3433/3220 3221/3634/3221
f 3221/3421/3221 3222/3420/3222 3233/3639/3233 3232/3640/3232
f 3222/3420/3222 3223/3422/3223 3234/3641/3234 3233/3639/3233
f 3223/3422/3223 3224/3423/3224 3235/3642/3235 3234/3641/3234
f 3224/3423/3224 3225/3635/3225 3236/3643/3236 3235/3642/3235
f 3225/3635/3225 3226/3424/3226 3237/3437/3237 3236/3643/3236
f 3227/3431/3227 3228/3636/3228 3244/3644/3244 3243/3445/3243
f 3228/3636/3228 3229/3637/3229 3245/3645/3245 3244/3644/3244
f 3229/3637/3229 3230/3638/3230 3246/3646/3246 3245/3645/3245
f 3230/3638/3230 3231/3432/3231 3247/3446/3247 3246/3646/3246
f 3232/3640/3232 3233/3639/3233 3249/3647/3249 3248/3648/3248
f 3233/3639/3233 3234/3641/3234 3250/3649/3250 3249/3647/3249
f 3234/3641/3234 3235/3642/3235 3251/3650/3251 3250/3649/3250
f 3235/3642/3235 3236/3643/3236 3252/3651/3252 3251/3650/3251
f 3236/3643/3236 3237/3437/3237 3253/3652/3253 3252/3651/3252
f 3237/3437/3237 3238/3436/3238 3254/3450/3254 3253/3652/3253
f 3239/3441/3239 3240/3442/3240 3259/3454/3259 3258/3453/3258
f 3241/3444/3241 3527/3653/3527 3535/3654/3535 3260/3455/3260
f 3528/3655/3528 3527/3653/3527 3241/3444/3241 3242/3443/3242
f 3529/3656/3529 3528/3655/3528 3242/3443/3242 3243/3445/3243
f 3530/3657/3530 3529/3656/3529 3243/3445/3243 3244/3644/3244
f 3531/3658/3531 3530/3657/3530 3244/3644/3244 3245/3645/3245
f 3245/3645/3245 3246/3646/3246 3261/3659/3261 3531/3658/3531
f 3246/3646/3246 3247/3446/3247 3262/3660/3262 3261/3659/3261
f 3247/3446/3247 3263/3457/3263 3262/3660/3262
f 3263/3457/3263 3248/3448/3248 3264/3463/3264 3278/3462/3278
f 3248/3648/3248 3249/3647/3249 3265/3467/3265 3264/3466/3264
f 3249/3647/3249 3250/3649/3250 3266/3470/3266 3265/3467/3265
f 3250/3649/3250 3251/3650/3251 3267/3472/3267 3266/3470/3266
f 3251/3650/3251 3252/3651/3252 3268/3661/3268 3267/3472/3267
f 3252/3651/3252 3253/3652/3253 3269/3662/3269 3268/3661/3268
f 3253/3652/3253 3254/3450/3254 3270/3663/3270 3269/3662/3269
f 3254/3450/3254 3255/3449/3255 3271/3664/3271 3270/3663/3270
f 3255/3449/3255 3256/3451/3256 3272/3665/3272 3271/3664/3271
f 3272/3665/3272 3256/3451/3256 3257/3452/3257 3532/3666/3532
f 3533/3667/3533 3532/3666/3532 3257/3452/3257 3258/3453/3258
f 3258/3453/3258 3259/3454/3259 3273/3458/3273 3533/3667/3533
f 3534/3668/3534 3541/3669/3541 3274/3460/3274 3275/3456/3275
f 3535/3654/3535 3534/3668/3534 3275/3456/3275 3260/3455/3260
f 3538/3670/3538 3531/3658/3531 3261/3659/3261 3276/3671/3276
f 3261/3659/3261 3262/3660/3262 3277/3672/3277 3276/3671/3276
f 3262/3660/3262 3263/3457/3263 3278/3462/3278 3277/3672/3277
f 3267/3472/3267 3268/3661/3268 3280/3673/3280 3279/3473/3279
f 3268/3661/3268 3269/3662/3269 3281/3674/3281 3280/3673/3280
f 3269/3662/3269 3270/3663/3270 3282/3675/3282 3281/3674/3281
f 3270/3663/3270 3271/3664/3271 3283/3676/3283 3282/3675/3282
f 3271/3664/3271 3272/3665/3272 3284/3677/3284 3283/3676/3283
f 3284/3677/3284 3272/3665/3272 3532/3666/3532 3539/3678/3539
f 3540/3679/3540 3533/3667/3533 3273/3458/3273 3285/3474/3285
f 3274/3460/3274 3541/3669/3541 3286/3461/3286
f 3545/3680/3545 3544/3681/3544 3538/3670/3538 3276/3671/3276
f 3276/3671/3276 3277/3672/3277 3287/3682/3287 3545/3680/3545
f 3277/3672/3277 3278/3462/3278 3288/3683/3288 3287/3682/3287
f 3278/3462/3278 3289/3465/3289 3288/3683/3288
f 3279/3473/3279 3280/3673/3280 3291/3684/3291 3290/3479/3290
f 3280/3673/3280 3281/3674/3281 3292/3685/3292 3291/3684/3291
f 3281/3674/3281 3282/3675/3282 3293/3488/3293 3292/3685/3292
f 3282/3675/3282 3283/3676/3283 3294/3686/3294 3293/3488/3293
f 3283/3676/3283 3284/3677/3284 3295/3687/3295 3294/3686/3294
f 3296/3688/3296 3295/3687/3295 3284/3677/3284 3539/3678/3539
f 3539/3678/3539 3540/3679/3540 3297/3689/3297 3296/3688/3296
f 3285/3474/3285 3298/3480/3298 3297/3689/3297 3540/3679/3540
f 3299/3482/3299 3286/3461/3286 3541/3669/3541 3546/3690/3546
f 3552/3691/3552 3551/3692/3551 3545/3680/3545 3287/3682/3287
f 3287/3682/3287 3288/3683/3288 3300/3693/3300 3552/3691/3552
f 3288/3683/3288 3289/3465/3289 3301/3694/3301 3300/3693/3300
f 3290/3479/3290 3291/3684/3291 3304/3695/3304 3303/3486/3303
f 3291/3684/3291 3292/3685/3292 3305/3487/3305 3304/3695/3304
f 3293/3488/3293 3305/3487/3305 3292/3685/3292
f 3306/3489/3306 3293/3488/3293 3294/3686/3294
f 3294/3686/3294 3295/3687/3295 3307/3500/3307 3306/3489/3306
f 3295/3687/3295 3296/3688/3296 3308/3501/3308 3307/3500/3307
f 3296/3688/3296 3297/3689/3297 3309/3503/3309 3308/3501/3308
f 3297/3689/3297 3298/3480/3298 3310/3492/3310 3309/3503/3309
f 3299/3482/3299 3546/3690/3546 3553/3696/3553 3312/3494/3312
f 3561/3697/3561 3552/3691/3552 3300/3693/3300 3313/3698/3313
f 3300/3693/3300 3301/3694/3301 3314/3699/3314 3313/3698/3313
f 3301/3483/3301 3315/3495/3315 3314/3700/3314
f 3315/3495/3315 3302/3485/3302 3316/3701/3316
f 3302/3485/3302 3303/3486/3303 3317/3702/3317 3316/3701/3316
f 3303/3486/3303 3304/3695/3304 3318/3703/3318 3317/3702/3317
f 3304/3695/3304 3305/3487/3305 3319/3496/3319 3318/3703/3318
f 3306/3489/3306 3307/3500/3307 3321/3499/3321 3320/3498/3320
f 3312/3494/3312 3553/3696/3553 3562/3704/3562 3324/3509/3324
f 3567/3705/3567 3556/3706/3556 3557/3707/3557 3325/3708/3325
f 3557/3707/3557 3558/3709/3558 3326/3710/3326 3325/3708/3325
f 3558/3709/3558 3559/3711/3559 3327/3712/3327 3326/3710/3326
f 3559/3711/3559 3560/3713/3560 3328/3714/3328 3327/3712/3327
f 3560/3713/3560 3561/3697/3561 3329/3715/3329 3328/3714/3328
f 3329/3715/3329 3561/3697/3561 3313/3698/3313 3568/3716/3568
f 3569/3717/3569 3568/3716/3568 3313/3698/3313 3314/3699/3314
f 3570/3718/3570 3569/3719/3569 3314/3700/3314 3315/3495/3315
f 3571/3720/3571 3570/3718/3570 3315/3495/3315 3316/3701/3316
f 3572/3721/3572 3571/3720/3571 3316/3701/3316 3317/3702/3317
f 3317/3702/3317 3318/3703/3318 3330/3722/3330 3572/3721/3572
f 3318/3703/3318 3319/3496/3319 3331/3723/3331 3330/3722/3330
f 3319/3496/3319 3332/3510/3332 3331/3723/3331
f 3332/3510/3332 3320/3498/3320 3333/3520/3333
f 3320/3498/3320 3321/3499/3321 3334/3511/3334 3333/3520/3333
f 3562/3704/3562 3573/3724/3573 3336/3518/3336 3324/3509/3324
f 3576/3725/3576 3566/3726/3566 3567/3705/3567 3337/3727/3337
f 3325/3708/3325 3338/3728/3338 3337/3727/3337 3567/3705/3567
f 3325/3708/3325 3326/3710/3326 3339/3729/3339 3338/3728/3338
f 3326/3710/3326 3327/3712/3327 3340/3730/3340 3339/3729/3339
f 3327/3712/3327 3328/3714/3328 3341/3731/3341 3340/3730/3340
f 3328/3714/3328 3329/3715/3329 3342/3732/3342 3341/3731/3341
f 3342/3732/3342 3329/3715/3329 3568/3716/3568 3577/3733/3577
f 3582/3734/3582 3581/3735/3581 3572/3721/3572 3330/3722/3330
f 3330/3722/3330 3331/3723/3331 3343/3736/3343 3582/3734/3582
f 3331/3723/3331 3332/3510/3332 3344/3737/3344 3343/3736/3343
f 3332/3510/3332 3333/3520/3333 3345/3519/3345 3344/3737/3344
f 3335/3517/3335 3347/3528/3347 3346/3527/3346
f 3348/3529/3348 3336/3518/3336 3573/3724/3573 3583/3738/3583
f 3586/3739/3586 3576/3725/3576 3337/3727/3337 3349/3740/3349
f 3337/3727/3337 3338/3728/3338 3350/3741/3350 3349/3740/3349
f 3338/3728/3338 3339/3729/3339 3351/3742/3351 3350/3741/3350
f 3339/3729/3339 3340/3730/3340 3352/3743/3352 3351/3742/3351
f 3340/3730/3340 3341/3731/3341 3353/3744/3353 3352/3743/3352
f 3341/3731/3341 3342/3732/3342 3354/3745/3354 3353/3744/3353
f 3355/3746/3355 3354/3745/3354 3342/3732/3342 3577/3733/3577
f 3355/3746/3355 3577/3733/3577 3578/3747/3578 3587/3748/3587
f 3590/3749/3590 3589/3750/3589 3582/3734/3582 3343/3736/3343
f 3343/3736/3343 3344/3737/3344 3356/3751/3356 3590/3749/3590
f 3344/3737/3344 3345/3519/3345 3357/3530/3357 3356/3751/3356
f 3346/3527/3346 3347/3528/3347 3360/3752/3360 3359/3537/3359
f 3347/3528/3347 3361/3538/3361 3360/3752/3360
f 3363/3753/3363 3362/3539/3362 3348/3529/3348 3583/3738/3583
f 3363/3753/3363 3583/3738/3583 3584/3754/3584 3591/3755/3591
f 3593/3756/3593 3586/3739/3586 3349/3740/3349 3364/3757/3364
f 3349/3740/3349 3350/3741/3350 3365/3758/3365 3364/3757/3364
f 3350/3741/3350 3351/3742/3351 3366/3759/3366 3365/3758/3365
f 3351/3742/3351 3352/3743/3352 3367/3760/3367 3366/3759/3366
f 3352/3743/3352 3353/3744/3353 3368/3761/3368 3367/3760/3367
f 3353/3744/3353 3354/3745/3354 3369/3762/3369 3368/3761/3368
f 3354/3745/3354 3355/3746/3355 3370/3763/3370 3369/3762/3369
f 3370/3763/3370 3355/3746/3355 3587/3748/3587 3594/3764/3594
f 3598/3765/3598 3597/3766/3597 3590/3749/3590 3356/3751/3356
f 3356/3751/3356 3357/3530/3357 3371/3541/3371 3598/3765/3598
f 3358/3536/3358 3359/3537/3359 3375/3767/3375 3374/3546/3374
f 3359/3537/3359 3360/3752/3360 3376/3768/3376 3375/3767/3375
f 3360/3752/3360 3361/3538/3361 3377/3547/3377 3376/3768/3376
f 3362/3539/3362 3363/3753/3363 3379/3769/3379 3378/3548/3378
f 3380/3770/3380 3379/3769/3379 3363/3753/3363 3591/3755/3591
f 3380/3770/3380 3591/3755/3591 3592/3771/3592 3599/3772/3599
f 3601/3773/3601 3600/3774/3600 3593/3756/3593 3364/3757/3364
f 3364/3757/3364 3365/3758/3365 3381/3775/3381 3601/3773/3601
f 3365/3758/3365 3366/3759/3366 3382/3776/3382 3381/3775/3381
f 3366/3759/3366 3367/3760/3367 3383/3777/3383 3382/3776/3382
f 3367/3760/3367 3368/3761/3368 3384/3778/3384 3383/3777/3383
f 3368/3761/3368 3369/3762/3369 3385/3779/3385 3384/3778/3384
f 3385/3779/3385 3369/3762/3369 3370/3763/3370 3602/3780/3602
f 3602/3780/3602 3370/3763/3370 3594/3764/3594 3603/3781/3603
f 3607/3782/3607 3596/3783/3596 3597/3766/3597 3386/3784/3386
f 3597/3766/3597 3598/3765/3598 3387/3785/3387 3386/3784/3386
f 3371/3541/3371 3388/3786/3388 3387/3785/3387 3598/3765/3598
f 3371/3541/3371 3372/3540/3372 3389/3550/3389 3388/3786/3388
f 3373/3545/3373 3374/3546/3374 3394/3787/3394 3393/3553/3393
f 3394/3787/3394 3374/3546/3374 3375/3767/3375 3608/3788/3608
f 3609/3789/3609 3608/3788/3608 3375/3767/3375 3376/3768/3376
f 3376/3768/3376 3377/3547/3377 3395/3790/3395 3609/3789/3609
f 3377/3547/3377 3396/3554/3396 3411/3556/3411 3395/3790/3395
f 3378/3548/3378 3379/3769/3379 3398/3791/3398 3397/3555/3397
f 3379/3769/3379 3380/3770/3380 3399/3792/3399 3398/3791/3398
f 3399/3792/3399 3380/3770/3380 3599/3772/3599 3610/3793/3610
f 3613/3794/3613 3612/3795/3612 3601/3773/3601 3381/3775/3381
f 3614/3796/3614 3613/3794/3613 3381/3775/3381 3382/3776/3382
f 3615/3797/3615 3614/3796/3614 3382/3776/3382 3383/3777/3383
f 3383/3777/3383 3384/3778/3384 3400/3798/3400 3615/3797/3615
f 3384/3778/3384 3385/3779/3385 3401/3799/3401 3400/3798/3400
f 3401/3799/3401 3385/3779/3385 3602/3780/3602 3616/3800/3616
f 3619/3801/3619 3605/3802/3605 3606/3803/3606 3402/3804/3402
f 3606/3803/3606 3607/3782/3607 3403/3805/3403 3402/3804/3402
f 3386/3784/3386 3404/3806/3404 3403/3805/3403 3607/3782/3607
f 3386/3784/3386 3387/3785/3387 3405/3807/3405 3404/3806/3404
f 3387/3785/3387 3388/3786/3388 3406/3808/3406 3405/3807/3405
f 3388/3786/3388 3389/3550/3389 3407/3809/3407 3406/3808/3406
f 3389/3550/3389 3390/3549/3390 3408/3810/3408 3407/3809/3407
f 3390/3549/3390 3391/3551/3391 3409/3811/3409 3408/3810/3408
f 3409/3811/3409 3391/3551/3391 3392/3552/3392 3620/3812/3620
f 3621/3813/3621 3620/3812/3620 3392/3552/3392 3393/3553/3393
f 3393/3553/3393 3394/3787/3394 3410/3814/3410 3621/3813/3621
f 3410/3814/3410 3394/3787/3394 3608/3788/3608 3622/3815/3622
f 3623/3816/3623 3609/3789/3609 3395/3790/3395 3411/3556/3411
f 3412/3557/3412 3397/3555/3397 3413/3817/3413
f 3397/3555/3397 3398/3791/3398 3414/3818/3414 3413/3817/3413
f 3398/3791/3398 3399/3792/3399 3415/3819/3415 3414/3818/3414
f 3415/3819/3415 3399/3792/3399 3610/3793/3610 3624/3820/3624
f 3630/3821/3630 3629/3822/3629 3615/3797/3615 3400/3798/3400
f 3631/3823/3631 3630/3821/3630 3400/3798/3400 3401/3799/3401
f 3631/3823/3631 3401/3799/3401 3616/3800/3616 3632/3824/3632
f 3635/3825/3635 3619/3801/3619 3402/3804/3402 3416/3826/3416
f 3402/3804/3402 3403/3805/3403 3417/3827/3417 3416/3826/3416
f 3403/3805/3403 3404/3806/3404 3418/3561/3418 3417/3827/3417
f 3404/3806/3404 3405/3807/3405 3419/3828/3419 3418/3561/3418
f 3405/3807/3405 3406/3808/3406 3420/3829/3420 3419/3828/3419
f 3406/3808/3406 3407/3809/3407 3421/3830/3421 3420/3829/3420
f 3407/3809/3407 3408/3810/3408 3422/3831/3422 3421/3830/3421
f 3422/3831/3422 3408/3810/3408 3409/3811/3409 3636/3832/3636
f 3636/3832/3636 3409/3811/3409 3620/3812/3620 3637/3833/3637
f 3638/3834/3638 3621/3813/3621 3410/3814/3410 3423/3835/3423
f 3424/3836/3424 3423/3835/3423 3410/3814/3410 3622/3815/3622
f 3622/3815/3622 3623/3816/3623 3425/3837/3425 3424/3836/3424
f 3411/3556/3411 3426/3558/3426 3425/3837/3425 3623/3816/3623
f 3427/3559/3427 3412/3557/3412 3413/3817/3413 3639/3838/3639
f 3640/3839/3640 3639/3838/3639 3413/3817/3413 3414/3818/3414
f 3641/3840/3641 3640/3839/3640 3414/3818/3414 3415/3819/3415
f 3641/3840/3641 3415/3819/3415 3624/3820/3624 3642/3841/3642
f 3648/3842/3648 3635/3825/3635 3416/3826/3416 3428/3843/3428
f 3416/3826/3416 3417/3827/3417 3429/3560/3429 3428/3843/3428
f 3418/3561/3418 3429/3560/3429 3417/3827/3417
f 3430/3562/3430 3418/3561/3418 3419/3828/3419
f 3419/3828/3419 3420/3829/3420 3431/3844/3431 3430/3562/3430
f 3420/3829/3420 3421/3830/3421 3432/3845/3432 3431/3844/3431
f 3421/3830/3421 3422/3831/3422 3433/3846/3433 3432/3845/3432
f 3434/3847/3434 3433/3846/3433 3422/3831/3422 3636/3832/3636
f 3636/3832/3636 3637/3833/3637 3435/3848/3435 3434/3847/3434
f 3637/3833/3637 3638/3834/3638 3436/3849/3436 3435/3848/3435
f 3423/3835/3423 3437/3568/3437 3436/3849/3436 3638/3834/3638
f 3423/3835/3423 3424/3836/3424 3438/3571/3438 3437/3568/3437
f 3424/3836/3424 3425/3837/3425 3439/3564/3439 3438/3571/3438
f 3426/3558/3426 3439/3564/3439 3425/3837/3425
f 3650/3850/3650 3649/3851/3649 3440/3565/3440 3427/3559/3427
f 3650/3850/3650 3427/3559/3427 3639/3838/3639 3651/3852/3651
f 3655/3853/3655 3648/3842/3648 3428/3843/3428 3441/3854/3441
f 3428/3843/3428 3429/3560/3429 3442/3855/3442 3441/3854/3441
f 3429/3560/3429 3443/3566/3443 3442/3855/3442
f 3443/3566/3443 3430/3562/3430 3444/3856/3444
f 3430/3562/3430 3431/3844/3431 3445/3857/3445 3444/3856/3444
f 3431/3844/3431 3432/3845/3432 3446/3858/3446 3445/3857/3445
f 3432/3845/3432 3433/3846/3433 3447/3859/3447 3446/3858/3446
f 3433/3846/3433 3434/3847/3434 3448/3860/3448 3447/3859/3447
f 3434/3847/3434 3435/3848/3435 3449/3861/3449 3448/3860/3448
f 3435/3848/3435 3436/3849/3436 3450/3567/3450 3449/3861/3449
f 3437/3568/3437 3450/3567/3450 3436/3849/3436
f 3656/3862/3656 3451/3573/3451 3440/3565/3440 3649/3851/3649
f 3660/3863/3660 3655/3853/3655 3441/3854/3441 3452/3864/3452
f 3441/3854/3441 3442/3855/3442 3453/3865/3453 3452/3864/3452
f 3442/3855/3442 3443/3566/3443 3454/3866/3454 3453/3865/3453
f 3443/3566/3443 3444/3856/3444 3455/3867/3455 3454/3866/3454
f 3444/3856/3444 3445/3857/3445 3456/3868/3456 3455/3867/3455
f 3445/3857/3445 3446/3858/3446 3457/3869/3457 3456/3868/3456
f 3446/3858/3446 3447/3859/3447 3458/3870/3458 3457/3869/3457
f 3447/3859/3447 3448/3860/3448 3459/3871/3459 3458/3870/3458
f 3448/3860/3448 3449/3861/3449 3460/3872/3460 3459/3871/3459
f 3449/3861/3449 3450/3567/3450 3461/3873/3461 3460/3872/3460
f 3450/3567/3450 3462/3570/3462 3461/3873/3461
f 3451/3573/3451 3656/3862/3656 3661/3874/3661 3463/3574/3463
f 3668/3875/3668 3667/3876/3667 3660/3863/3660 3452/3864/3452
f 3452/3864/3452 3453/3865/3453 3464/3877/3464 3668/3875/3668
f 3453/3865/3453 3454/3866/3454 3465/3878/3465 3464/3877/3464
f 3454/3866/3454 3455/3867/3455 3466/3879/3466 3465/3878/3465
f 3455/3867/3455 3456/3868/3456 3467/3880/3467 3466/3879/3466
f 3456/3868/3456 3457/3869/3457 3468/3881/3468 3467/3880/3467
f 3457/3869/3457 3458/3870/3458 3469/3882/3469 3468/3881/3468
f 3458/3870/3458 3459/3871/3459 3470/3883/3470 3469/3882/3469
f 3459/3871/3459 3460/3872/3460 3471/3884/3471 3470/3883/3470
f 3460/3872/3460 3461/3873/3461 3472/3578/3472 3471/3884/3471
f 3461/3873/3461 3462/3570/3462 3473/3575/3473 3472/3578/3472
f 3463/3574/3463 3661/3874/3661 3669/3885/3669 3474/3576/3474
f 3672/3886/3672 3664/3887/3664 3673/3888/3673 3475/3889/3475
f 3677/3890/3677 3676/3891/3676 3668/3875/3668 3464/3877/3464
f 3678/3892/3678 3677/3890/3677 3464/3877/3464 3465/3878/3465
f 3679/3893/3679 3678/3892/3678 3465/3878/3465 3466/3879/3466
f 3466/3879/3466 3467/3880/3467 3476/3894/3476 3679/3893/3679
f 3467/3880/3467 3468/3881/3468 3477/3895/3477 3476/3894/3476
f 3468/3881/3468 3469/3882/3469 3478/3896/3478 3477/3895/3477
f 3469/3882/3469 3470/3883/3470 3479/3582/3479 3478/3896/3478
f 3470/3883/3470 3471/3884/3471 3480/3583/3480 3479/3582/3479
f 3471/3884/3471 3472/3578/3472 3481/3577/3481 3480/3583/3480
f 3474/3576/3474 3669/3885/3669 3680/3897/3680 3482/3580/3482
f 3681/3898/3681 3670/3899/3670 3671/3900/3671 3483/3901/3483
f 3671/3900/3671 3672/3886/3672 3484/3902/3484 3483/3901/3483
f 3475/3889/3475 3485/3903/3485 3484/3902/3484 3672/3886/3672
f 3486/3904/3486 3485/3903/3485 3475/3889/3475 3673/3888/3673
f 3486/3904/3486 3673/3888/3673 3674/3905/3674 3682/3906/3682
f 3687/3907/3687 3686/3908/3686 3679/3893/3679 3476/3894/3476
f 3688/3909/3688 3687/3907/3687 3476/3894/3476 3477/3895/3477
f 3689/3910/3689 3688/3909/3688 3477/3895/3477 3478/3896/3478
f 3478/3896/3478 3479/3582/3479 3487/3581/3487 3689/3910/3689
f 3488/3585/3488 3482/3580/3482 3680/3897/3680 3690/3911/3690
f 3692/3912/3692 3681/3898/3681 3483/3901/3483 3489/3913/3489
f 3483/3901/3483 3484/3902/3484 3490/3914/3490 3489/3913/3489
f 3484/3902/3484 3485/3903/3485 3491/3915/3491 3490/3914/3490
f 3485/3903/3485 3486/3904/3486 3492/3916/3492 3491/3915/3491
f 3493/3917/3493 3492/3916/3492 3486/3904/3486 3682/3906/3682
f 3493/3917/3493 3682/3906/3682 3693/3918/3693 3709/3919/3709
f 3699/3920/3699 3689/3910/3689 3487/3581/3487 3494/3586/3494
f 3690/3911/3690 3700/3921/3700 3495/3587/3495 3488/3585/3488
f 3708/3922/3708 3692/3912/3692 3489/3913/3489 3496/3923/3496
f 3489/3913/3489 3490/3914/3490 3497/3924/3497 3496/3923/3496
f 3490/3914/3490 3491/3915/3491 3498/3925/3498 3497/3924/3497
f 3491/3915/3491 3492/3916/3492 3499/3926/3499 3498/3925/3498
f 3499/3926/3499 3492/3916/3492 3493/3917/3493 3709/3919/3709
f 3715/3927/3715 3698/3928/3698 3699/3920/3699 3500/3591/3500
f 3494/3586/3494 3501/3588/3501 3500/3591/3500 3699/3920/3699
f 3495/3587/3495 3700/3921/3700 3701/3929/3701 3502/3589/3502
f 3502/3589/3502 3701/3929/3701 3716/3930/3716 3503/3931/3503
f 3722/3932/3722 3708/3922/3708 3496/3923/3496 3510/3933/3510
f 3496/3923/3496 3497/3924/3497 3511/3934/3511 3510/3933/3510
f 3497/3924/3497 3498/3925/3498 3512/3935/3512 3511/3934/3511
f 3498/3925/3498 3499/3926/3499 3513/3936/3513 3512/3935/3512
f 3513/3936/3513 3499/3926/3499 3709/3919/3709 3723/3937/3723
f 3729/3938/3729 3715/3927/3715 3500/3591/3500 3514/3590/3514
f 3716/3930/3716 3717/3939/3717 3504/3940/3504 3503/3931/3503
f 3717/3939/3717 3718/3941/3718 3505/3942/3505 3504/3940/3504
f 3718/3941/3718 3719/3943/3719 3506/3944/3506 3505/3942/3505
f 3719/3943/3719 3720/3945/3720 3507/3946/3507 3506/3944/3506
f 3720/3945/3720 3721/3947/3721 3508/3948/3508 3507/3946/3507
f 3721/3947/3721 3722/3932/3722 3509/3949/3509 3508/3948/3508
f 3722/3932/3722 3510/3933/3510 3509/3949/3509
f 3723/3937/3723 3730/3950/3730 3515/3951/3515 3513/3936/3513
f 3736/3952/3736 3729/3938/3729 3514/3590/3514 3517/3606/3517
f 3515/3951/3515 3730/3950/3730 3516/3953/3516
f 3516/3953/3516 3730/3950/3730 3737/3954/3737 3518/3955/3518
f 3740/3956/3740 3732/3957/3732 3521/3958/3521 3520/3959/3520
f 3732/3957/3732 3733/3960/3733 3522/3961/3522 3521/3958/3521
f 3733/3960/3733 3734/3962/3734 3523/3963/3523 3522/3961/3522
f 3734/3962/3734 3735/3964/3735 3524/3965/3524 3523/3963/3523
f 3735/3964/3735 3736/3952/3736 3525/3966/3525 3524/3965/3524
f 3525/3966/3525 3736/3952/3736 3517/3606/3517
f 3518/3967/3518 3737/3968/3737 3738/3969/3738 3526/3970/3526
f 3738/3969/3738 3739/3971/3739 3519/3972/3519 3526/3970/3526
f 3739/3971/3739 3740/3956/3740 3520/3959/3520 3519/3972/3519
f 3527/3653/3527 3741/3973/3741 3743/3974/3743 3535/3654/3535
f 3742/3975/3742 3741/3973/3741 3527/3653/3527 3528/3655/3528
f 3528/3655/3528 3529/3656/3529 3536/3976/3536 3742/3975/3742
f 3529/3656/3529 3530/3657/3530 3537/3977/3537 3536/3976/3536
f 3530/3657/3530 3531/3658/3531 3538/3670/3538 3537/3977/3537
f 3532/3666/3532 3533/3667/3533 3540/3679/3540 3539/3678/3539
f 3541/3669/3541 3534/3668/3534 3542/3978/3542
f 3542/3978/3542 3534/3668/3534 3535/3654/3535 3743/3974/3743
f 3746/3979/3746 3745/3980/3745 3742/3975/3742 3536/3976/3536
f 3536/3976/3536 3537/3977/3537 3543/3981/3543 3746/3979/3746
f 3537/3977/3537 3538/3670/3538 3544/3681/3544 3543/3981/3543
f 3546/3690/3546 3541/3669/3541 3542/3978/3542 3747/3982/3747
f 3747/3982/3747 3542/3978/3542 3743/3974/3743 3748/3983/3748
f 3749/3984/3749 3744/3985/3744 3745/3980/3745 3547/3986/3547
f 3745/3980/3745 3746/3979/3746 3548/3987/3548 3547/3986/3547
f 3543/3981/3543 3549/3988/3549 3548/3987/3548 3746/3979/3746
f 3543/3981/3543 3544/3681/3544 3550/3989/3550 3549/3988/3549
f 3544/3681/3544 3545/3680/3545 3551/3692/3551 3550/3989/3550
f 3553/3696/3553 3546/3690/3546 3554/3990/3554
f 3554/3990/3554 3546/3690/3546 3747/3982/3747 3750/3991/3750
f 3751/3992/3751 3748/3983/3748 3749/3984/3749 3555/3993/3555
f 3547/3986/3547 3556/3706/3556 3555/3993/3555 3749/3984/3749
f 3547/3986/3547 3548/3987/3548 3557/3707/3557 3556/3706/3556
f 3548/3987/3548 3549/3988/3549 3558/3709/3558 3557/3707/3557
f 3549/3988/3549 3550/3989/3550 3559/3711/3559 3558/3709/3558
f 3550/3989/3550 3551/3692/3551 3560/3713/3560 3559/3711/3559
f 3551/3692/3551 3552/3691/3552 3561/3697/3561 3560/3713/3560
f 3553/3696/3553 3554/3990/3554 3563/3994/3563 3562/3704/3562
f 3564/3995/3564 3563/3994/3563 3554/3990/3554 3750/3991/3750
f 3750/3991/3750 3751/3992/3751 3565/3996/3565 3564/3995/3564
f 3555/3993/3555 3566/3726/3566 3565/3996/3565 3751/3992/3751
f 3555/3993/3555 3556/3706/3556 3567/3705/3567 3566/3726/3566
f 3573/3724/3573 3562/3704/3562 3563/3994/3563
f 3563/3994/3563 3564/3995/3564 3574/3997/3574 3573/3724/3573
f 3564/3995/3564 3565/3996/3565 3575/3998/3575 3574/3997/3574
f 3565/3996/3565 3566/3726/3566 3576/3725/3576 3575/3998/3575
f 3568/3716/3568 3569/3717/3569 3578/3747/3578 3577/3733/3577
f 3569/3719/3569 3570/3718/3570 3579/3999/3579 3578/4000/3578
f 3570/3718/3570 3571/3720/3571 3580/4001/3580 3579/3999/3579
f 3571/3720/3571 3572/3721/3572 3581/3735/3581 3580/4001/3580
f 3573/3724/3573 3574/3997/3574 3584/3754/3584 3583/3738/3583
f 3574/3997/3574 3575/3998/3575 3585/4002/3585 3584/3754/3584
f 3575/3998/3575 3576/3725/3576 3586/3739/3586 3585/4002/3585
f 3578/4000/3578 3579/3999/3579 3588/4003/3588 3587/4004/3587
f 3588/4003/3588 3579/3999/3579 3580/4001/3580 3752/4005/3752
f 3753/4006/3753 3752/4005/3752 3580/4001/3580 3581/3735/3581
f 3581/3735/3581 3582/3734/3582 3589/3750/3589 3753/4006/3753
f 3584/3754/3584 3585/4002/3585 3592/3771/3592 3591/3755/3591
f 3585/4002/3585 3586/3739/3586 3593/3756/3593 3592/3771/3592
f 3587/4004/3587 3588/4003/3588 3595/4007/3595 3594/4008/3594
f 3595/4007/3595 3588/4003/3588 3752/4005/3752 3754/4009/3754
f 3755/4010/3755 3753/4006/3753 3589/3750/3589 3596/3783/3596
f 3589/3750/3589 3590/3749/3590 3597/3766/3597 3596/3783/3596
f 3592/3771/3592 3593/3756/3593 3600/3774/3600 3599/3772/3599
f 3594/4008/3594 3595/4007/3595 3604/4011/3604 3603/4012/3603
f 3605/3802/3605 3604/4011/3604 3595/4007/3595 3754/4009/3754
f 3754/4009/3754 3755/4010/3755 3606/3803/3606 3605/3802/3605
f 3596/3783/3596 3607/3782/3607 3606/3803/3606 3755/4010/3755
f 3599/3772/3599 3600/3774/3600 3611/4013/3611 3610/3793/3610
f 3600/3774/3600 3601/3773/3601 3612/3795/3612 3611/4013/3611
f 3602/3780/3602 3603/3781/3603 3617/4014/3617 3616/3800/3616
f 3603/4012/3603 3604/4011/3604 3618/4015/3618 3617/4016/3617
f 3604/4011/3604 3605/3802/3605 3619/3801/3619 3618/4015/3618
f 3608/3788/3608 3609/3789/3609 3623/3816/3623 3622/3815/3622
f 3610/3793/3610 3611/4013/3611 3625/4017/3625 3624/3820/3624
f 3611/4013/3611 3612/3795/3612 3626/4018/3626 3625/4017/3625
f 3612/3795/3612 3613/3794/3613 3627/4019/3627 3626/4018/3626
f 3613/3794/3613 3614/3796/3614 3628/4020/3628 3627/4019/3627
f 3614/3796/3614 3615/3797/3615 3629/3822/3629 3628/4020/3628
f 3616/3800/3616 3617/4014/3617 3633/4021/3633 3632/3824/3632
f 3617/4016/3617 3618/4015/3618 3634/4022/3634 3633/4023/3633
f 3618/4015/3618 3619/3801/3619 3635/3825/3635 3634/4022/3634
f 3620/3812/3620 3621/3813/3621 3638/3834/3638 3637/3833/3637
f 3642/3841/3642 3624/3820/3624 3625/4017/3625 3756/4024/3756
f 3757/4025/3757 3756/4024/3756 3625/4017/3625 3626/4018/3626
f 3758/4026/3758 3757/4025/3757 3626/4018/3626 3627/4019/3627
f 3759/4027/3759 3758/4026/3758 3627/4019/3627 3628/4020/3628
f 3628/4020/3628 3629/3822/3629 3643/4028/3643 3759/4027/3759
f 3629/3822/3629 3630/3821/3630 3644/4029/3644 3643/4028/3643
f 3630/3821/3630 3631/3823/3631 3645/4030/3645 3644/4029/3644
f 3631/3823/3631 3632/3824/3632 3646/4031/3646 3645/4030/3645
f 3646/4031/3646 3632/3824/3632 3633/4021/3633 3760/4032/3760
f 3633/4023/3633 3634/4022/3634 3647/4033/3647 3760/4034/3760
f 3634/4022/3634 3635/3825/3635 3648/3842/3648 3647/4033/3647
f 3639/3838/3639 3640/3839/3640 3652/4035/3652 3651/3852/3651
f 3640/3839/3640 3641/3840/3641 3653/4036/3653 3652/4035/3652
f 3653/4036/3653 3641/3840/3641 3642/3841/3642 3761/4037/3761
f 3761/4037/3761 3642/3841/3642 3756/4024/3756 3762/4038/3762
f 3766/4039/3766 3765/4040/3765 3759/4027/3759 3643/4028/3643
f 3643/4028/3643 3644/4029/3644 3654/4041/3654 3766/4039/3766
f 3654/4041/3654 3644/4029/3644 3645/4030/3645 3767/4042/3767
f 3768/4043/3768 3767/4042/3767 3645/4030/3645 3646/4031/3646
f 3768/4043/3768 3646/4031/3646 3760/4032/3760 3769/4044/3769
f 3770/4045/3770 3769/4046/3769 3760/4034/3760 3647/4033/3647
f 3647/4033/3647 3648/3842/3648 3655/3853/3655 3770/4045/3770
f 3649/3851/3649 3771/4047/3771 3784/4048/3784 3656/3862/3656
f 3772/4049/3772 3771/4047/3771 3649/3851/3649 3650/3850/3650
f 3650/3850/3650 3651/3852/3651 3657/4050/3657 3772/4049/3772
f 3657/4050/3657 3651/3852/3651 3652/4035/3652 3773/4051/3773
f 3774/4052/3774 3773/4051/3773 3652/4035/3652 3653/4036/3653
f 3774/4052/3774 3653/4036/3653 3761/4037/3761 3775/4053/3775
f 3779/4054/3779 3765/4040/3765 3766/4039/3766 3658/4055/3658
f 3654/4041/3654 3659/4056/3659 3658/4055/3658 3766/4039/3766
f 3659/4056/3659 3654/4041/3654 3767/4042/3767 3780/4057/3780
f 3783/4058/3783 3770/4045/3770 3655/3853/3655 3660/3863/3660
f 3656/3862/3656 3784/4048/3784 3661/3874/3661
f 3787/4059/3787 3772/4049/3772 3657/4050/3657 3773/4051/3773
f 3792/4060/3792 3777/4061/3777 3778/4062/3778 3662/4063/3662
f 3778/4062/3778 3779/4054/3779 3663/4064/3663 3662/4063/3662
f 3658/4055/3658 3664/3887/3664 3663/4064/3663 3779/4054/3779
f 3658/4055/3658 3659/4056/3659 3665/4065/3665 3664/3887/3664
f 3666/4066/3666 3665/4065/3665 3659/4056/3659 3780/4057/3780
f 3666/4066/3666 3780/4057/3780 3781/4067/3781 3793/4068/3793
f 3795/4069/3795 3783/4058/3783 3660/3863/3660 3667/3876/3667
f 3661/3874/3661 3784/4048/3784 3796/4070/3796 3669/3885/3669
f 3803/4071/3803 3791/4072/3791 3792/4060/3792 3670/3899/3670
f 3662/4063/3662 3671/3900/3671 3670/3899/3670 3792/4060/3792
f 3662/4063/3662 3663/4064/3663 3672/3886/3672 3671/3900/3671
f 3664/3887/3664 3672/3886/3672 3663/4064/3663
f 3673/3888/3673 3664/3887/3664 3665/4065/3665
f 3665/4065/3665 3666/4066/3666 3674/3905/3674 3673/3888/3673
f 3675/4073/3675 3674/3905/3674 3666/4066/3666 3793/4068/3793
f 3675/4073/3675 3793/4068/3793 3794/4074/3794 3804/4075/3804
f 3806/4076/3806 3805/4077/3805 3795/4069/3795 3667/3876/3667
f 3667/3876/3667 3668/3875/3668 3676/3891/3676 3806/4076/3806
f 3669/3885/3669 3796/4070/3796 3807/4078/3807 3680/3897/3680
f 3814/4079/3814 3803/4071/3803 3670/3899/3670 3681/3898/3681
f 3674/3905/3674 3675/4073/3675 3683/4080/3683 3682/3906/3682
f 3683/4080/3683 3675/4073/3675 3804/4075/3804 3815/4081/3815
f 3818/4082/3818 3817/4083/3817 3806/4076/3806 3676/3891/3676
f 3676/3891/3676 3677/3890/3677 3684/4084/3684 3818/4082/3818
f 3677/3890/3677 3678/3892/3678 3685/4085/3685 3684/4084/3684
f 3678/3892/3678 3679/3893/3679 3686/3908/3686 3685/4085/3685
f 3807/4078/3807 3819/4086/3819 3690/3911/3690 3680/3897/3680
f 3824/4087/3824 3813/4088/3813 3814/4079/3814 3691/4089/3691
f 3681/3898/3681 3692/3912/3692 3691/4089/3691 3814/4079/3814
f 3693/3918/3693 3682/3906/3682 3683/4080/3683
f 3693/3918/3693 3683/4080/3683 3815/4081/3815 3825/4090/3825
f 3828/4091/3828 3818/4082/3818 3684/4084/3684 3694/4092/3694
f 3684/4084/3684 3685/4085/3685 3695/4093/3695 3694/4092/3694
f 3685/4085/3685 3686/3908/3686 3696/4094/3696 3695/4093/3695
f 3686/3908/3686 3687/3907/3687 3697/4095/3697 3696/4094/3696
f 3687/3907/3687 3688/3909/3688 3698/3928/3698 3697/4095/3697
f 3688/3909/3688 3689/3910/3689 3699/3920/3699 3698/3928/3698
f 3701/3929/3701 3700/3921/3700 3690/3911/3690 3819/4086/3819
f 3819/4086/3819 3820/4096/3820 3702/4097/3702 3701/3929/3701
f 3820/4096/3820 3821/4098/3821 3703/4099/3703 3702/4097/3702
f 3821/4098/3821 3822/4100/3822 3704/4101/3704 3703/4099/3703
f 3822/4100/3822 3823/4102/3823 3705/4103/3705 3704/4101/3704
f 3823/4102/3823 3824/4087/3824 3706/4104/3706 3705/4103/3705
f 3691/4089/3691 3707/4105/3707 3706/4104/3706 3824/4087/3824
f 3691/4089/3691 3692/3912/3692 3708/3922/3708 3707/4105/3707
f 3709/3919/3709 3693/3918/3693 3710/4106/3710
f 3710/4106/3710 3693/3918/3693 3825/4090/3825 3829/4107/3829
f 3832/4108/3832 3828/4091/3828 3694/4092/3694 3711/4109/3711
f 3694/4092/3694 3695/4093/3695 3712/4110/3712 3711/4109/3711
f 3695/4093/3695 3696/4094/3696 3713/4111/3713 3712/4110/3712
f 3696/4094/3696 3697/4095/3697 3714/4112/3714 3713/4111/3713
f 3697/4095/3697 3698/3928/3698 3715/3927/3715 3714/4112/3714
f 3716/3930/3716 3701/3929/3701 3702/4097/3702
f 3702/4097/3702 3703/4099/3703 3717/3939/3717 3716/3930/3716
f 3703/4099/3703 3704/4101/3704 3718/3941/3718 3717/3939/3717
f 3704/4101/3704 3705/4103/3705 3719/3943/3719 3718/3941/3718
f 3705/4103/3705 3706/4104/3706 3720/3945/3720 3719/3943/3719
f 3706/4104/3706 3707/4105/3707 3721/3947/3721 3720/3945/3720
f 3707/4105/3707 3708/3922/3708 3722/3932/3722 3721/3947/3721
f 3709/3919/3709 3710/4106/3710 3724/4113/3724 3723/3937/3723
f 3724/4113/3724 3710/4106/3710 3829/4107/3829 3833/4114/3833
f 3836/4115/3836 3832/4108/3832 3711/4109/3711 3725/4116/3725
f 3711/4109/3711 3712/4110/3712 3726/4117/3726 3725/4116/3725
f 3712/4110/3712 3713/4111/3713 3727/4118/3727 3726/4117/3726
f 3713/4111/3713 3714/4112/3714 3728/4119/3728 3727/4118/3727
f 3714/4112/3714 3715/3927/3715 3729/3938/3729 3728/4119/3728
f 3730/3950/3730 3723/3937/3723 3724/4113/3724
f 3731/4120/3731 3730/3950/3730 3724/4113/3724 3833/4114/3833
f 3731/4121/3731 3833/4122/3833 3834/4123/3834 3837/4124/3837
f 3839/4125/3839 3836/4115/3836 3725/4116/3725 3732/3957/3732
f 3725/4116/3725 3726/4117/3726 3733/3960/3733 3732/3957/3732
f 3726/4117/3726 3727/4118/3727 3734/3962/3734 3733/3960/3733
f 3727/4118/3727 3728/4119/3728 3735/3964/3735 3734/3962/3734
f 3728/4119/3728 3729/3938/3729 3736/3952/3736 3735/3964/3735
f 3737/3954/3737 3730/3950/3730 3731/4120/3731
f 3738/3969/3738 3737/3968/3737 3731/4121/3731 3837/4124/3837
f 3837/4124/3837 3838/4126/3838 3739/3971/3739 3738/3969/3738
f 3838/4126/3838 3839/4125/3839 3740/3956/3740 3739/3971/3739
f 3740/3956/3740 3839/4125/3839 3732/3957/3732
f 3743/3974/3743 3741/3973/3741 3744/3985/3744
f 3741/3973/3741 3742/3975/3742 3745/3980/3745 3744/3985/3744
f 3743/3974/3743 3744/3985/3744 3749/3984/3749 3748/3983/3748
f 3747/3982/3747 3748/3983/3748 3751/3992/3751 3750/3991/3750
f 3752/4005/3752 3753/4006/3753 3755/4010/3755 3754/4009/3754
f 3756/4024/3756 3757/4025/3757 3763/4127/3763 3762/4038/3762
f 3757/4025/3757 3758/4026/3758 3764/4128/3764 3763/4127/3763
f 3758/4026/3758 3759/4027/3759 3765/4040/3765 3764/4128/3764
f 3761/4037/3761 3762/4038/3762 3776/4129/3776 3775/4053/3775
f 3762/4038/3762 3763/4127/3763 3777/4061/3777 3776/4129/3776
f 3763/4127/3763 3764/4128/3764 3778/4062/3778 3777/4061/3777
f 3764/4128/3764 3765/4040/3765 3779/4054/3779 3778/4062/3778
f 3767/4042/3767 3768/4043/3768 3781/4067/3781 3780/4057/3780
f 3768/4043/3768 3769/4044/3769 3782/4130/3782 3781/4067/3781
f 3769/4046/3769 3770/4045/3770 3783/4058/3783 3782/4131/3782
f 3784/4048/3784 3771/4047/3771 3785/4132/3785
f 3771/4047/3771 3772/4049/3772 3786/4133/3786 3785/4132/3785
f 3772/4049/3772 3787/4059/3787 3786/4133/3786
f 3787/4059/3787 3773/4051/3773 3788/4134/3788
f 3773/4051/3773 3774/4052/3774 3789/4135/3789 3788/4134/3788
f 3774/4052/3774 3775/4053/3775 3790/4136/3790 3789/4135/3789
f 3775/4053/3775 3776/4129/3776 3791/4072/3791 3790/4136/3790
f 3776/4129/3776 3777/4061/3777 3792/4060/3792 3791/4072/3791
f 3781/4067/3781 3782/4130/3782 3794/4074/3794 3793/4068/3793
f 3782/4131/3782 3783/4058/3783 3795/4069/3795 3794/4137/3794
f 3784/4048/3784 3785/4132/3785 3797/4138/3797 3796/4070/3796
f 3785/4132/3785 3786/4133/3786 3798/4139/3798 3797/4138/3797
f 3786/4133/3786 3787/4059/3787 3799/4140/3799 3798/4139/3798
f 3787/4059/3787 3788/4134/3788 3800/4141/3800 3799/4140/3799
f 3788/4134/3788 3789/4135/3789 3801/4142/3801 3800/4141/3800
f 3789/4135/3789 3790/4136/3790 3802/4143/3802 3801/4142/3801
f 3790/4136/3790 3791/4072/3791 3803/4071/3803 3802/4143/3802
f 3794/4137/3794 3795/4069/3795 3805/4077/3805 3804/4144/3804
f 3796/4070/3796 3797/4138/3797 3808/4145/3808 3807/4078/3807
f 3797/4138/3797 3798/4139/3798 3809/4146/3809 3808/4145/3808
f 3798/4139/3798 3799/4140/3799 3810/4147/3810 3809/4146/3809
f 3799/4140/3799 3800/4141/3800 3811/4148/3811 3810/4147/3810
f 3800/4141/3800 3801/4142/3801 3812/4149/3812 3811/4148/3811
f 3801/4142/3801 3802/4143/3802 3813/4088/3813 3812/4149/3812
f 3802/4143/3802 3803/4071/3803 3814/4079/3814 3813/4088/3813
f 3804/4144/3804 3805/4077/3805 3816/4150/3816 3815/4151/3815
f 3805/4077/3805 3806/4076/3806 3817/4083/3817 3816/4150/3816
f 3819/4086/3819 3807/4078/3807 3808/4145/3808
f 3808/4145/3808 3809/4146/3809 3820/4096/3820 3819/4086/3819
f 3809/4146/3809 3810/4147/3810 3821/4098/3821 3820/4096/3820
f 3810/4147/3810 3811/4148/3811 3822/4100/3822 3821/4098/3821
f 3811/4148/3811 3812/4149/3812 3823/4102/3823 3822/4100/3822
f 3812/4149/3812 3813/4088/3813 3824/4087/3824 3823/4102/3823
f 3815/4151/3815 3816/4150/3816 3826/4152/3826 3825/4153/3825
f 3816/4150/3816 3817/4083/3817 3827/4154/3827 3826/4152/3826
f 3817/4083/3817 3818/4082/3818 3828/4091/3828 3827/4154/3827
f 3825/4153/3825 3826/4152/3826 3830/4155/3830 3829/4156/3829
f 3826/4152/3826 3827/4154/3827 3831/4157/3831 3830/4155/3830
f 3827/4154/3827 3828/4091/3828 3832/4108/3832 3831/4157/3831
f 3829/4156/3829 3830/4155/3830 3834/4123/3834 3833/4122/3833
f 3830/4155/3830 3831/4157/3831 3835/4158/3835 3834/4123/3834
f 3831/4157/3831 3832/4108/3832 3836/4115/3836 3835/4158/3835
f 3834/4123/3834 3835/4158/3835 3838/4126/3838 3837/4124/3837
f 3835/4158/3835 3836/4115/3836 3839/4125/3839 3838/4126/3838
