# 3ds Max Wavefront OBJ Exporter v0.99 - (c)2007 guruware
# File Created: 12.03.2025 13:24:53

#
# object Mask
#

v  -10.646378 0.000000 16.173098
v  -10.646378 0.000000 9.565363
v  -6.085153 0.000000 9.565363
v  -6.085153 0.000000 16.173098
v  -6.085153 0.313499 17.629330
v  -10.646378 0.313499 17.629330
v  -10.646378 1.421045 16.173098
v  -10.646378 1.421045 9.565363
v  -6.085153 1.421045 9.565363
v  8.234352 0.000000 9.565363
v  8.234352 0.000000 16.173098
v  -15.150915 0.000000 17.629330
v  8.234352 0.000000 17.629330
v  -6.085153 1.421046 17.629330
v  -10.646378 1.421046 17.629330
v  -15.150915 0.000000 16.173098
v  -15.150915 1.421046 16.173098
v  -6.085153 1.421045 16.173098
v  8.234352 1.421045 9.565363
v  8.234352 1.421045 16.173098
v  -15.150915 1.421046 17.629330
v  8.234352 0.000000 20.035566
v  -6.085153 0.313499 20.035566
v  -6.085153 1.421045 20.035566
v  -20.370188 0.000000 16.173098
v  -20.370188 1.421045 16.173098
v  8.234352 1.421046 17.629330
v  -15.150915 1.421046 20.035568
v  -15.150915 0.000000 20.035566
v  -20.370188 0.000000 17.629330
v  8.234352 1.421045 20.035566
v  8.234352 0.000000 38.263458
v  1.100831 0.083693 29.181267
v  0.625304 0.103364 28.012856
v  -0.209269 0.126659 27.379044
v  -1.637313 0.161732 26.898479
v  -1.804247 0.165465 26.888584
v  -2.310418 0.232111 26.268715
v  -3.021048 0.246510 25.730022
v  -3.845707 0.261882 25.394485
v  -4.727652 0.277176 25.283981
v  -5.616120 0.193136 25.370148
v  -6.085153 0.269444 25.594440
v  -10.646378 0.313499 20.035566
v  -10.646378 1.944727 20.035566
v  -6.085153 1.944727 20.035566
v  -20.370188 1.421046 17.629330
v  -20.370188 0.000000 20.035566
v  -20.370188 1.421045 20.035566
v  -15.150915 1.944727 20.035568
v  8.234352 1.944727 20.035566
v  8.234352 1.944727 21.398127
v  8.234352 1.501343 21.398127
v  8.234352 1.939722 36.952751
v  8.234352 1.944727 38.263458
v  1.069944 0.068722 31.155615
v  1.100831 1.944727 29.181267
v  0.625304 1.944727 28.012856
v  -0.209269 1.944727 27.379044
v  -1.637313 1.944727 26.898479
v  -1.840398 1.944727 26.886442
v  -2.034899 0.646118 26.874914
v  -6.430261 0.268314 25.736946
v  -7.114385 0.267098 25.890457
v  -10.646378 0.267098 25.890457
v  -10.646378 1.944727 21.175285
v  -10.442019 1.944727 21.147591
v  -9.361908 1.944727 20.850838
v  -6.085153 1.944727 21.293301
v  -15.150915 0.000000 24.904934
v  -17.955788 0.000000 24.783886
v  -19.062464 0.000000 25.544777
v  -19.453863 0.000000 26.725111
v  -20.764856 0.000000 31.238073
v  -20.517817 0.000000 33.073975
v  -20.029442 0.000000 36.703384
v  -17.483654 0.000000 39.602905
v  -16.380466 0.000000 39.634964
v  -15.150915 0.000000 39.410007
v  -15.150915 0.000000 58.570099
v  -23.353178 0.000000 51.775154
v  -20.370188 1.944727 20.035566
v  -15.150915 1.944727 24.904934
v  -14.402563 1.944727 24.937231
v  -12.500914 1.944727 26.050190
v  -11.968645 1.944727 27.153843
v  -11.588522 1.944727 29.253912
v  -12.278902 1.944727 30.700394
v  -13.694010 1.944727 31.656721
v  -14.664452 1.944727 31.656721
v  -15.150915 1.944727 31.656721
v  -15.150915 1.944727 33.402618
v  -14.397621 1.944727 33.002449
v  -12.266897 1.944727 34.028385
v  -11.953243 1.944727 37.000889
v  -14.468372 1.944727 39.157940
v  -15.150915 1.944727 39.410007
v  -15.150915 1.944727 58.570099
v  -10.646378 1.944727 59.592491
v  -10.646378 1.944727 27.007664
v  -12.076805 1.944727 25.890457
v  -11.330791 1.944727 25.890457
v  -10.646378 1.944727 22.529684
v  -11.515352 1.944727 22.757404
v  -12.125385 1.944727 23.611156
v  -12.016436 1.944727 22.306122
v  -11.530550 1.944727 21.295113
v  -11.330791 0.265867 25.890457
v  -12.076805 0.213947 25.890457
v  -11.393204 0.261523 26.424370
v  -11.968645 0.221474 27.153843
v  -12.500914 0.184430 26.050190
v  -14.402563 0.052083 24.937231
v  -6.085153 1.944727 22.850525
v  -6.085153 1.944727 25.583176
v  -5.611598 1.944727 25.387022
v  -4.727652 1.944727 25.270649
v  -3.843707 1.944727 25.387020
v  -3.020001 1.944727 25.728210
v  -2.312669 1.944727 26.270966
v  1.069944 1.944727 31.155615
v  0.463338 1.944727 33.177654
v  5.690440 1.944727 36.952751
v  5.419047 1.944727 36.952751
v  5.027575 1.944727 36.874321
v  4.955735 1.944727 36.500671
v  4.955735 1.944727 35.983620
v  5.021775 1.944727 35.861664
v  5.715610 1.944727 35.812763
v  5.943038 1.944727 35.840691
v  5.995944 1.944727 35.968754
v  5.986546 1.944727 36.109734
v  5.885117 1.944727 36.148308
v  5.678281 1.944727 36.126854
v  5.775012 1.944727 35.985954
v  5.670083 1.944727 35.947227
v  5.419047 1.944727 36.500671
v  5.690440 1.944727 36.500671
v  6.434443 1.944727 35.743298
v  6.030979 1.944727 31.019545
v  4.203094 1.944727 30.493700
v  3.405335 1.944727 30.660185
v  2.730405 1.944727 31.707968
v  2.862545 1.944727 29.833845
v  3.405335 1.944727 29.312315
v  4.203094 1.944727 29.145828
v  6.030979 1.944727 29.442657
v  6.030979 1.944727 27.471174
v  6.030979 1.944727 27.059469
v  5.312142 1.944727 26.738272
v  5.024765 1.944727 26.390881
v  5.024765 1.944727 22.222162
v  4.731702 1.944727 21.806444
v  4.391295 1.944727 21.398127
v  4.654476 1.944727 21.398127
v  -4.694474 1.944727 21.481087
v  -3.614364 1.944727 21.798470
v  -2.534255 1.944727 22.237556
v  -1.454145 1.944727 22.816231
v  -0.630985 1.944727 23.816067
v  0.134761 1.944727 24.550892
v  0.578947 1.944727 25.253542
v  -0.464359 1.944727 24.973989
v  -1.454145 1.944727 24.263142
v  -2.534255 1.944727 23.740620
v  -3.614364 1.944727 23.314472
v  -4.694474 1.944727 23.060688
v  5.024765 2.727703 21.398127
v  5.690440 2.538307 36.952751
v  -1.347080 1.944727 38.263458
v  -1.347080 0.065307 38.263458
v  -1.612956 0.135711 30.114460
v  -1.257451 0.132068 30.895952
v  -0.616985 0.100710 31.779446
v  -0.246114 0.088128 32.342514
v  0.463338 0.065978 33.177654
v  -3.253984 0.154799 33.211494
v  -4.423545 0.181643 32.082897
v  -3.696147 0.231410 32.378029
v  -3.016026 0.219108 31.650574
v  -2.304604 0.209681 31.108997
v  -1.758167 0.203790 30.400383
v  -7.114385 1.944727 26.249290
v  -7.114385 1.944727 25.890457
v  -7.114385 0.306986 26.279606
v  -7.114385 0.646118 26.476101
v  -7.114385 1.595488 26.299219
v  -11.530550 2.847764 21.295113
v  -10.442019 2.847764 21.147591
v  -9.361908 2.847764 20.850838
v  -4.694474 2.847764 21.481087
v  -23.353178 1.944727 51.775154
v  -17.955788 1.944727 24.783886
v  -19.062464 1.944727 25.544777
v  -19.453863 1.944727 26.725111
v  -20.764856 1.944727 31.238073
v  -20.517817 1.944727 33.073975
v  -20.029442 1.944727 36.703384
v  -17.483654 1.944727 39.602905
v  -16.380468 1.944727 39.634964
v  -14.468372 0.047502 39.157940
v  -11.588522 0.238747 29.253912
v  -12.278902 0.199882 30.700394
v  -13.694010 0.101395 31.656721
v  -14.664452 0.033856 31.656721
v  -15.150915 0.000000 31.656721
v  -15.763237 0.000000 31.656721
v  -15.763237 1.944727 31.656721
v  -16.671682 1.944727 30.840946
v  -17.066080 1.944727 29.382528
v  -15.538773 1.944727 29.881701
v  -15.165874 1.944727 30.235586
v  -15.150915 1.944727 26.749628
v  -15.378508 1.944727 26.627613
v  -17.683052 1.944727 26.758366
v  -18.994045 1.944727 31.271330
v  -18.651604 1.944727 33.023380
v  -17.974627 1.944727 36.487038
v  -17.012186 1.944727 37.592125
v  -15.775614 1.944727 37.736076
v  -15.150915 1.944727 34.886414
v  -16.102177 1.944727 35.222263
v  -15.465275 1.944727 33.569618
v  -15.465275 0.000000 33.569618
v  -15.150915 0.000000 33.402618
v  -14.397621 0.052427 33.002449
v  -12.274086 0.199702 34.024925
v  -11.953243 0.176694 37.000889
v  -12.704916 0.170233 37.645546
v  -10.646378 0.000000 59.592491
v  -6.071539 1.944727 31.804193
v  -6.435302 1.944727 31.643688
v  -7.142634 1.944727 31.100933
v  -7.685390 1.944727 30.393600
v  -8.081583 1.944727 29.152111
v  -9.537033 1.944727 27.874094
v  -6.085153 1.944727 59.592491
v  -5.829901 2.863017 43.814209
v  -6.836613 1.944727 42.546661
v  -8.431217 1.944727 39.574303
v  -8.789127 1.944727 32.650475
v  -10.646378 0.258244 27.007664
v  -9.537033 0.251377 27.874094
v  -9.431961 1.944727 22.344746
v  -10.504993 1.944727 22.492634
v  -6.435304 1.944727 25.728212
v  -10.504993 2.847764 22.492634
v  -11.515352 2.847764 22.757404
v  -12.125385 2.847764 23.611156
v  -12.016436 2.847764 22.306122
v  -4.694474 2.847764 23.060688
v  -9.431961 2.847764 22.344746
v  -4.479768 1.944727 32.068619
v  -3.253984 1.944727 32.868752
v  -0.246114 1.944727 32.342514
v  -0.616985 1.944727 31.779446
v  -1.257451 1.944727 30.553211
v  -1.636932 1.944727 30.072554
v  -1.769914 1.944727 30.393600
v  -2.312669 1.944727 31.100933
v  -3.020001 1.944727 31.643688
v  -3.843707 1.944727 31.984879
v  5.419047 2.538307 36.952751
v  5.027575 2.538307 36.874321
v  4.955735 2.538307 36.500671
v  4.955735 2.538307 35.983620
v  5.021775 2.538307 35.861664
v  5.715610 2.538307 35.812763
v  5.943038 2.538307 35.840691
v  5.995944 2.538307 35.968754
v  5.986546 2.538307 36.109734
v  5.885117 2.538307 36.148308
v  5.678281 2.538307 36.126854
v  5.775012 2.538307 35.985954
v  5.670083 2.538307 35.947227
v  5.419047 2.538307 36.500671
v  5.690440 2.538307 36.500671
v  6.434443 2.538307 35.743298
v  6.030979 2.538307 31.019545
v  4.203094 2.538307 30.493700
v  3.405335 2.538307 30.660185
v  2.730405 2.538307 31.707968
v  2.862545 2.538307 29.833845
v  3.405335 2.538307 29.312315
v  4.203094 2.538307 29.145828
v  6.030979 2.538307 29.442657
v  6.030979 2.538307 27.471174
v  6.030979 2.538307 27.059469
v  5.312142 2.673611 26.738272
v  5.024765 2.727703 26.390881
v  5.024765 2.727703 22.222162
v  4.731702 2.727703 21.806444
v  4.391295 2.727703 21.398127
v  -3.614364 2.847764 21.798470
v  -2.534255 2.847764 22.237556
v  -1.454145 2.847764 22.816231
v  -0.630985 2.847764 23.816067
v  0.134761 2.847764 24.550892
v  0.578947 2.847764 25.253542
v  -0.464359 2.847764 24.973989
v  -1.454145 2.847764 24.263142
v  -2.534255 2.847764 23.740620
v  -3.614364 2.847764 23.314472
v  -1.729409 0.646118 29.910925
v  -4.727652 1.109060 32.005653
v  -5.160467 0.646118 31.895710
v  -4.727652 0.501626 32.005650
v  -16.102177 0.000000 35.222263
v  -15.150915 0.000000 34.886414
v  -15.150915 0.000000 37.594265
v  -15.775614 0.000000 37.736076
v  -17.012186 0.000000 37.592125
v  -17.974627 0.000000 36.487038
v  -18.651604 0.000000 33.023380
v  -18.994045 0.000000 31.271330
v  -17.683052 0.000000 26.758366
v  -15.378508 0.000000 26.627613
v  -15.150915 0.000000 26.749628
v  -15.165874 0.000000 30.235586
v  -15.538773 0.000000 29.881701
v  -17.066080 0.000000 29.382528
v  -16.671682 0.000000 30.840946
v  -13.864126 0.089556 29.712261
v  -13.864126 1.944727 29.712261
v  -13.774134 1.944727 29.445744
v  -13.540407 1.944727 29.253912
v  -13.348839 1.944727 28.534035
v  -13.881105 1.944727 27.430382
v  -13.881105 0.088374 27.430382
v  -14.280909 0.060549 37.396767
v  -14.280909 1.944727 37.396767
v  -13.605888 1.944727 36.363983
v  -13.985977 1.944727 34.454582
v  -14.737867 1.944727 34.740585
v  -14.737867 0.028747 34.740585
v  -6.085153 0.000000 59.592491
v  -8.789127 0.213523 32.650475
v  -6.075398 0.219986 31.808069
v  -5.823503 0.646118 31.737679
v  -7.913602 0.646118 29.299612
v  -8.081396 0.241247 29.152275
v  8.234352 1.944727 59.592491
v  8.234352 1.944727 45.230011
v  -2.524556 1.944727 45.230011
v  -2.677013 1.944727 45.230011
v  -4.910544 1.944727 44.312988
v  -6.836613 0.135093 42.546661
v  -4.910544 0.095378 44.312992
v  -6.016391 0.095377 44.078667
v  -8.431217 0.158650 39.574303
v  -8.027594 0.237935 29.570166
v  -7.688374 0.231396 30.395325
v  -7.146529 0.225773 31.104828
v  -6.438848 0.221453 31.649828
v  -13.985977 0.081075 34.454582
v  -13.605888 0.107528 36.363983
v  -13.348839 0.125418 28.534035
v  -13.540407 0.112086 29.253912
v  -13.774134 0.095819 29.445744
v  8.234352 0.000000 59.592491
v  8.234352 0.000000 45.230011
v  -2.677013 0.039212 45.230011
v  -2.497959 0.035292 45.230011
v  -4.727652 2.401711 25.218369
v  -3.830176 2.401711 25.336525
v  -5.625129 2.401711 25.336525
v  -4.727652 2.802839 25.382154
v  -3.872567 2.802839 25.494728
v  -2.993862 2.401711 25.682936
v  -6.461443 2.401711 25.682938
v  -5.582738 2.802839 25.494728
v  -4.727652 3.793234 26.167448
v  -4.075816 3.793234 26.253265
v  -3.075755 2.802839 25.824780
v  -2.275702 2.401711 26.233999
v  -7.179603 2.401711 26.234001
v  -6.379550 2.802839 25.824780
v  -5.379489 3.793234 26.253265
v  -4.727652 4.426217 27.430870
v  -4.402814 4.426217 27.473637
v  -3.468401 3.793234 26.504864
v  -2.391516 2.802839 26.349813
v  -1.724639 2.401711 26.952160
v  -1.898571 0.646118 27.052578
v  -7.556734 0.646118 27.052580
v  -7.730666 2.401711 26.952160
v  -7.063790 2.802839 26.349815
v  -5.986903 3.793234 26.504864
v  -5.052491 4.426217 27.473637
v  -4.321456 2.401711 27.170006
v  -4.100113 4.426217 27.599020
v  -2.946803 3.793234 26.905100
v  -1.866481 2.802839 27.034052
v  -1.378227 2.401711 27.788473
v  -1.572222 0.646118 27.840454
v  -2.275702 0.098166 26.233999
v  -1.724639 0.098166 26.952160
v  -7.179603 0.098166 26.234001
v  -7.730666 0.098166 26.952160
v  -7.883082 0.646118 27.840456
v  -8.077078 2.401711 27.788475
v  -7.588824 2.802839 27.034054
v  -6.508502 3.793234 26.905102
v  -5.355191 4.426217 27.599020
v  -4.727652 1.944727 27.189533
v  -5.114954 1.944727 27.240522
v  -4.475165 1.944727 27.149769
v  -3.942941 2.401711 27.326790
v  -3.840178 4.426217 27.798475
v  -2.546566 3.793234 27.426699
v  -1.536431 2.802839 27.830864
v  -1.378226 0.098166 27.788473
v  -1.260072 2.401711 28.685949
v  -1.460911 0.646118 28.685949
v  -2.559343 -0.302962 26.517641
v  -2.072026 -0.302962 27.152723
v  -2.993862 0.098166 25.682936
v  -6.461443 0.098166 25.682938
v  -7.383277 -0.302962 27.152725
v  -6.895962 -0.302962 26.517641
v  -8.077078 0.098166 27.788475
v  -7.994393 0.646118 28.685951
v  -8.195232 2.401711 28.685951
v  -7.918874 2.802839 27.830866
v  -6.908739 3.793234 27.426701
v  -5.615127 4.426217 27.798475
v  -5.512363 2.401711 27.326790
v  -5.369130 1.944727 27.267462
v  -4.331342 1.944727 27.206902
v  -3.962050 1.944727 27.359890
v  -3.617903 2.401711 27.576200
v  -3.640723 4.426217 28.058411
v  -2.294967 3.793234 28.034113
v  -1.423857 2.802839 28.685949
v  -1.765687 -0.302962 27.892292
v  -1.260071 0.098166 28.685949
v  -1.378227 2.401711 29.583426
v  -1.572222 0.646118 29.531445
v  -2.946803 -0.449785 26.905100
v  -2.546567 -0.449785 27.426699
v  -3.194426 -0.302962 26.030323
v  -3.830176 0.098166 25.336523
v  -6.260879 -0.302962 26.030325
v  -5.625129 0.098166 25.336525
v  -6.908738 -0.449785 27.426701
v  -6.508502 -0.449785 26.905102
v  -7.689618 -0.302962 27.892296
v  -8.195232 0.098166 28.685951
v  -8.026579 2.401711 29.569895
v  -8.031448 2.802839 28.685951
v  -7.160337 3.793234 28.034115
v  -5.814581 4.426217 28.058411
v  -5.837401 2.401711 27.576202
v  -5.493254 1.944727 27.359890
v  -3.644928 1.944727 27.603226
v  -3.368494 2.401711 27.901237
v  -3.515340 4.426217 28.361111
v  -2.209151 3.793234 28.685949
v  -1.536431 2.802839 29.541035
v  -2.294967 -0.449785 28.034115
v  -1.661200 -0.302962 28.685949
v  -1.378226 0.098166 29.583426
v  -1.724639 2.401711 30.419739
v  -3.334263 -0.302961 27.292561
v  -3.021106 -0.302961 27.700676
v  -3.468401 -0.449785 26.504864
v  -3.933996 -0.302962 25.723984
v  -4.727652 0.098166 25.218369
v  -5.986903 -0.449785 26.504864
v  -5.521309 -0.302962 25.723984
v  -6.434198 -0.302961 27.700676
v  -6.121042 -0.302961 27.292561
v  -7.160337 -0.449785 28.034115
v  -7.794104 -0.302962 28.685951
v  -8.077078 0.098166 29.583426
v  -7.730665 2.401711 30.419741
v  -7.918873 2.802839 29.541035
v  -7.246153 3.793234 28.685951
v  -5.939964 4.426217 28.361111
v  -6.086812 2.401711 27.901239
v  -5.810377 1.944727 27.603226
v  -3.401591 1.944727 27.920349
v  -3.211708 2.401711 28.279753
v  -3.472574 4.426217 28.685949
v  -2.294967 3.793234 29.337786
v  -1.866481 2.802839 30.337847
v  -2.824248 -0.302961 28.175934
v  -2.209151 -0.449785 28.685949
v  -1.765687 -0.302962 29.479605
v  -1.724639 0.098166 30.419741
v  -2.275702 2.401711 31.137899
v  -3.617903 0.098167 27.576200
v  -3.368494 0.098167 27.901237
v  -3.742378 -0.302961 26.979404
v  -4.075816 -0.449785 26.253265
v  -4.727652 -0.302962 25.619497
v  -5.712927 -0.302961 26.979404
v  -5.379489 -0.449785 26.253265
v  -5.829051 0.142239 27.584553
v  -6.631057 -0.302961 28.175934
v  -7.246152 -0.449785 28.685951
v  -7.689617 -0.302962 29.479607
v  -7.730664 0.098166 30.419741
v  -7.179601 2.401711 31.137899
v  -7.588822 2.802839 30.337849
v  -7.160337 3.793234 29.337786
v  -5.982730 4.426217 28.685951
v  -6.243597 2.401711 28.279755
v  -3.248623 1.944727 28.289644
v  -3.158231 2.401711 28.685949
v  -3.515340 4.426217 29.010788
v  -2.546566 3.793234 29.945200
v  -2.391516 2.802839 31.022085
v  -3.211708 0.098167 28.279753
v  -2.757102 -0.302961 28.685949
v  -2.294967 -0.449785 29.337786
v  -2.072026 -0.302962 30.219175
v  -2.275702 0.098166 31.137899
v  -2.993862 2.401711 31.688963
v  -3.646357 0.248343 27.604654
v  -3.402053 0.242789 27.920614
v  -3.942942 0.098167 27.326790
v  -4.217637 -0.302961 26.782545
v  -4.727652 -0.449785 26.167448
v  -5.506742 0.140129 27.336529
v  -5.237669 -0.302961 26.782545
v  -6.076279 0.143553 27.907320
v  -6.243597 0.098167 28.279755
v  -6.698201 -0.302961 28.685951
v  -7.160337 -0.449785 29.337786
v  -7.383276 -0.302962 30.219175
v  -7.179601 0.098166 31.137899
v  -6.461442 2.401711 31.688963
v  -7.063788 2.802839 31.022085
v  -6.908738 3.793234 29.945200
v  -5.939964 4.426217 29.010788
v  -6.297073 2.401711 28.685951
v  -6.206681 1.944727 28.289646
v  -6.069433 1.944727 27.958300
v  -3.196449 1.944727 28.685949
v  -3.211708 2.401711 29.092146
v  -3.640723 4.426217 29.313488
v  -2.946803 3.793234 30.466799
v  -3.075755 2.802839 31.547121
v  -3.248030 0.238505 28.289486
v  -3.158231 0.098167 28.685949
v  -2.824248 -0.302961 29.195965
v  -2.546567 -0.449785 29.945200
v  -2.559343 -0.302962 30.854258
v  -2.993862 0.098166 31.688963
v  -3.830176 2.401711 32.035378
v  -3.963924 0.254780 27.363132
v  -4.321456 0.098167 27.170006
v  -4.727652 -0.302961 26.715401
v  -5.131130 0.137365 27.180149
v  -6.204796 0.248080 28.290150
v  -6.085153 0.250356 28.002886
v  -6.297073 0.098167 28.685951
v  -6.631056 -0.302961 29.195965
v  -6.908737 -0.449785 29.945200
v  -6.895960 -0.302962 30.854259
v  -6.461442 0.098166 31.688963
v  -5.573146 0.646118 31.841379
v  -5.625127 2.401711 32.035378
v  -6.379550 2.802839 31.547121
v  -6.508501 3.793234 30.466799
v  -5.814581 4.426217 29.313488
v  -6.243597 2.401711 29.092146
v  -6.258855 1.944727 28.685951
v  -3.248623 1.944727 29.082254
v  -3.368494 2.401711 29.470659
v  -3.840178 4.426217 29.573423
v  -3.468401 3.793234 30.867035
v  -3.872567 2.802839 31.877171
v  -3.195107 0.235789 28.685949
v  -3.211708 0.098167 29.092146
v  -3.021106 -0.302961 29.671225
v  -2.946803 -0.449785 30.466799
v  -3.194426 -0.302962 31.341574
v  -3.682046 0.098166 32.430656
v  -4.727652 2.401711 32.153530
v  -4.332799 0.261660 27.212337
v  -4.727652 0.098167 27.116528
v  -6.257745 0.244943 28.685951
v  -6.243597 0.098167 29.092146
v  -6.434197 -0.302961 29.671225
v  -6.508501 -0.449785 30.466799
v  -6.260878 -0.302962 31.341574
v  -5.625127 0.098166 32.035378
v  -5.582737 2.802839 31.877171
v  -5.986902 3.793234 30.867035
v  -5.615126 4.426217 29.573423
v  -6.086811 2.401711 29.470661
v  -6.206680 1.944727 29.082254
v  -3.401591 1.944727 29.451551
v  -3.617903 2.401711 29.795698
v  -4.100113 4.426217 29.772879
v  -4.075816 3.793234 31.118635
v  -4.727652 2.802839 31.989744
v  -3.247078 0.234830 29.082668
v  -3.368494 0.098167 29.470659
v  -3.334263 -0.302961 30.079338
v  -3.468401 -0.449785 30.867035
v  -3.933996 -0.302962 31.647915
v  -4.727652 0.098166 32.153530
v  -4.727652 0.268510 27.162172
v  -6.206421 0.241803 29.082186
v  -6.077103 0.140000 29.465055
v  -6.121040 -0.302961 30.079338
v  -5.986902 -0.449785 30.867035
v  -5.521308 -0.302962 31.647915
v  -5.379488 3.793234 31.118635
v  -5.355191 4.426217 29.772879
v  -5.837400 2.401711 29.795698
v  -6.069433 1.944727 29.413599
v  -3.644928 1.944727 29.768673
v  -3.942941 2.401711 30.045109
v  -4.402814 4.426217 29.898262
v  -4.727652 3.793234 31.204451
v  -3.400407 0.235695 29.452234
v  -3.617903 0.098167 29.795698
v  -3.742378 -0.302961 30.392496
v  -4.075816 -0.449785 31.118633
v  -4.727652 -0.302962 31.752401
v  -6.085153 0.239469 29.376572
v  -5.712926 -0.302961 30.392496
v  -5.379488 -0.449785 31.118633
v  -5.052490 4.426217 29.898262
v  -5.512362 2.401711 30.045109
v  -5.810376 1.944727 29.768675
v  -3.962050 1.944727 30.012011
v  -4.321456 2.401711 30.201895
v  -4.727652 4.426217 29.941027
v  -3.644459 0.238324 29.769142
v  -3.942942 0.098167 30.045109
v  -4.217637 -0.302961 30.589354
v  -4.727652 -0.449785 31.204451
v  -5.830003 0.137207 29.788301
v  -5.507568 0.133955 30.036804
v  -5.237668 -0.302961 30.589354
v  -5.493253 1.944727 30.012011
v  -4.331347 1.944727 30.164978
v  -3.962283 0.242533 30.011608
v  -4.321456 0.098167 30.201893
v  -4.727652 -0.302961 30.656498
v  -5.131608 0.130464 30.193537
v  -5.114953 1.944727 30.131376
v  -4.727652 1.944727 30.182365
v  -5.369129 1.944727 30.104439
v  -4.475165 1.944727 30.222130
v  -4.331849 0.248029 30.163107
v  -4.727652 0.126970 30.247652
v  8.248661 3.475705 21.398127
v  8.248661 3.475705 22.222162
v  8.248661 3.475705 26.390881
v  8.251640 3.421613 26.738272
v  8.301664 3.286309 27.471174
v  8.301664 3.286309 29.442657
v  8.301664 3.286309 31.019545
v  8.301664 3.286309 35.743298
v  8.301664 3.286309 36.500668
v  8.368977 0.000000 9.565363
v  8.368977 0.000000 16.173098
v  8.368977 0.000000 17.629330
v  8.368977 1.421045 9.565363
v  8.368977 1.421045 16.173098
v  8.368977 0.000000 20.035566
v  8.368977 1.421046 17.629330
v  8.368977 1.421045 20.035566
v  8.368977 0.000000 38.263458
v  8.368977 1.944727 20.035566
v  8.368977 1.944727 21.398127
v  8.368977 1.501343 21.398127
v  8.368977 1.939722 36.952751
v  8.368977 1.944727 38.263458
v  8.368977 1.944727 59.592491
v  8.368977 1.944727 45.230011
v  8.368977 0.000000 59.592491
v  8.368977 0.000000 45.230011
v  8.354670 3.475705 21.398127
v  8.354670 3.475705 22.222162
v  8.354670 3.475705 26.390881
v  8.351688 3.421613 26.738272
v  8.301664 3.286309 27.059469
v  8.301664 3.281304 36.952751
v  -18.439718 1.944727 34.662930
v  -18.439718 0.000000 34.662930
v  -18.630428 1.944727 20.035566
v  -16.890671 1.944727 20.035566
v  -20.966785 1.944727 26.725113
v  -21.563385 1.944727 31.238073
v  -21.625252 1.944727 33.028442
v  -21.941380 1.944727 36.751106
v  -19.252047 1.944727 55.172630
v  -9.464619 1.944727 25.890457
v  -10.646378 1.944727 25.890457
v  -6.085153 2.847764 22.850525
v  -6.085153 2.847764 21.293301
v  -9.361910 1.944727 20.035566
v  -9.361910 0.313499 20.035566
v  -4.694474 1.944727 20.035566
v  -3.614365 1.944727 20.035568
v  -2.534255 1.944727 20.035566
v  -1.454145 1.944727 20.035568
v  -0.630985 1.944727 20.035568
v  0.134761 1.944727 20.035568
v  0.578947 1.944727 20.035568
v  -1.835478 1.944727 36.789627
v  -2.323875 1.944727 35.315792
v  -3.074127 1.944727 33.097557
v  -1.423609 1.944727 30.763649
v  -2.056064 1.944727 31.479427
v  -2.685881 1.944727 32.186569
v  -3.069203 1.944727 32.648712
v  -2.618349 0.124969 34.895481
v  -1.982715 0.095138 36.579468
v  6.165467 1.944727 32.594131
v  6.299955 1.944727 34.168716
v  -0.302934 1.944727 34.381645
v  -1.069206 1.944727 35.585632
v  5.838995 1.944727 38.263458
v  5.419048 1.944727 38.263458
v  5.027576 1.944727 38.263458
v  5.027576 0.048980 38.263458
v  5.419048 0.032653 38.263458
v  5.838995 0.016327 38.263458
v  5.838995 0.078375 20.035566
v  5.419049 0.156750 20.035566
v  5.027576 0.235125 20.035566
v  5.027576 0.188588 26.898479
v  5.027576 0.142052 29.181269
v  5.027576 0.095516 33.706490
v  5.027576 0.173076 27.659409
v  5.027576 0.157564 28.420338
v  5.027576 0.126540 31.155615
v  -2.310418 0.248187 20.035566
v  -2.546566 0.261250 20.035566
v  -3.845707 0.274312 20.035566
v  -4.727653 0.287374 20.035566
v  -5.616120 0.300437 20.035566
v  -2.310419 0.000000 16.173098
v  -2.546566 0.000000 16.173098
v  -4.727654 0.000000 16.173098
v  -5.616119 0.000000 16.173098
v  -5.616119 0.278666 17.629330
v  -3.845707 0.243833 17.629330
v  -4.727654 0.209000 17.629330
v  -2.546566 0.174166 17.629330
v  -2.310418 0.139333 17.629330
v  -15.150915 1.944727 23.611156
v  -15.150913 1.944727 22.306122
v  -15.150913 1.944727 21.295111
v  -14.402563 1.944727 23.611156
v  -14.402567 1.944727 20.035568
v  -14.402565 1.944727 22.306122
v  -14.402567 1.944727 21.295113
v  -14.402567 0.156750 20.035566
v  -11.530550 0.235125 20.035566
v  -11.530550 1.944727 20.035568
v  -10.646378 1.944727 42.546661
v  -10.646378 1.944727 39.574299
v  -10.646378 1.944727 32.650475
v  -2.677013 1.944727 59.592491
v  -4.910544 1.944727 59.592491
v  -2.524557 1.944727 59.592491
v  -2.677013 0.000000 59.592491
v  -2.524556 0.000000 59.592491
v  -10.646378 1.944727 31.239771
v  -10.646378 1.944727 29.829069
v  -10.595879 1.944727 28.404835
v  -12.274900 1.944727 31.809725
v  -12.270899 1.944727 32.919052
v  -10.646378 1.944727 37.919559
v  -10.646378 1.944727 37.000889
v  -10.646378 1.944727 34.381432
v  -13.210808 1.944727 38.079414
v  0.569306 1.948287 21.384338
v  0.578947 1.944727 22.644554
v  0.578947 1.944727 23.949047
v  4.391295 1.944727 20.035568
v  4.654476 1.944727 20.035568
v  -4.653203 1.421045 16.173098
v  -3.614365 1.421045 16.173098
v  -2.534255 1.421045 16.173098
v  -1.454145 1.421045 16.173098
v  -0.630985 1.421045 16.173098
v  0.134761 1.421045 16.173098
v  0.578947 1.421045 16.173098
v  4.391295 1.421045 16.173098
v  4.654476 1.421045 16.173098
v  4.654476 1.421045 17.629330
v  4.391295 1.421046 17.629330
v  0.578947 1.421046 17.629330
v  0.134761 1.421046 17.629330
v  -0.630985 1.421046 17.629330
v  -1.454145 1.421046 17.629330
v  -2.534255 1.421046 17.629330
v  -3.614365 1.421046 17.629330
v  -4.653203 1.421046 17.629330
v  -4.653202 0.000000 9.565363
v  -3.614365 0.000000 9.565363
v  -2.534255 0.000000 9.565363
v  -1.454145 0.000000 9.565363
v  -0.630985 0.000000 9.565363
v  0.134761 0.000000 9.565363
v  0.578948 0.000000 9.565363
v  4.391295 0.000000 9.565363
v  4.654477 0.000000 9.565363
v  -4.653202 1.421045 9.565363
v  -3.614365 1.421045 9.565363
v  -2.534255 1.421045 9.565363
v  -1.454145 1.421045 9.565363
v  -0.630985 1.421045 9.565363
v  0.134761 1.421045 9.565363
v  0.578948 1.421045 9.565363
v  4.391295 1.421045 9.565363
v  4.654477 1.421045 9.565363
v  -4.653202 1.421045 20.035566
v  -3.614365 1.421045 20.035568
v  -2.534255 1.421045 20.035568
v  -1.454145 1.421045 20.035568
v  -0.630985 1.421045 20.035566
v  0.134761 1.421045 20.035568
v  0.578948 1.421045 20.035568
v  4.391295 1.421045 20.035568
v  4.654477 1.421045 20.035568
v  -15.150915 1.944727 42.546661
v  -19.252047 0.000000 55.172623
v  -21.861683 0.000000 42.546654
v  -22.647278 1.944727 42.546654
v  -20.418415 1.944727 42.546661
v  -17.816257 1.944727 42.546658
v  -1.509879 1.944727 37.772179
v  -1.672678 1.944727 37.280907
v  -1.324630 1.944727 35.986961
v  -1.580054 1.944727 36.388298
v  -1.108413 1.944727 32.043068
v  -1.599842 1.944727 32.306694
v  -2.091270 1.944727 32.570312
v  -2.582698 1.944727 32.833939
v  -0.661666 1.944727 32.937172
v  -1.077218 1.944727 33.531826
v  -1.492771 1.944727 34.126480
v  -1.908323 1.944727 34.721138
v  -1.770836 0.085194 37.140800
v  -1.558958 0.075251 37.702129
v  -8.699650 1.944727 34.381432
v  -8.610172 1.944727 37.000885
v  -8.520695 1.944727 37.919563
v  -8.520695 0.172368 37.843346
v  -8.610172 0.186086 37.000885
v  -8.699650 0.199805 34.381432
v  27.422932 0.000000 16.173098
v  27.422932 0.000000 9.565363
v  22.861708 0.000000 9.565363
v  22.861708 0.000000 16.173098
v  22.861708 0.313499 17.629330
v  27.422932 0.313499 17.629330
v  27.422932 1.421045 16.173098
v  27.422932 1.421045 9.565363
v  22.861708 1.421045 9.565363
v  8.542202 0.000000 9.565363
v  8.542202 0.000000 16.173098
v  31.927469 0.000000 17.629330
v  8.542202 0.000000 17.629330
v  22.861708 1.421046 17.629330
v  27.422932 1.421046 17.629330
v  31.927469 0.000000 16.173098
v  31.927469 1.421046 16.173098
v  22.861708 1.421045 16.173098
v  8.542202 1.421045 9.565363
v  8.542202 1.421045 16.173098
v  31.927469 1.421046 17.629330
v  8.542202 0.000000 20.035566
v  22.861708 0.313499 20.035566
v  22.861708 1.421045 20.035566
v  37.146744 0.000000 16.173098
v  37.146744 1.421045 16.173098
v  8.542202 1.421046 17.629330
v  31.927469 1.421046 20.035568
v  31.927469 0.000000 20.035566
v  37.146744 0.000000 17.629330
v  8.542202 1.421045 20.035566
v  8.542202 0.000000 38.263458
v  15.675724 0.083693 29.181267
v  16.151251 0.103364 28.012856
v  16.985825 0.126659 27.379044
v  18.413868 0.161732 26.898479
v  18.580803 0.165465 26.888584
v  19.086971 0.232111 26.268715
v  19.797602 0.246510 25.730022
v  20.622261 0.261882 25.394485
v  21.504208 0.277176 25.283981
v  22.392673 0.193136 25.370148
v  22.861708 0.269444 25.594440
v  27.422932 0.313499 20.035566
v  27.422932 1.944727 20.035566
v  22.861708 1.944727 20.035566
v  37.146744 1.421046 17.629330
v  37.146744 0.000000 20.035566
v  37.146744 1.421045 20.035566
v  31.927469 1.944727 20.035568
v  8.542202 1.944727 20.035566
v  8.542202 1.944727 21.398127
v  8.542202 1.501343 21.398127
v  8.542202 1.939722 36.952751
v  8.542202 1.944727 38.263458
v  15.706610 0.068722 31.155615
v  15.675724 1.944727 29.181267
v  16.151251 1.944727 28.012856
v  16.985825 1.944727 27.379044
v  18.413868 1.944727 26.898479
v  18.616953 1.944727 26.886442
v  18.811453 0.646118 26.874914
v  23.206816 0.268314 25.736946
v  23.890940 0.267098 25.890457
v  27.422932 0.267098 25.890457
v  27.422932 1.944727 21.175285
v  27.218573 1.944727 21.147591
v  26.138462 1.944727 20.850838
v  22.861708 1.944727 21.293301
v  31.927469 0.000000 24.904934
v  34.732342 0.000000 24.783886
v  35.839020 0.000000 25.544777
v  36.230415 0.000000 26.725111
v  37.541412 0.000000 31.238073
v  37.294373 0.000000 33.073975
v  36.805996 0.000000 36.703384
v  34.260208 0.000000 39.602905
v  33.157021 0.000000 39.634964
v  31.927469 0.000000 39.410007
v  31.927469 0.000000 58.570099
v  40.129730 0.000000 51.775154
v  37.146744 1.944727 20.035566
v  31.927469 1.944727 24.904934
v  31.179117 1.944727 24.937231
v  29.277468 1.944727 26.050190
v  28.745201 1.944727 27.153843
v  28.365076 1.944727 29.253912
v  29.055458 1.944727 30.700394
v  30.470564 1.944727 31.656721
v  31.441006 1.944727 31.656721
v  31.927469 1.944727 31.656721
v  31.927469 1.944727 33.402618
v  31.174175 1.944727 33.002449
v  29.043451 1.944727 34.028385
v  28.729797 1.944727 37.000889
v  31.244926 1.944727 39.157940
v  31.927469 1.944727 39.410007
v  31.927469 1.944727 58.570099
v  27.422932 1.944727 59.592491
v  27.422932 1.944727 27.007664
v  28.853359 1.944727 25.890457
v  28.107346 1.944727 25.890457
v  27.422932 1.944727 22.529684
v  28.291906 1.944727 22.757404
v  28.901939 1.944727 23.611156
v  28.792990 1.944727 22.306122
v  28.307104 1.944727 21.295113
v  28.107346 0.265867 25.890457
v  28.853359 0.213947 25.890457
v  28.169758 0.261523 26.424370
v  28.745201 0.221474 27.153843
v  29.277468 0.184430 26.050190
v  31.179117 0.052083 24.937231
v  22.861708 1.944727 22.850525
v  22.861708 1.944727 25.583176
v  22.388153 1.944727 25.387022
v  21.504208 1.944727 25.270649
v  20.620262 1.944727 25.387020
v  19.796556 1.944727 25.728210
v  19.089224 1.944727 26.270966
v  15.706610 1.944727 31.155615
v  16.313217 1.944727 33.177654
v  11.086115 1.944727 36.952751
v  11.357508 1.944727 36.952751
v  11.748980 1.944727 36.874321
v  11.820820 1.944727 36.500671
v  11.820820 1.944727 35.983620
v  11.754780 1.944727 35.861664
v  11.060946 1.944727 35.812763
v  10.833517 1.944727 35.840691
v  10.780611 1.944727 35.968754
v  10.790009 1.944727 36.109734
v  10.891438 1.944727 36.148308
v  11.098274 1.944727 36.126854
v  11.001543 1.944727 35.985954
v  11.106472 1.944727 35.947227
v  11.357508 1.944727 36.500671
v  11.086115 1.944727 36.500671
v  10.342112 1.944727 35.743298
v  10.745577 1.944727 31.019545
v  12.573460 1.944727 30.493700
v  13.371220 1.944727 30.660185
v  14.046150 1.944727 31.707968
v  13.914009 1.944727 29.833845
v  13.371220 1.944727 29.312315
v  12.573460 1.944727 29.145828
v  10.745577 1.944727 29.442657
v  10.745577 1.944727 27.471174
v  10.745577 1.944727 27.059469
v  11.464413 1.944727 26.738272
v  11.751789 1.944727 26.390881
v  11.751789 1.944727 22.222162
v  12.044853 1.944727 21.806444
v  12.385260 1.944727 21.398127
v  12.122080 1.944727 21.398127
v  21.471027 1.944727 21.481087
v  20.390919 1.944727 21.798470
v  19.310810 1.944727 22.237556
v  18.230700 1.944727 22.816231
v  17.407539 1.944727 23.816067
v  16.641794 1.944727 24.550892
v  16.197609 1.944727 25.253542
v  17.240913 1.944727 24.973989
v  18.230700 1.944727 24.263142
v  19.310810 1.944727 23.740620
v  20.390919 1.944727 23.314472
v  21.471027 1.944727 23.060688
v  11.751789 2.727703 21.398127
v  11.086115 2.538307 36.952751
v  18.123634 1.944727 38.263458
v  18.123634 0.065307 38.263458
v  18.389511 0.135711 30.114460
v  18.034006 0.132068 30.895952
v  17.393539 0.100710 31.779446
v  17.022669 0.088128 32.342514
v  16.313217 0.065978 33.177654
v  20.030539 0.154799 33.211494
v  21.200100 0.181643 32.082897
v  20.472702 0.231410 32.378029
v  19.792580 0.219108 31.650574
v  19.081160 0.209681 31.108997
v  18.534721 0.203790 30.400383
v  23.890940 1.944727 26.249290
v  23.890940 1.944727 25.890457
v  23.890940 0.306986 26.279606
v  23.890940 0.646118 26.476101
v  23.890940 1.595488 26.299219
v  28.307104 2.847764 21.295113
v  27.218573 2.847764 21.147591
v  26.138462 2.847764 20.850838
v  21.471027 2.847764 21.481087
v  40.129730 1.944727 51.775154
v  34.732342 1.944727 24.783886
v  35.839020 1.944727 25.544777
v  36.230415 1.944727 26.725111
v  37.541412 1.944727 31.238073
v  37.294373 1.944727 33.073975
v  36.805996 1.944727 36.703384
v  34.260208 1.944727 39.602905
v  33.157021 1.944727 39.634964
v  31.244926 0.047502 39.157940
v  28.365076 0.238747 29.253912
v  29.055458 0.199882 30.700394
v  30.470564 0.101395 31.656721
v  31.441006 0.033856 31.656721
v  31.927469 0.000000 31.656721
v  32.539791 0.000000 31.656721
v  32.539791 1.944727 31.656721
v  33.448235 1.944727 30.840946
v  33.842636 1.944727 29.382528
v  32.315327 1.944727 29.881701
v  31.942429 1.944727 30.235586
v  31.927469 1.944727 26.749628
v  32.155064 1.944727 26.627613
v  34.459606 1.944727 26.758366
v  35.770599 1.944727 31.271330
v  35.428158 1.944727 33.023380
v  34.751183 1.944727 36.487038
v  33.788742 1.944727 37.592125
v  32.552170 1.944727 37.736076
v  31.927469 1.944727 34.886414
v  32.878731 1.944727 35.222263
v  32.241829 1.944727 33.569618
v  32.241829 0.000000 33.569618
v  31.927469 0.000000 33.402618
v  31.174175 0.052427 33.002449
v  29.050640 0.199702 34.024925
v  28.729797 0.176694 37.000889
v  29.481470 0.170233 37.645546
v  27.422932 0.000000 59.592491
v  22.848095 1.944727 31.804193
v  23.211857 1.944727 31.643688
v  23.919189 1.944727 31.100933
v  24.461945 1.944727 30.393600
v  24.858137 1.944727 29.152111
v  26.313587 1.944727 27.874094
v  22.861708 1.944727 59.592491
v  22.606455 2.863017 43.814209
v  23.613167 1.944727 42.546661
v  25.207771 1.944727 39.574303
v  25.565681 1.944727 32.650475
v  27.422932 0.258244 27.007664
v  26.313587 0.251377 27.874094
v  26.208515 1.944727 22.344746
v  27.281548 1.944727 22.492634
v  23.211859 1.944727 25.728212
v  27.281548 2.847764 22.492634
v  28.291906 2.847764 22.757404
v  28.901939 2.847764 23.611156
v  28.792990 2.847764 22.306122
v  21.471027 2.847764 23.060688
v  26.208515 2.847764 22.344746
v  21.256323 1.944727 32.068619
v  20.030539 1.944727 32.868752
v  17.022669 1.944727 32.342514
v  17.393539 1.944727 31.779446
v  18.034006 1.944727 30.553211
v  18.413486 1.944727 30.072554
v  18.546469 1.944727 30.393600
v  19.089224 1.944727 31.100933
v  19.796556 1.944727 31.643688
v  20.620262 1.944727 31.984879
v  11.357508 2.538307 36.952751
v  11.748980 2.538307 36.874321
v  11.820820 2.538307 36.500671
v  11.820820 2.538307 35.983620
v  11.754780 2.538307 35.861664
v  11.060946 2.538307 35.812763
v  10.833517 2.538307 35.840691
v  10.780611 2.538307 35.968754
v  10.790009 2.538307 36.109734
v  10.891438 2.538307 36.148308
v  11.098274 2.538307 36.126854
v  11.001543 2.538307 35.985954
v  11.106472 2.538307 35.947227
v  11.357508 2.538307 36.500671
v  11.086115 2.538307 36.500671
v  10.342112 2.538307 35.743298
v  10.745577 2.538307 31.019545
v  12.573460 2.538307 30.493700
v  13.371220 2.538307 30.660185
v  14.046150 2.538307 31.707968
v  13.914009 2.538307 29.833845
v  13.371220 2.538307 29.312315
v  12.573460 2.538307 29.145828
v  10.745577 2.538307 29.442657
v  10.745577 2.538307 27.471174
v  10.745577 2.538307 27.059469
v  11.464413 2.673611 26.738272
v  11.751789 2.727703 26.390881
v  11.751789 2.727703 22.222162
v  12.044853 2.727703 21.806444
v  12.385260 2.727703 21.398127
v  20.390919 2.847764 21.798470
v  19.310810 2.847764 22.237556
v  18.230700 2.847764 22.816231
v  17.407539 2.847764 23.816067
v  16.641794 2.847764 24.550892
v  16.197609 2.847764 25.253542
v  17.240913 2.847764 24.973989
v  18.230700 2.847764 24.263142
v  19.310810 2.847764 23.740620
v  20.390919 2.847764 23.314472
v  18.505962 0.646118 29.910925
v  21.504206 1.109060 32.005653
v  21.937021 0.646118 31.895710
v  21.504206 0.501626 32.005650
v  32.878731 0.000000 35.222263
v  31.927469 0.000000 34.886414
v  31.927469 0.000000 37.594265
v  32.552170 0.000000 37.736076
v  33.788742 0.000000 37.592125
v  34.751183 0.000000 36.487038
v  35.428158 0.000000 33.023380
v  35.770599 0.000000 31.271330
v  34.459606 0.000000 26.758366
v  32.155064 0.000000 26.627613
v  31.927469 0.000000 26.749628
v  31.942429 0.000000 30.235586
v  32.315327 0.000000 29.881701
v  33.842636 0.000000 29.382528
v  33.448235 0.000000 30.840946
v  30.640682 0.089556 29.712261
v  30.640682 1.944727 29.712261
v  30.550690 1.944727 29.445744
v  30.316961 1.944727 29.253912
v  30.125393 1.944727 28.534035
v  30.657661 1.944727 27.430382
v  30.657661 0.088374 27.430382
v  31.057463 0.060549 37.396767
v  31.057463 1.944727 37.396767
v  30.382442 1.944727 36.363983
v  30.762531 1.944727 34.454582
v  31.514423 1.944727 34.740585
v  31.514423 0.028747 34.740585
v  22.861708 0.000000 59.592491
v  25.565681 0.213523 32.650475
v  22.851954 0.219986 31.808069
v  22.600058 0.646118 31.737679
v  24.690157 0.646118 29.299612
v  24.857952 0.241247 29.152275
v  8.542202 1.944727 59.592491
v  8.542202 1.944727 45.230011
v  19.301111 1.944727 45.230011
v  19.453568 1.944727 45.230011
v  21.687099 1.944727 44.312988
v  23.613167 0.135093 42.546661
v  21.687099 0.095378 44.312992
v  22.792946 0.095377 44.078667
v  25.207771 0.158650 39.574303
v  24.804150 0.237935 29.570166
v  24.464928 0.231396 30.395325
v  23.923084 0.225773 31.104828
v  23.215403 0.221453 31.649828
v  30.762531 0.081075 34.454582
v  30.382442 0.107528 36.363983
v  30.125393 0.125418 28.534035
v  30.316961 0.112086 29.253912
v  30.550690 0.095819 29.445744
v  8.542202 0.000000 59.592491
v  8.542202 0.000000 45.230011
v  19.453568 0.039212 45.230011
v  19.274513 0.035292 45.230011
v  21.504208 2.401711 25.218369
v  20.606731 2.401711 25.336525
v  22.401684 2.401711 25.336525
v  21.504208 2.802839 25.382154
v  20.649120 2.802839 25.494728
v  19.770416 2.401711 25.682936
v  23.237999 2.401711 25.682938
v  22.359293 2.802839 25.494728
v  21.504208 3.793234 26.167448
v  20.852371 3.793234 26.253265
v  19.852310 2.802839 25.824780
v  19.052258 2.401711 26.233999
v  23.956158 2.401711 26.234001
v  23.156105 2.802839 25.824780
v  22.156044 3.793234 26.253265
v  21.504208 4.426217 27.430870
v  21.179369 4.426217 27.473637
v  20.244957 3.793234 26.504864
v  19.168070 2.802839 26.349813
v  18.501194 2.401711 26.952160
v  18.675125 0.646118 27.052578
v  24.333288 0.646118 27.052580
v  24.507221 2.401711 26.952160
v  23.840343 2.802839 26.349815
v  22.763458 3.793234 26.504864
v  21.829044 4.426217 27.473637
v  21.098011 2.401711 27.170006
v  20.876667 4.426217 27.599020
v  19.723358 3.793234 26.905100
v  18.643036 2.802839 27.034052
v  18.154781 2.401711 27.788473
v  18.348778 0.646118 27.840454
v  19.052258 0.098166 26.233999
v  18.501194 0.098166 26.952160
v  23.956158 0.098166 26.234001
v  24.507221 0.098166 26.952160
v  24.659637 0.646118 27.840456
v  24.853634 2.401711 27.788475
v  24.365379 2.802839 27.034054
v  23.285057 3.793234 26.905102
v  22.131746 4.426217 27.599020
v  21.504208 1.944727 27.189533
v  21.891508 1.944727 27.240522
v  21.251720 1.944727 27.149769
v  20.719496 2.401711 27.326790
v  20.616734 4.426217 27.798475
v  19.323120 3.793234 27.426699
v  18.312986 2.802839 27.830864
v  18.154781 0.098166 27.788473
v  18.036627 2.401711 28.685949
v  18.237465 0.646118 28.685949
v  19.335897 -0.302962 26.517641
v  18.848581 -0.302962 27.152723
v  19.770416 0.098166 25.682936
v  23.237999 0.098166 25.682938
v  24.159832 -0.302962 27.152725
v  23.672516 -0.302962 26.517641
v  24.853632 0.098166 27.788475
v  24.770947 0.646118 28.685951
v  24.971786 2.401711 28.685951
v  24.695429 2.802839 27.830866
v  23.685293 3.793234 27.426701
v  22.391682 4.426217 27.798475
v  22.288918 2.401711 27.326790
v  22.145683 1.944727 27.267462
v  21.107897 1.944727 27.206902
v  20.738605 1.944727 27.359890
v  20.394459 2.401711 27.576200
v  20.417278 4.426217 28.058411
v  19.071522 3.793234 28.034113
v  18.200411 2.802839 28.685949
v  18.542242 -0.302962 27.892292
v  18.036625 0.098166 28.685949
v  18.154781 2.401711 29.583426
v  18.348778 0.646118 29.531445
v  19.723358 -0.449785 26.905100
v  19.323122 -0.449785 27.426699
v  19.970982 -0.302962 26.030323
v  20.606731 0.098166 25.336523
v  23.037434 -0.302962 26.030325
v  22.401684 0.098166 25.336525
v  23.685291 -0.449785 27.426701
v  23.285057 -0.449785 26.905102
v  24.466171 -0.302962 27.892296
v  24.971786 0.098166 28.685951
v  24.803133 2.401711 29.569895
v  24.808002 2.802839 28.685951
v  23.936892 3.793234 28.034115
v  22.591137 4.426217 28.058411
v  22.613956 2.401711 27.576202
v  22.269810 1.944727 27.359890
v  20.421482 1.944727 27.603226
v  20.145048 2.401711 27.901237
v  20.291895 4.426217 28.361111
v  18.985706 3.793234 28.685949
v  18.312986 2.802839 29.541035
v  19.071522 -0.449785 28.034115
v  18.437754 -0.302962 28.685949
v  18.154781 0.098166 29.583426
v  18.501194 2.401711 30.419739
v  20.110817 -0.302961 27.292561
v  19.797661 -0.302961 27.700676
v  20.244957 -0.449785 26.504864
v  20.710550 -0.302962 25.723984
v  21.504208 0.098166 25.218369
v  22.763458 -0.449785 26.504864
v  22.297863 -0.302962 25.723984
v  23.210752 -0.302961 27.700676
v  22.897596 -0.302961 27.292561
v  23.936892 -0.449785 28.034115
v  24.570660 -0.302962 28.685951
v  24.853632 0.098166 29.583426
v  24.507219 2.401711 30.419741
v  24.695427 2.802839 29.541035
v  24.022709 3.793234 28.685951
v  22.716518 4.426217 28.361111
v  22.863365 2.401711 27.901239
v  22.586931 1.944727 27.603226
v  20.178146 1.944727 27.920349
v  19.988262 2.401711 28.279753
v  20.249128 4.426217 28.685949
v  19.071522 3.793234 29.337786
v  18.643036 2.802839 30.337847
v  19.600803 -0.302961 28.175934
v  18.985706 -0.449785 28.685949
v  18.542242 -0.302962 29.479605
v  18.501194 0.098166 30.419741
v  19.052258 2.401711 31.137899
v  20.394459 0.098167 27.576200
v  20.145048 0.098167 27.901237
v  20.518932 -0.302961 26.979404
v  20.852371 -0.449785 26.253265
v  21.504208 -0.302962 25.619497
v  22.489483 -0.302961 26.979404
v  22.156044 -0.449785 26.253265
v  22.605606 0.142239 27.584553
v  23.407612 -0.302961 28.175934
v  24.022707 -0.449785 28.685951
v  24.466171 -0.302962 29.479607
v  24.507217 0.098166 30.419741
v  23.956156 2.401711 31.137899
v  24.365376 2.802839 30.337849
v  23.936892 3.793234 29.337786
v  22.759285 4.426217 28.685951
v  23.020151 2.401711 28.279755
v  20.025177 1.944727 28.289644
v  19.934786 2.401711 28.685949
v  20.291895 4.426217 29.010788
v  19.323120 3.793234 29.945200
v  19.168070 2.802839 31.022085
v  19.988262 0.098167 28.279753
v  19.533657 -0.302961 28.685949
v  19.071522 -0.449785 29.337786
v  18.848581 -0.302962 30.219175
v  19.052258 0.098166 31.137899
v  19.770416 2.401711 31.688963
v  20.422913 0.248343 27.604654
v  20.178608 0.242789 27.920614
v  20.719496 0.098167 27.326790
v  20.994190 -0.302961 26.782545
v  21.504208 -0.449785 26.167448
v  22.283297 0.140129 27.336529
v  22.014223 -0.302961 26.782545
v  22.852833 0.143553 27.907320
v  23.020151 0.098167 28.279755
v  23.474756 -0.302961 28.685951
v  23.936892 -0.449785 29.337786
v  24.159832 -0.302962 30.219175
v  23.956156 0.098166 31.137899
v  23.237997 2.401711 31.688963
v  23.840343 2.802839 31.022085
v  23.685291 3.793234 29.945200
v  22.716518 4.426217 29.010788
v  23.073627 2.401711 28.685951
v  22.983234 1.944727 28.289646
v  22.845987 1.944727 27.958300
v  19.973003 1.944727 28.685949
v  19.988262 2.401711 29.092146
v  20.417278 4.426217 29.313488
v  19.723358 3.793234 30.466799
v  19.852310 2.802839 31.547121
v  20.024584 0.238505 28.289486
v  19.934786 0.098167 28.685949
v  19.600803 -0.302961 29.195965
v  19.323122 -0.449785 29.945200
v  19.335897 -0.302962 30.854258
v  19.770416 0.098166 31.688963
v  20.606731 2.401711 32.035378
v  20.740479 0.254780 27.363132
v  21.098011 0.098167 27.170006
v  21.504208 -0.302961 26.715401
v  21.907684 0.137365 27.180149
v  22.981350 0.248080 28.290150
v  22.861708 0.250356 28.002886
v  23.073627 0.098167 28.685951
v  23.407612 -0.302961 29.195965
v  23.685291 -0.449785 29.945200
v  23.672516 -0.302962 30.854259
v  23.237995 0.098166 31.688963
v  22.349701 0.646118 31.841379
v  22.401682 2.401711 32.035378
v  23.156105 2.802839 31.547121
v  23.285055 3.793234 30.466799
v  22.591137 4.426217 29.313488
v  23.020151 2.401711 29.092146
v  23.035410 1.944727 28.685951
v  20.025177 1.944727 29.082254
v  20.145048 2.401711 29.470659
v  20.616734 4.426217 29.573423
v  20.244957 3.793234 30.867035
v  20.649120 2.802839 31.877171
v  19.971661 0.235789 28.685949
v  19.988262 0.098167 29.092146
v  19.797661 -0.302961 29.671225
v  19.723358 -0.449785 30.466799
v  19.970982 -0.302962 31.341574
v  20.458601 0.098166 32.430656
v  21.504206 2.401711 32.153530
v  21.109354 0.261660 27.212337
v  21.504208 0.098167 27.116528
v  23.034300 0.244943 28.685951
v  23.020151 0.098167 29.092146
v  23.210752 -0.302961 29.671225
v  23.285055 -0.449785 30.466799
v  23.037432 -0.302962 31.341574
v  22.401682 0.098166 32.035378
v  22.359291 2.802839 31.877171
v  22.763456 3.793234 30.867035
v  22.391680 4.426217 29.573423
v  22.863365 2.401711 29.470661
v  22.983234 1.944727 29.082254
v  20.178146 1.944727 29.451551
v  20.394459 2.401711 29.795698
v  20.876667 4.426217 29.772879
v  20.852371 3.793234 31.118635
v  21.504206 2.802839 31.989744
v  20.023632 0.234830 29.082668
v  20.145048 0.098167 29.470659
v  20.110817 -0.302961 30.079338
v  20.244957 -0.449785 30.867035
v  20.710550 -0.302962 31.647915
v  21.504206 0.098166 32.153530
v  21.504208 0.268510 27.162172
v  22.982975 0.241803 29.082186
v  22.853657 0.140000 29.465055
v  22.897594 -0.302961 30.079338
v  22.763456 -0.449785 30.867035
v  22.297863 -0.302962 31.647915
v  22.156042 3.793234 31.118635
v  22.131744 4.426217 29.772879
v  22.613955 2.401711 29.795698
v  22.845987 1.944727 29.413599
v  20.421482 1.944727 29.768673
v  20.719496 2.401711 30.045109
v  21.179369 4.426217 29.898262
v  21.504208 3.793234 31.204451
v  20.176962 0.235695 29.452234
v  20.394459 0.098167 29.795698
v  20.518932 -0.302961 30.392496
v  20.852371 -0.449785 31.118633
v  21.504208 -0.302962 31.752401
v  22.861708 0.239469 29.376572
v  22.489481 -0.302961 30.392496
v  22.156042 -0.449785 31.118633
v  21.829044 4.426217 29.898262
v  22.288918 2.401711 30.045109
v  22.586931 1.944727 29.768675
v  20.738605 1.944727 30.012011
v  21.098011 2.401711 30.201895
v  21.504208 4.426217 29.941027
v  20.421013 0.238324 29.769142
v  20.719496 0.098167 30.045109
v  20.994190 -0.302961 30.589354
v  21.504208 -0.449785 31.204451
v  22.606558 0.137207 29.788301
v  22.284122 0.133955 30.036804
v  22.014221 -0.302961 30.589354
v  22.269808 1.944727 30.012011
v  21.107903 1.944727 30.164978
v  20.738838 0.242533 30.011608
v  21.098011 0.098167 30.201893
v  21.504208 -0.302961 30.656498
v  21.908163 0.130464 30.193537
v  21.891508 1.944727 30.131376
v  21.504208 1.944727 30.182365
v  22.145683 1.944727 30.104439
v  21.251720 1.944727 30.222130
v  21.108404 0.248029 30.163107
v  21.504208 0.126970 30.247652
v  8.527895 3.475705 21.398127
v  8.527895 3.475705 22.222162
v  8.527895 3.475705 26.390881
v  8.524914 3.421613 26.738272
v  8.474890 3.286309 27.471174
v  8.474890 3.286309 29.442657
v  8.474890 3.286309 31.019545
v  8.474890 3.286309 35.743298
v  8.474890 3.286309 36.500668
v  8.407578 0.000000 9.565363
v  8.407578 0.000000 16.173098
v  8.407578 0.000000 17.629330
v  8.407578 1.421045 9.565363
v  8.407578 1.421045 16.173098
v  8.407578 0.000000 20.035566
v  8.407578 1.421046 17.629330
v  8.407578 1.421045 20.035566
v  8.407578 0.000000 38.263458
v  8.407578 1.944727 20.035566
v  8.407578 1.944727 21.398127
v  8.407578 1.501343 21.398127
v  8.407578 1.939722 36.952751
v  8.407578 1.944727 38.263458
v  8.407578 1.944727 59.592491
v  8.407578 1.944727 45.230011
v  8.407578 0.000000 59.592491
v  8.407578 0.000000 45.230011
v  8.421886 3.475705 21.398127
v  8.421886 3.475705 22.222162
v  8.421886 3.475705 26.390881
v  8.424866 3.421613 26.738272
v  8.474890 3.286309 27.059469
v  8.474890 3.281304 36.952751
v  35.216270 1.944727 34.662930
v  35.216270 0.000000 34.662930
v  35.406982 1.944727 20.035566
v  33.667225 1.944727 20.035566
v  37.743340 1.944727 25.544777
v  37.743343 1.944727 26.725109
v  38.401806 1.944727 31.238075
v  38.717934 1.944727 33.073967
v  36.028603 1.944727 55.172630
v  26.241173 1.944727 25.890457
v  27.422932 1.944727 25.890457
v  22.861708 2.847764 22.850525
v  22.861708 2.847764 21.293301
v  26.138464 1.944727 20.035566
v  26.138464 0.313499 20.035566
v  21.471027 1.944727 20.035566
v  20.390919 1.944727 20.035568
v  19.310810 1.944727 20.035566
v  18.230700 1.944727 20.035568
v  17.407539 1.944727 20.035568
v  16.641794 1.944727 20.035568
v  16.197609 1.944727 20.035568
v  18.612032 1.944727 36.789627
v  19.100430 1.944727 35.315792
v  19.850681 1.944727 33.097557
v  18.200163 1.944727 30.763649
v  18.832619 1.944727 31.479427
v  19.462435 1.944727 32.186569
v  19.845757 1.944727 32.648712
v  19.394903 0.124969 34.895481
v  18.759270 0.095138 36.579468
v  10.611088 1.944727 32.594131
v  10.476601 1.944727 34.168716
v  17.079489 1.944727 34.381645
v  17.845760 1.944727 35.585632
v  10.937561 1.944727 38.263458
v  11.357508 1.944727 38.263458
v  11.748980 1.944727 38.263458
v  11.748980 0.048980 38.263458
v  11.357506 0.032653 38.263458
v  10.937561 0.016327 38.263458
v  10.937561 0.078375 20.035566
v  11.357506 0.156750 20.035566
v  11.748980 0.235125 20.035566
v  11.748980 0.188588 26.898479
v  11.748980 0.142052 29.181269
v  11.748980 0.095516 33.706490
v  11.748980 0.173076 27.659409
v  11.748980 0.157564 28.420338
v  11.748980 0.126540 31.155615
v  19.086971 0.248187 20.035566
v  19.323120 0.261250 20.035566
v  20.622261 0.274312 20.035566
v  21.504208 0.287374 20.035566
v  22.392673 0.300437 20.035566
v  19.086973 0.000000 16.173098
v  19.323120 0.000000 16.173098
v  21.504208 0.000000 16.173098
v  22.392673 0.000000 16.173098
v  22.392673 0.278666 17.629330
v  20.622261 0.243833 17.629330
v  21.504208 0.209000 17.629330
v  19.323120 0.174166 17.629330
v  19.086973 0.139333 17.629330
v  31.927469 1.944727 23.611156
v  31.927467 1.944727 22.306122
v  31.927467 1.944727 21.295111
v  31.179119 1.944727 23.611156
v  31.179121 1.944727 20.035568
v  31.179119 1.944727 22.306122
v  31.179121 1.944727 21.295113
v  31.179123 0.156750 20.035566
v  28.307104 0.235125 20.035566
v  28.307104 1.944727 20.035568
v  27.422932 1.944727 42.546661
v  27.422932 1.944727 39.574299
v  27.422932 1.944727 32.650475
v  19.453568 1.944727 59.592491
v  21.687099 1.944727 59.592491
v  19.301111 1.944727 59.592491
v  19.453568 0.000000 59.592491
v  19.301111 0.000000 59.592491
v  27.422932 1.944727 31.239771
v  27.422932 1.944727 29.829069
v  27.372433 1.944727 28.404835
v  29.051455 1.944727 31.809725
v  29.047453 1.944727 32.919052
v  27.422932 1.944727 37.919559
v  27.422932 1.944727 37.000889
v  27.422932 1.944727 34.381432
v  29.987362 1.944727 38.079414
v  16.207249 1.948287 21.384338
v  16.197609 1.944727 22.644554
v  16.197609 1.944727 23.949047
v  12.385260 1.944727 20.035568
v  12.122078 1.944727 20.035568
v  21.429756 1.421045 16.173098
v  20.390919 1.421045 16.173098
v  19.310810 1.421045 16.173098
v  18.230700 1.421045 16.173098
v  17.407539 1.421045 16.173098
v  16.641794 1.421045 16.173098
v  16.197607 1.421045 16.173098
v  12.385260 1.421045 16.173098
v  12.122078 1.421045 16.173098
v  12.122080 1.421045 17.629330
v  12.385260 1.421046 17.629330
v  16.197607 1.421046 17.629330
v  16.641794 1.421046 17.629330
v  17.407539 1.421046 17.629330
v  18.230700 1.421046 17.629330
v  19.310810 1.421046 17.629330
v  20.390919 1.421046 17.629330
v  21.429756 1.421046 17.629330
v  21.429756 0.000000 9.565363
v  20.390919 0.000000 9.565363
v  19.310810 0.000000 9.565363
v  18.230700 0.000000 9.565363
v  17.407539 0.000000 9.565363
v  16.641794 0.000000 9.565363
v  16.197607 0.000000 9.565363
v  12.385260 0.000000 9.565363
v  12.122078 0.000000 9.565363
v  21.429756 1.421045 9.565363
v  20.390919 1.421045 9.565363
v  19.310810 1.421045 9.565363
v  18.230700 1.421045 9.565363
v  17.407539 1.421045 9.565363
v  16.641794 1.421045 9.565363
v  16.197607 1.421045 9.565363
v  12.385260 1.421045 9.565363
v  12.122078 1.421045 9.565363
v  21.429756 1.421045 20.035566
v  20.390919 1.421045 20.035568
v  19.310810 1.421045 20.035568
v  18.230700 1.421045 20.035568
v  17.407539 1.421045 20.035566
v  16.641794 1.421045 20.035568
v  16.197607 1.421045 20.035568
v  12.385260 1.421045 20.035568
v  12.122078 1.421045 20.035568
v  31.927469 1.944727 42.546661
v  36.028603 0.000000 55.172623
v  38.638237 0.000000 36.703381
v  39.423832 1.944727 36.703388
v  37.194969 1.944727 42.546661
v  34.592812 1.944727 42.546658
v  18.286434 1.944727 37.772179
v  18.449234 1.944727 37.280907
v  18.101185 1.944727 35.986961
v  18.356609 1.944727 36.388298
v  17.884968 1.944727 32.043068
v  18.376396 1.944727 32.306694
v  18.867825 1.944727 32.570312
v  19.359253 1.944727 32.833939
v  17.438221 1.944727 32.937172
v  17.853773 1.944727 33.531826
v  18.269325 1.944727 34.126480
v  18.684877 1.944727 34.721138
v  18.547390 0.085194 37.140800
v  18.335512 0.075251 37.702129
v  25.476204 1.944727 34.381432
v  25.386726 1.944727 37.000885
v  25.297249 1.944727 37.919563
v  25.297249 0.172368 37.843346
v  25.386726 0.186086 37.000885
v  25.476204 0.199805 34.381432
v  35.839020 0.000000 20.035566
v  33.667225 0.000000 20.035566
v  37.445045 0.000000 25.544777
v  37.743343 0.000000 26.725111
v  38.041641 0.000000 31.238075
v  38.339939 0.000000 33.073967
v  33.978035 1.944727 56.871368
v  33.978035 0.000000 56.871361
v  27.422932 0.043041 39.574303
v  27.422932 0.086081 37.843338
v  27.422932 0.129122 37.000885
v  27.422930 0.172162 34.381432
v  27.422932 0.215203 32.438469
v  -10.646378 0.215203 29.253914
v  -10.646378 0.172162 30.700397
v  -10.646378 0.129122 34.024925
v  -10.646378 0.086081 37.000885
v  -10.646378 0.043041 37.645546
v  -10.646378 0.028694 39.574303
v  -10.646378 0.014347 42.546661
v  -21.563385 0.000000 33.073975
v  -21.265085 0.000000 31.238071
v  -20.668486 0.000000 26.725111
v  -20.668488 0.000000 24.537785
# 1728 vertices

vt 1.000000 0.000000 0.000000
vt 1.000000 1.000000 0.000000
vt 0.806049 1.000000 0.000000
vt 0.806049 0.000000 0.000000
vt 0.000000 0.000000 0.000000
vt 0.193951 0.000000 0.000000
vt 0.193951 0.000000 0.000000
vt 0.000000 0.000000 0.000000
vt 1.000000 0.000000 0.000000
vt 1.000000 0.730717 0.000000
vt 0.000000 0.730717 0.000000
vt 0.000000 0.000000 0.000000
vt 1.000000 0.000000 0.000000
vt 1.000000 0.730717 0.000000
vt 0.806049 0.730717 0.000000
vt 0.806049 0.000000 0.000000
vt 0.000000 1.000000 0.000000
vt 0.000000 0.000000 0.000000
vt 0.000000 0.000000 0.000000
vt 1.000000 0.000000 0.000000
vt 0.000000 0.000000 0.000000
vt 0.000000 0.000000 0.000000
vt 0.678965 1.000000 0.000000
vt 0.000000 1.000000 0.000000
vt 0.000000 0.000000 0.000000
vt 0.000000 0.730717 0.000000
vt 0.000000 0.730717 0.000000
vt 0.000000 0.000000 0.000000
vt 0.193951 0.000000 0.000000
vt 0.193951 1.000000 0.000000
vt 0.000000 1.000000 0.000000
vt 0.000000 0.730717 0.000000
vt 0.000000 0.000000 0.000000
vt 1.000000 0.000000 0.000000
vt 0.000000 0.730717 0.000000
vt 0.000000 0.000000 0.000000
vt 1.000000 0.000000 0.000000
vt 0.193951 0.000000 0.000000
vt 0.000000 0.000000 0.000000
vt 0.000000 0.678965 0.000000
vt 0.000000 1.000000 0.000000
vt 0.000000 1.000000 0.000000
vt 0.193951 1.000000 0.000000
vt 0.193951 1.000000 0.000000
vt 0.000000 0.000000 0.000000
vt 0.000000 0.730717 0.000000
vt 0.000000 1.000000 0.000000
vt 0.000000 1.000000 0.000000
vt 1.000000 0.000000 0.000000
vt 1.000000 1.000000 0.000000
vt 0.269283 0.730717 0.000000
vt 0.000000 0.000000 0.000000
vt 1.000000 0.000000 0.000000
vt 0.598452 0.000000 0.000000
vt 0.571684 0.000000 0.000000
vt 0.524706 0.000000 0.000000
vt 0.444321 0.000000 0.000000
vt 0.434924 0.000000 0.000000
vt 0.406432 0.000000 0.000000
vt 0.366430 0.000000 0.000000
vt 0.320010 0.000000 0.000000
vt 0.270365 0.000000 0.000000
vt 0.220353 0.000000 0.000000
vt 0.193951 0.000000 0.000000
vt 1.000000 1.000000 0.000000
vt 0.000000 1.000000 0.000000
vt 0.193951 1.000000 0.000000
vt 1.000000 1.000000 0.000000
vt 1.000000 1.000000 0.000000
vt 1.000000 1.000000 0.000000
vt 0.000000 0.730717 0.000000
vt 0.000000 1.000000 0.000000
vt 0.000000 1.000000 0.000000
vt 0.000000 0.000000 0.000000
vt 0.000000 1.000000 0.000000
vt 0.000000 1.000000 0.000000
vt 0.000000 1.000000 0.000000
vt 1.000000 1.000000 0.000000
vt 1.000000 1.000000 0.000000
vt 1.000000 1.000000 0.000000
vt 1.000000 1.000000 0.000000
vt 0.596713 0.000000 0.000000
vt 0.771018 0.936795 0.000000
vt 0.771018 0.114307 0.000000
vt 1.000000 0.114307 0.000000
vt 1.000000 0.928101 0.000000
vt 0.000000 0.928101 0.000000
vt 0.000000 0.114307 0.000000
vt 0.238270 0.114307 0.000000
vt 0.238270 0.917806 0.000000
vt 0.461924 0.114307 0.000000
vt 0.461924 0.902306 0.000000
vt 0.523710 0.114307 0.000000
vt 0.582884 0.688230 0.000000
vt 0.512712 0.900656 0.000000
vt 0.179276 0.000000 0.000000
vt 0.150186 0.000000 0.000000
vt 0.150186 0.000000 0.000000
vt 0.000000 0.000000 0.000000
vt 0.000000 0.000000 0.000000
vt 0.000000 1.000000 0.000000
vt 0.000000 1.000000 0.000000
vt 0.008690 1.000000 0.000000
vt 0.054618 1.000000 0.000000
vt 0.193951 1.000000 0.000000
vt 0.193951 1.000000 0.000000
vt 0.000000 0.730717 0.000000
vt 0.000000 0.000000 0.000000
vt 0.000000 0.000000 0.000000
vt 0.000000 0.000000 0.000000
vt 0.000000 0.000000 0.000000
vt 0.000000 0.000000 0.000000
vt 0.000000 0.000000 0.000000
vt 0.000000 0.000000 0.000000
vt 0.000000 0.000000 0.000000
vt 0.000000 0.000000 0.000000
vt 0.000000 0.000000 0.000000
vt 0.000000 0.000000 0.000000
vt 0.000000 0.000000 0.000000
vt 0.000000 1.000000 0.000000
vt 0.000000 1.000000 0.000000
vt 0.000000 1.000000 0.000000
vt 0.000000 1.000000 0.000000
vt 0.000000 1.000000 0.000000
vt 0.000000 1.000000 0.000000
vt 0.000000 1.000000 0.000000
vt 0.000000 1.000000 0.000000
vt 0.000000 1.000000 0.000000
vt 0.000000 1.000000 0.000000
vt 0.000000 1.000000 0.000000
vt 0.000000 1.000000 0.000000
vt 0.000000 1.000000 0.000000
vt 0.000000 1.000000 0.000000
vt 0.000000 1.000000 0.000000
vt 0.000000 1.000000 0.000000
vt 0.000000 1.000000 0.000000
vt 0.000000 1.000000 0.000000
vt 0.000000 1.000000 0.000000
vt 0.000000 1.000000 0.000000
vt 0.000000 1.000000 0.000000
vt 0.000000 1.000000 0.000000
vt 0.000000 1.000000 0.000000
vt 0.000000 1.000000 0.000000
vt 0.000000 1.000000 0.000000
vt 0.000000 1.000000 0.000000
vt 0.000000 0.000000 0.000000
vt 0.000000 0.000000 0.000000
vt 0.000000 0.000000 0.000000
vt 0.000000 0.000000 0.000000
vt 0.000000 0.000000 0.000000
vt 0.000000 0.000000 0.000000
vt 0.272233 1.000000 0.000000
vt 0.333032 1.000000 0.000000
vt 0.393832 1.000000 0.000000
vt 0.454632 1.000000 0.000000
vt 0.500968 1.000000 0.000000
vt 0.544072 1.000000 0.000000
vt 0.569075 1.000000 0.000000
vt 0.510347 1.000000 0.000000
vt 0.454632 1.000000 0.000000
vt 0.393832 1.000000 0.000000
vt 0.333032 1.000000 0.000000
vt 0.272233 1.000000 0.000000
vt 0.193951 1.000000 0.000000
vt 0.193951 1.000000 0.000000
vt 0.220607 1.000000 0.000000
vt 0.270365 1.000000 0.000000
vt 0.320123 1.000000 0.000000
vt 0.366489 1.000000 0.000000
vt 0.406305 1.000000 0.000000
vt 0.432889 1.000000 0.000000
vt 0.444321 1.000000 0.000000
vt 0.524706 1.000000 0.000000
vt 0.571684 1.000000 0.000000
vt 0.598452 1.000000 0.000000
vt 0.596713 1.000000 0.000000
vt 0.562567 1.000000 0.000000
vt 0.856802 1.000000 0.000000
vt 0.841526 1.000000 0.000000
vt 0.819490 1.000000 0.000000
vt 0.815446 1.000000 0.000000
vt 0.815446 1.000000 0.000000
vt 0.819163 1.000000 0.000000
vt 0.858219 1.000000 0.000000
vt 0.871021 1.000000 0.000000
vt 0.873999 1.000000 0.000000
vt 0.873470 1.000000 0.000000
vt 0.867761 1.000000 0.000000
vt 0.856118 1.000000 0.000000
vt 0.861563 1.000000 0.000000
vt 0.855657 1.000000 0.000000
vt 0.841526 1.000000 0.000000
vt 0.856802 1.000000 0.000000
vt 0.898683 1.000000 0.000000
vt 0.875971 1.000000 0.000000
vt 0.773079 1.000000 0.000000
vt 0.728173 1.000000 0.000000
vt 0.690181 1.000000 0.000000
vt 0.697619 1.000000 0.000000
vt 0.728173 1.000000 0.000000
vt 0.773079 1.000000 0.000000
vt 0.875971 1.000000 0.000000
vt 0.875971 1.000000 0.000000
vt 0.875971 1.000000 0.000000
vt 0.835508 1.000000 0.000000
vt 0.819331 1.000000 0.000000
vt 0.819331 1.000000 0.000000
vt 0.802835 1.000000 0.000000
vt 0.783673 1.000000 0.000000
vt 0.819331 1.000000 0.000000
vt 0.494973 0.226834 0.000000
vt 0.814019 0.361545 0.000000
vt 0.814020 1.000000 0.000000
vt 0.494973 0.000000 0.000000
vt 0.185980 1.000000 0.000000
vt 0.185981 0.299667 0.000000
vt 0.503799 0.162986 0.000000
vt 0.010570 0.329084 0.000000
vt 0.010570 0.853231 0.000000
vt 0.746218 0.853231 0.000000
vt 0.746218 0.346686 0.000000
vt 0.512969 0.943411 0.000000
vt 0.512969 0.114307 0.000000
vt 0.460658 0.000000 0.000000
vt 0.350690 0.000000 0.000000
vt 0.287483 0.000000 0.000000
vt 0.320173 0.000000 0.000000
vt 0.366713 0.000000 0.000000
vt 0.406759 0.000000 0.000000
vt 0.437518 0.000000 0.000000
vt 0.445692 0.000000 0.000000
vt 0.451428 0.000000 0.000000
vt 0.501756 0.000000 0.000000
vt 0.522632 0.000000 0.000000
vt 0.562567 0.000000 0.000000
vt 0.905338 0.340355 0.000000
vt 0.857540 0.278055 0.000000
vt 0.900567 0.103655 0.000000
vt 0.912713 0.039499 0.000000
vt 1.000000 0.039499 0.000000
vt 1.000000 0.347682 0.000000
vt 0.000000 0.347682 0.000000
vt 0.000000 0.039499 0.000000
vt 0.711748 0.039499 0.000000
vt 1.000000 0.039499 0.000000
vt 1.000000 0.357446 0.000000
vt 0.849667 0.347908 0.000000
vt 0.711748 0.347682 0.000000
vt 0.798638 0.581979 0.000000
vt 0.888889 0.581979 0.000000
vt 0.888889 1.000000 0.000000
vt 0.777778 1.000000 0.000000
vt 0.777778 0.581979 0.000000
vt 0.666667 1.000000 0.000000
vt 0.666667 0.581979 0.000000
vt 0.555556 1.000000 0.000000
vt 0.555556 0.581979 0.000000
vt 0.588662 0.581979 0.000000
vt 0.000000 1.000000 0.000000
vt 0.210612 0.467873 0.000000
vt 0.000000 0.479342 0.000000
vt 0.000000 0.896104 0.000000
vt 0.210612 0.896104 0.000000
vt 1.000000 0.896104 0.000000
vt 1.000000 0.467873 0.000000
vt 0.000000 0.467873 0.000000
vt 0.000000 0.896104 0.000000
vt 0.000000 0.896104 0.000000
vt 0.000000 0.467873 0.000000
vt 1.000000 0.896104 0.000000
vt 1.000000 0.467873 0.000000
vt 1.000000 0.896104 0.000000
vt 1.000000 0.467873 0.000000
vt 1.000000 0.896104 0.000000
vt 1.000000 0.467873 0.000000
vt 1.000000 0.896104 0.000000
vt 1.000000 0.467873 0.000000
vt 1.000000 0.896104 0.000000
vt 1.000000 0.467873 0.000000
vt 1.000000 0.896104 0.000000
vt 1.000000 0.467873 0.000000
vt 1.000000 0.896104 0.000000
vt 1.000000 0.896104 0.000000
vt 1.000000 0.478333 0.000000
vt 1.000000 0.467873 0.000000
vt 0.000000 0.000000 0.000000
vt 0.000000 1.000000 0.000000
vt 0.000000 1.000000 0.000000
vt 0.000000 1.000000 0.000000
vt 0.000000 1.000000 0.000000
vt 0.000000 1.000000 0.000000
vt 0.000000 1.000000 0.000000
vt 0.000000 1.000000 0.000000
vt 0.000000 1.000000 0.000000
vt 1.000000 0.896104 0.000000
vt 1.000000 0.479342 0.000000
vt 1.000000 0.508485 0.000000
vt 1.000000 0.896104 0.000000
vt 1.000000 0.516642 0.000000
vt 1.000000 0.896104 0.000000
vt 1.000000 0.520445 0.000000
vt 1.000000 0.896104 0.000000
vt 1.000000 0.511887 0.000000
vt 1.000000 0.896104 0.000000
vt 1.000000 0.490200 0.000000
vt 1.000000 0.896104 0.000000
vt 1.000000 0.475328 0.000000
vt 1.000000 0.896104 0.000000
vt 1.000000 0.467873 0.000000
vt 1.000000 0.467873 0.000000
vt 1.000000 0.896104 0.000000
vt 1.000000 0.896104 0.000000
vt 0.000000 1.000000 0.000000
vt 0.000000 1.000000 0.000000
vt 0.000000 1.000000 0.000000
vt 0.000000 1.000000 0.000000
vt 0.000000 1.000000 0.000000
vt 0.000000 1.000000 0.000000
vt 0.000000 1.000000 0.000000
vt 0.000000 1.000000 0.000000
vt 0.000000 1.000000 0.000000
vt 0.000000 1.000000 0.000000
vt 0.000000 1.000000 0.000000
vt 0.000000 1.000000 0.000000
vt 0.000000 1.000000 0.000000
vt 0.000000 1.000000 0.000000
vt 0.000000 1.000000 0.000000
vt 0.000000 1.000000 0.000000
vt 1.000000 0.896104 0.000000
vt 1.000000 0.896104 0.000000
vt 1.000000 0.467873 0.000000
vt 1.000000 0.467873 0.000000
vt 1.000000 0.479418 0.000000
vt 1.000000 0.896104 0.000000
vt 1.000000 0.511848 0.000000
vt 1.000000 0.896104 0.000000
vt 1.000000 0.506781 0.000000
vt 1.000000 0.896104 0.000000
vt 1.000000 0.505359 0.000000
vt 0.000000 0.000000 0.000000
vt 0.193951 1.000000 0.000000
vt 0.193951 1.000000 0.000000
vt 0.161998 1.000000 0.000000
vt 0.094192 1.000000 0.000000
vt 0.078973 1.000000 0.000000
vt 0.194717 1.000000 0.000000
vt 0.193951 1.000000 0.000000
vt 0.179062 1.000000 0.000000
vt 0.148985 1.000000 0.000000
vt 0.125906 1.000000 0.000000
vt 0.111398 1.000000 0.000000
vt 0.109059 1.000000 0.000000
vt 0.047171 1.000000 0.000000
vt 0.563211 0.039499 0.000000
vt 1.000000 0.039499 0.000000
vt 1.000000 0.350570 0.000000
vt 0.563211 0.349309 0.000000
vt 0.269158 0.348706 0.000000
vt 0.000000 0.357446 0.000000
vt 0.000000 0.039499 0.000000
vt 0.150186 1.000000 0.000000
vt 0.150186 1.000000 0.000000
vt 0.179062 1.000000 0.000000
vt 0.051639 1.000000 0.000000
vt 0.006012 1.000000 0.000000
vt 0.206674 0.581979 0.000000
vt 0.222222 0.581979 0.000000
vt 0.222222 1.000000 0.000000
vt 0.111111 1.000000 0.000000
vt 0.111111 0.581979 0.000000
vt 0.000000 1.000000 0.000000
vt 0.000000 0.581979 0.000000
vt 1.000000 0.581979 0.000000
vt 1.000000 1.000000 0.000000
vt 0.000000 1.000000 0.000000
vt 0.000000 0.581979 0.000000
vt 1.000000 0.581979 0.000000
vt 1.000000 1.000000 0.000000
vt 0.000000 0.000000 0.000000
vt 0.411828 0.581979 0.000000
vt 0.444444 0.581979 0.000000
vt 0.444444 1.000000 0.000000
vt 0.333333 1.000000 0.000000
vt 0.333333 0.581979 0.000000
vt 0.000000 0.944624 0.000000
vt 0.000000 0.114307 0.000000
vt 0.522632 1.000000 0.000000
vt 0.501756 1.000000 0.000000
vt 0.451428 1.000000 0.000000
vt 0.444342 1.000000 0.000000
vt 0.436857 1.000000 0.000000
vt 0.406305 1.000000 0.000000
vt 0.366489 1.000000 0.000000
vt 0.320122 1.000000 0.000000
vt 0.284318 1.000000 0.000000
vt 0.350690 1.000000 0.000000
vt 0.460659 1.000001 0.000000
vt 0.185980 1.000000 0.000000
vt 0.185981 0.299667 0.000000
vt 0.185980 1.000000 0.000000
vt 0.185981 0.299667 0.000000
vt 0.185980 1.000000 0.000000
vt 0.185981 0.299667 0.000000
vt 0.185980 1.000000 0.000000
vt 0.185981 0.299667 0.000000
vt 0.185980 1.000000 0.000000
vt 0.185981 0.299667 0.000000
vt 0.185980 1.000000 0.000000
vt 0.185981 0.299667 0.000000
vt 0.185980 1.000000 0.000000
vt 0.185981 0.299667 0.000000
vt 0.185980 1.000000 0.000000
vt 0.185981 0.299667 0.000000
vt 0.185980 1.000000 0.000000
vt 0.185981 0.299667 0.000000
vt 0.185980 1.000000 0.000000
vt 0.185981 0.299667 0.000000
vt 0.185980 1.000000 0.000000
vt 0.185981 0.299667 0.000000
vt 0.185980 1.000000 0.000000
vt 0.185981 0.299667 0.000000
vt 0.185980 1.000000 0.000000
vt 0.185981 0.299667 0.000000
vt 0.185980 1.000000 0.000000
vt 0.185981 0.299667 0.000000
vt 0.185980 1.000000 0.000000
vt 0.185981 0.299667 0.000000
vt 0.185980 1.000000 0.000000
vt 0.185981 0.299667 0.000000
vt 0.185980 1.000000 0.000000
vt 0.185981 0.299667 0.000000
vt 0.185980 1.000000 0.000000
vt 0.185981 0.299667 0.000000
vt 0.185980 1.000000 0.000000
vt 0.185981 0.299667 0.000000
vt 0.185980 1.000000 0.000000
vt 0.185981 0.299667 0.000000
vt 0.185980 1.000000 0.000000
vt 0.185981 0.299667 0.000000
vt 0.185980 1.000000 0.000000
vt 0.185981 0.299667 0.000000
vt 0.185980 1.000000 0.000000
vt 0.185981 0.299667 0.000000
vt 0.185980 1.000000 0.000000
vt 0.185981 0.299667 0.000000
vt 0.185980 1.000000 0.000000
vt 0.185981 0.299667 0.000000
vt 0.185980 1.000000 0.000000
vt 0.185981 0.299667 0.000000
vt 0.185980 1.000000 0.000000
vt 0.185980 0.348150 0.000000
vt 0.185980 1.000000 0.000000
vt 0.185980 0.361545 0.000000
vt 0.185980 1.000000 0.000000
vt 0.185980 0.361545 0.000000
vt 0.000000 1.000000 0.000000
vt 0.000000 0.361545 0.000000
vt 1.000000 0.361545 0.000000
vt 1.000000 1.000000 0.000000
vt 0.000000 1.000000 0.000000
vt 0.000000 0.361545 0.000000
vt 1.000000 0.361545 0.000000
vt 1.000000 1.000000 0.000000
vt 0.444444 1.000000 0.000000
vt 0.444444 0.581979 0.000000
vt 0.333333 1.000000 0.000000
vt 0.333333 0.581979 0.000000
vt 0.222222 1.000000 0.000000
vt 0.222222 0.581979 0.000000
vt 0.111111 1.000000 0.000000
vt 0.111111 0.581979 0.000000
vt 0.000000 1.000000 0.000000
vt 0.000000 0.581979 0.000000
vt 1.000000 0.581979 0.000000
vt 1.000000 1.000000 0.000000
vt 0.000000 1.000000 0.000000
vt 0.000000 0.581979 0.000000
vt 1.000000 0.581979 0.000000
vt 1.000000 1.000000 0.000000
vt 0.888889 1.000000 0.000000
vt 0.888889 0.581979 0.000000
vt 0.777778 1.000000 0.000000
vt 0.777778 0.581979 0.000000
vt 0.666667 1.000000 0.000000
vt 0.666667 0.581979 0.000000
vt 0.555556 1.000000 0.000000
vt 0.555556 0.581979 0.000000
vt 0.185980 1.000000 0.000000
vt 0.185980 0.000000 0.000000
vt 0.746218 0.853231 0.000000
vt 0.746218 0.370806 0.000000
vt 0.934803 0.913806 0.000000
vt 0.860297 0.688230 0.000000
vt 0.919463 0.114307 0.000000
vt 1.000000 0.114307 0.000000
vt 1.000000 0.915416 0.000000
vt 0.000000 0.915416 0.000000
vt 0.000000 0.114307 0.000000
vt 0.538076 0.114307 0.000000
vt 0.538076 0.929274 0.000000
vt 0.761730 0.114307 0.000000
vt 0.761730 0.934835 0.000000
vt 1.000000 0.114307 0.000000
vt 1.000000 0.944624 0.000000
vt 0.811171 0.853231 0.000000
vt 0.824826 0.628000 0.000000
vt 0.848668 0.503227 0.000000
vt 0.824826 0.464284 0.000000
vt 0.808074 0.378041 0.000000
vt 0.111111 1.000000 0.000000
vt 0.111111 0.000000 0.000000
vt 0.222222 0.000000 0.000000
vt 0.222222 1.000000 0.000000
vt 0.333333 0.000000 0.000000
vt 0.333333 1.000000 0.000000
vt 0.444444 0.000000 0.000000
vt 0.444444 1.000000 0.000000
vt 0.000000 0.000000 0.000000
vt 0.000000 0.000000 0.000000
vt 0.000000 0.000000 0.000000
vt 0.000000 0.000000 0.000000
vt 0.000000 0.000000 0.000000
vt 0.000000 0.000000 0.000000
vt 0.000000 0.000000 0.000000
vt 0.000000 0.000000 0.000000
vt 0.000000 0.000000 0.000000
vt 0.000000 0.000000 0.000000
vt 0.000000 0.000000 0.000000
vt 0.000000 0.000000 0.000000
vt 0.000000 0.000000 0.000000
vt 0.000000 0.000000 0.000000
vt 0.000000 0.000000 0.000000
vt 0.000000 0.000000 0.000000
vt 0.000000 0.000000 0.000000
vt 0.000000 0.000000 0.000000
vt 0.000000 0.000000 0.000000
vt 0.000000 0.000000 0.000000
vt 0.000000 0.000000 0.000000
vt 0.000000 0.000000 0.000000
vt 0.000000 0.000000 0.000000
vt 0.000000 0.000000 0.000000
vt 0.000000 0.000000 0.000000
vt 0.166667 0.233937 0.000000
vt 0.000000 0.896104 0.000000
vt 0.000000 0.467873 0.000000
vt 0.000000 0.896104 0.000000
vt 0.000000 0.467873 0.000000
vt 0.000000 0.896104 0.000000
vt 0.000000 0.467873 0.000000
vt 0.000000 0.487593 0.000000
vt 0.000000 0.896104 0.000000
vt 0.000000 0.896104 0.000000
vt 0.000000 1.000000 0.000000
vt 0.000000 1.000000 0.000000
vt 0.000000 1.000000 0.000000
vt 0.000000 1.000000 0.000000
vt 0.000000 1.000000 0.000000
vt 0.000000 0.896104 0.000000
vt 0.000000 0.896104 0.000000
vt 0.000000 0.487333 0.000000
vt 0.000000 0.467873 0.000000
vt 0.000000 0.467873 0.000000
vt 0.000000 0.896104 0.000000
vt 1.000000 0.896104 0.000000
vt 1.000000 0.467873 0.000000
vt 0.000000 0.467873 0.000000
vt 0.000000 0.896104 0.000000
vt 1.000000 0.896104 0.000000
vt 1.000000 0.467873 0.000000
vt 1.000000 0.467873 0.000000
vt 1.000000 0.896104 0.000000
vt 1.000000 0.467873 0.000000
vt 1.000000 0.896104 0.000000
vt 1.000000 0.467873 0.000000
vt 1.000000 0.896104 0.000000
vt 1.000000 0.467873 0.000000
vt 1.000000 0.896104 0.000000
vt 1.000000 0.467873 0.000000
vt 1.000000 0.467873 0.000000
vt 1.000000 0.481206 0.000000
vt 1.000000 0.896104 0.000000
vt 1.000000 0.896104 0.000000
vt 0.000000 1.000000 0.000000
vt 0.000000 1.000000 0.000000
vt 0.000000 1.000000 0.000000
vt 0.000000 1.000000 0.000000
vt 1.000000 0.896104 0.000000
vt 1.000000 0.896104 0.000000
vt 1.000000 0.474203 0.000000
vt 1.000000 0.467873 0.000000
vt 1.000000 0.467873 0.000000
vt 1.000000 0.896104 0.000000
vt 0.000000 0.000000 0.000000
vt 0.000000 0.000000 0.000000
vt 0.193951 0.000000 0.000000
vt 0.894255 0.853231 0.000000
vt 1.000000 0.853231 0.000000
vt 1.000000 0.386633 0.000000
vt 0.894480 0.388334 0.000000
vt 0.884892 0.503227 0.000000
vt 0.893463 0.853231 0.000000
vt 0.600769 0.039499 0.000000
vt 0.670106 0.278055 0.000000
vt 0.600845 0.352431 0.000000
vt 0.000000 0.350570 0.000000
vt 0.000000 0.039499 0.000000
vt 1.000000 1.000000 0.000000
vt 1.000000 1.000000 0.000000
vt 0.394378 1.000000 0.000000
vt 0.385796 1.000000 0.000000
vt 0.260070 1.000000 0.000000
vt 0.045190 0.853231 0.000000
vt 0.115826 0.853231 0.000000
vt 0.115826 0.354791 0.000000
vt 0.022595 0.364759 0.000000
vt 0.000000 0.365495 0.000000
vt 0.000000 0.853231 0.000000
vt 1.000000 0.853231 0.000000
vt 1.000000 0.365495 0.000000
vt 0.000000 0.371844 0.000000
vt 0.000000 0.853231 0.000000
vt 1.000000 0.853231 0.000000
vt 1.000000 0.371844 0.000000
vt 0.047171 0.000000 0.000000
vt 0.109067 0.000000 0.000000
vt 0.111355 0.000000 0.000000
vt 0.125779 0.000000 0.000000
vt 0.148819 0.000000 0.000000
vt 0.178911 0.000000 0.000000
vt 0.193951 0.000000 0.000000
vt 0.078973 0.000000 0.000000
vt 0.094192 0.000000 0.000000
vt 0.161998 0.000000 0.000000
vt 0.193951 0.000000 0.000000
vt 0.000000 1.000000 0.000000
vt 0.000000 0.000000 0.000000
vt 0.512145 1.000000 0.000000
vt 0.512145 1.000000 0.000000
vt 0.000000 1.000000 0.000000
vt 0.000000 0.000000 0.000000
vt 0.555556 0.000000 0.000000
vt 0.555556 1.000000 0.000000
vt 0.666667 0.000000 0.000000
vt 0.666667 1.000000 0.000000
vt 0.777778 0.000000 0.000000
vt 0.777778 1.000000 0.000000
vt 0.888889 0.000000 0.000000
vt 0.888889 1.000000 0.000000
vt 1.000000 0.000000 0.000000
vt 1.000000 1.000000 0.000000
vt 0.000000 0.000000 0.000000
vt 0.000000 0.000000 0.000000
vt 0.000000 0.000000 0.000000
vt 0.000000 0.000000 0.000000
vt 0.000000 0.000000 0.000000
vt 0.000000 0.000000 0.000000
vt 0.000000 0.000000 0.000000
vt 0.000000 0.000000 0.000000
vt 0.000000 0.000000 0.000000
vt 0.000000 0.488973 0.000000
vt 0.000000 0.948052 0.000000
vt 0.105306 0.480214 0.000000
vt 0.000000 0.687723 0.000000
vt 0.000000 0.695797 0.000000
vt 0.105306 0.896104 0.000000
vt 1.000000 0.491551 0.000000
vt 1.000000 0.896104 0.000000
vt 1.000000 0.485726 0.000000
vt 1.000000 0.896104 0.000000
vt 1.000000 0.000000 0.000000
vt 1.000000 0.000000 0.000000
vt 0.990702 0.853231 0.000000
vt 0.990702 0.329084 0.000000
vt 0.265875 0.338596 0.000000
vt 0.264078 0.338753 0.000000
vt 0.253782 0.339653 0.000000
vt 0.253782 0.853231 0.000000
vt 0.264078 0.853231 0.000000
vt 0.260070 0.000000 0.000000
vt 0.385796 0.000000 0.000000
vt 0.395875 0.000000 0.000000
vt 0.061642 0.000000 0.000000
vt 0.083333 0.000000 0.000000
vt 0.083333 0.041667 0.000000
vt 0.061642 0.041667 0.000000
vt 0.061642 0.958333 0.000000
vt 0.083333 0.958333 0.000000
vt 0.083333 1.000000 0.000000
vt 0.061642 1.000000 0.000000
vt 0.166667 0.000000 0.000000
vt 0.166667 0.041667 0.000000
vt 0.083333 0.083333 0.000000
vt 0.061642 0.083333 0.000000
vt 0.061642 0.934377 0.000000
vt 0.061642 0.916667 0.000000
vt 0.083333 0.916667 0.000000
vt 0.166667 0.958333 0.000000
vt 0.166667 1.000000 0.000000
vt 0.250000 0.000000 0.000000
vt 0.250000 0.041667 0.000000
vt 0.166667 0.083333 0.000000
vt 0.083333 0.125000 0.000000
vt 0.061642 0.125000 0.000000
vt 0.061642 0.876667 0.000000
vt 0.045064 0.875000 0.000000
vt 0.083333 0.875000 0.000000
vt 0.166667 0.916667 0.000000
vt 0.250000 0.958333 0.000000
vt 0.250000 1.000000 0.000000
vt 0.333333 0.000000 0.000000
vt 0.333333 0.041667 0.000000
vt 0.250000 0.083333 0.000000
vt 0.166667 0.125000 0.000000
vt 0.061642 0.161238 0.000000
vt 0.083333 0.166667 0.000000
vt 0.000000 0.166667 0.000000
vt 0.000000 0.155725 0.000000
vt 0.000000 0.868836 0.000000
vt 0.000000 0.833333 0.000000
vt 0.083333 0.833333 0.000000
vt 0.166667 0.875000 0.000000
vt 0.250000 0.916667 0.000000
vt 0.333333 0.958333 0.000000
vt 0.333333 1.000000 0.000000
vt 0.416667 0.041667 0.000000
vt 0.333333 0.083333 0.000000
vt 0.250000 0.125000 0.000000
vt 0.166667 0.166667 0.000000
vt 0.083333 0.208333 0.000000
vt 0.000000 0.208333 0.000000
vt 0.926902 0.162186 0.000000
vt 1.000000 0.155725 0.000000
vt 1.000000 0.166667 0.000000
vt 0.916667 0.166667 0.000000
vt 0.916667 0.125000 0.000000
vt 0.937037 0.125000 0.000000
vt 0.948424 0.875656 0.000000
vt 0.916667 0.875000 0.000000
vt 0.916667 0.833333 0.000000
vt 1.000000 0.833333 0.000000
vt 1.000000 0.868836 0.000000
vt 0.000000 0.791667 0.000000
vt 0.083333 0.791667 0.000000
vt 0.166667 0.833333 0.000000
vt 0.250000 0.875000 0.000000
vt 0.333333 0.916667 0.000000
vt 0.397313 0.958333 0.000000
vt 0.397313 1.000000 0.000000
vt 0.397313 0.000000 0.000000
vt 0.416667 0.025900 0.000000
vt 0.416667 0.083333 0.000000
vt 0.333333 0.125000 0.000000
vt 0.250000 0.166667 0.000000
vt 0.166667 0.208333 0.000000
vt 1.000000 0.208333 0.000000
vt 0.916667 0.208333 0.000000
vt 0.083333 0.250000 0.000000
vt 0.000000 0.250000 0.000000
vt 0.833333 0.166667 0.000000
vt 0.833333 0.125000 0.000000
vt 0.916667 0.083333 0.000000
vt 0.939227 0.083333 0.000000
vt 0.942543 0.916667 0.000000
vt 0.916667 0.916667 0.000000
vt 0.833333 0.875000 0.000000
vt 0.833333 0.833333 0.000000
vt 0.916667 0.791667 0.000000
vt 1.000000 0.791667 0.000000
vt 0.000000 0.750000 0.000000
vt 0.083333 0.750000 0.000000
vt 0.166667 0.791667 0.000000
vt 0.250000 0.833333 0.000000
vt 0.333333 0.875000 0.000000
vt 0.416667 0.916667 0.000000
vt 0.416667 0.932434 0.000000
vt 0.438358 0.041667 0.000000
vt 0.438358 0.083333 0.000000
vt 0.416667 0.125000 0.000000
vt 0.333333 0.166667 0.000000
vt 0.250000 0.208333 0.000000
vt 0.166667 0.250000 0.000000
vt 0.833333 0.208333 0.000000
vt 1.000000 0.250000 0.000000
vt 0.916667 0.250000 0.000000
vt 0.083333 0.291667 0.000000
vt 0.000000 0.291667 0.000000
vt 0.750000 0.166667 0.000000
vt 0.750000 0.125000 0.000000
vt 0.833333 0.083333 0.000000
vt 0.916667 0.041667 0.000000
vt 0.941565 0.041667 0.000000
vt 0.833333 0.916667 0.000000
vt 0.931110 0.958333 0.000000
vt 0.916667 0.958333 0.000000
vt 0.942715 0.934140 0.000000
vt 0.750000 0.875000 0.000000
vt 0.750000 0.833333 0.000000
vt 0.833333 0.791667 0.000000
vt 0.916667 0.750000 0.000000
vt 1.000000 0.750000 0.000000
vt 0.072487 0.708333 0.000000
vt 0.000000 0.719758 0.000000
vt 0.061642 0.728026 0.000000
vt 0.166667 0.750000 0.000000
vt 0.250000 0.791667 0.000000
vt 0.333333 0.833333 0.000000
vt 0.416667 0.875000 0.000000
vt 0.438358 0.916667 0.000000
vt 0.438358 0.125000 0.000000
vt 0.416667 0.166667 0.000000
vt 0.333333 0.208333 0.000000
vt 0.250000 0.250000 0.000000
vt 0.166667 0.291667 0.000000
vt 0.750000 0.208333 0.000000
vt 0.833333 0.250000 0.000000
vt 1.000000 0.291667 0.000000
vt 0.916667 0.291667 0.000000
vt 0.061642 0.317093 0.000000
vt 0.000000 0.311735 0.000000
vt 0.083333 0.333333 0.000000
vt 0.061642 0.333333 0.000000
vt 0.666667 0.166667 0.000000
vt 0.666667 0.125000 0.000000
vt 0.750000 0.083333 0.000000
vt 0.833333 0.041667 0.000000
vt 0.916667 0.000000 0.000000
vt 0.943891 0.000000 0.000000
vt 0.750000 0.916667 0.000000
vt 0.833333 0.958333 0.000000
vt 0.943891 1.000000 0.000000
vt 0.916667 1.000000 0.000000
vt 0.666667 0.875000 0.000000
vt 0.666667 0.833333 0.000000
vt 0.750000 0.791667 0.000000
vt 0.833333 0.750000 0.000000
vt 1.000000 0.719758 0.000000
vt 0.916667 0.708333 0.000000
vt 0.937923 0.708333 0.000000
vt 0.938427 0.728010 0.000000
vt 0.061642 0.666667 0.000000
vt 0.083333 0.666667 0.000000
vt 0.166667 0.708333 0.000000
vt 0.250000 0.750000 0.000000
vt 0.333333 0.791667 0.000000
vt 0.416667 0.833333 0.000000
vt 0.438358 0.875000 0.000000
vt 0.438358 0.166667 0.000000
vt 0.416667 0.208333 0.000000
vt 0.333333 0.250000 0.000000
vt 0.250000 0.291667 0.000000
vt 0.166667 0.333333 0.000000
vt 0.666667 0.208333 0.000000
vt 0.750000 0.250000 0.000000
vt 0.833333 0.291667 0.000000
vt 0.922377 0.318409 0.000000
vt 0.932730 0.333333 0.000000
vt 0.916667 0.333333 0.000000
vt 1.000000 0.311735 0.000000
vt 0.083333 0.375000 0.000000
vt 0.061642 0.375000 0.000000
vt 0.583333 0.166667 0.000000
vt 0.583333 0.125000 0.000000
vt 0.666667 0.083333 0.000000
vt 0.750000 0.041667 0.000000
vt 0.833333 0.000000 0.000000
vt 0.666667 0.916667 0.000000
vt 0.750000 0.958333 0.000000
vt 0.833333 1.000000 0.000000
vt 0.576631 0.875000 0.000000
vt 0.666667 0.791667 0.000000
vt 0.750000 0.750000 0.000000
vt 0.833333 0.708333 0.000000
vt 0.916667 0.666667 0.000000
vt 0.936928 0.666667 0.000000
vt 0.061642 0.625000 0.000000
vt 0.083333 0.625000 0.000000
vt 0.166667 0.666667 0.000000
vt 0.250000 0.708333 0.000000
vt 0.333333 0.750000 0.000000
vt 0.416667 0.791667 0.000000
vt 0.438358 0.208333 0.000000
vt 0.416667 0.250000 0.000000
vt 0.333333 0.291667 0.000000
vt 0.250000 0.333333 0.000000
vt 0.166667 0.375000 0.000000
vt 0.583333 0.208333 0.000000
vt 0.666667 0.250000 0.000000
vt 0.750000 0.291667 0.000000
vt 0.833333 0.333333 0.000000
vt 0.933626 0.375000 0.000000
vt 0.916667 0.375000 0.000000
vt 0.083333 0.416667 0.000000
vt 0.061642 0.416667 0.000000
vt 0.561339 0.166667 0.000000
vt 0.560494 0.125000 0.000000
vt 0.583333 0.083333 0.000000
vt 0.666667 0.041667 0.000000
vt 0.750000 0.000000 0.000000
vt 0.576952 0.916667 0.000000
vt 0.666667 0.958333 0.000000
vt 0.750000 1.000000 0.000000
vt 0.576431 0.833333 0.000000
vt 0.583333 0.791667 0.000000
vt 0.666667 0.750000 0.000000
vt 0.750000 0.708333 0.000000
vt 0.833333 0.666667 0.000000
vt 0.916667 0.625000 0.000000
vt 0.936073 0.625000 0.000000
vt 0.061642 0.583333 0.000000
vt 0.083333 0.583333 0.000000
vt 0.166667 0.625000 0.000000
vt 0.250000 0.666667 0.000000
vt 0.333333 0.708333 0.000000
vt 0.416667 0.750000 0.000000
vt 0.438358 0.791667 0.000000
vt 0.438358 0.829049 0.000000
vt 0.438358 0.250000 0.000000
vt 0.416667 0.291667 0.000000
vt 0.333333 0.333333 0.000000
vt 0.250000 0.375000 0.000000
vt 0.166667 0.416667 0.000000
vt 0.561990 0.208333 0.000000
vt 0.583333 0.250000 0.000000
vt 0.666667 0.291667 0.000000
vt 0.750000 0.333333 0.000000
vt 0.833333 0.375000 0.000000
vt 0.935060 0.416667 0.000000
vt 0.916667 0.416667 0.000000
vt 0.083333 0.458333 0.000000
vt 0.061642 0.458333 0.000000
vt 0.559515 0.083333 0.000000
vt 0.583333 0.041667 0.000000
vt 0.666667 0.000000 0.000000
vt 0.577372 0.958333 0.000000
vt 0.666667 1.000000 0.000000
vt 0.560188 0.824144 0.000000
vt 0.560534 0.791667 0.000000
vt 0.583333 0.750000 0.000000
vt 0.666667 0.708333 0.000000
vt 0.750000 0.666667 0.000000
vt 0.833333 0.625000 0.000000
vt 0.916667 0.583333 0.000000
vt 0.935416 0.583333 0.000000
vt 0.061642 0.564593 0.000000
vt 0.000000 0.554907 0.000000
vt 0.000000 0.541667 0.000000
vt 0.083333 0.541667 0.000000
vt 0.166667 0.583333 0.000000
vt 0.250000 0.625000 0.000000
vt 0.333333 0.666667 0.000000
vt 0.416667 0.708333 0.000000
vt 0.438358 0.750000 0.000000
vt 0.438358 0.291667 0.000000
vt 0.416667 0.333333 0.000000
vt 0.333333 0.375000 0.000000
vt 0.250000 0.416667 0.000000
vt 0.166667 0.458333 0.000000
vt 0.562404 0.250000 0.000000
vt 0.583333 0.291667 0.000000
vt 0.666667 0.333333 0.000000
vt 0.750000 0.375000 0.000000
vt 0.833333 0.416667 0.000000
vt 0.936931 0.458333 0.000000
vt 0.916667 0.458333 0.000000
vt 0.061642 0.488297 0.000000
vt 0.083333 0.500000 0.000000
vt 0.021975 0.500000 0.000000
vt 0.558469 0.041667 0.000000
vt 0.583333 0.000000 0.000000
vt 0.583333 1.000000 0.000000
vt 0.561011 0.750000 0.000000
vt 0.583333 0.708333 0.000000
vt 0.666667 0.666667 0.000000
vt 0.750000 0.625000 0.000000
vt 0.833333 0.583333 0.000000
vt 0.935183 0.564750 0.000000
vt 0.916667 0.541667 0.000000
vt 1.000000 0.541667 0.000000
vt 1.000000 0.554907 0.000000
vt 0.000000 0.521330 0.000000
vt 0.166667 0.541667 0.000000
vt 0.250000 0.583333 0.000000
vt 0.333333 0.625000 0.000000
vt 0.416667 0.666667 0.000000
vt 0.438358 0.708333 0.000000
vt 0.438358 0.333333 0.000000
vt 0.416667 0.375000 0.000000
vt 0.333333 0.416667 0.000000
vt 0.250000 0.458333 0.000000
vt 0.166667 0.500000 0.000000
vt 0.562549 0.291667 0.000000
vt 0.583333 0.333333 0.000000
vt 0.666667 0.375000 0.000000
vt 0.750000 0.416667 0.000000
vt 0.833333 0.458333 0.000000
vt 0.929362 0.485737 0.000000
vt 0.978025 0.500000 0.000000
vt 0.916667 0.500000 0.000000
vt 0.557427 0.000000 0.000000
vt 0.557427 1.000000 0.000000
vt 0.561489 0.708333 0.000000
vt 0.576971 0.666667 0.000000
vt 0.666667 0.625000 0.000000
vt 0.750000 0.583333 0.000000
vt 0.833333 0.541667 0.000000
vt 1.000000 0.521330 0.000000
vt 0.250000 0.541667 0.000000
vt 0.333333 0.583333 0.000000
vt 0.416667 0.625000 0.000000
vt 0.438358 0.670951 0.000000
vt 0.438358 0.375000 0.000000
vt 0.416667 0.416667 0.000000
vt 0.333333 0.458333 0.000000
vt 0.250000 0.500000 0.000000
vt 0.562418 0.333333 0.000000
vt 0.583333 0.375000 0.000000
vt 0.666667 0.416667 0.000000
vt 0.750000 0.458333 0.000000
vt 0.833333 0.500000 0.000000
vt 0.561844 0.675156 0.000000
vt 0.666667 0.583333 0.000000
vt 0.750000 0.541667 0.000000
vt 0.333333 0.541667 0.000000
vt 0.416667 0.583333 0.000000
vt 0.438358 0.625000 0.000000
vt 0.438358 0.416667 0.000000
vt 0.416667 0.458333 0.000000
vt 0.333333 0.500000 0.000000
vt 0.562018 0.375000 0.000000
vt 0.583333 0.416667 0.000000
vt 0.666667 0.458333 0.000000
vt 0.750000 0.500000 0.000000
vt 0.577396 0.625000 0.000000
vt 0.577891 0.583333 0.000000
vt 0.666667 0.541667 0.000000
vt 0.438358 0.583333 0.000000
vt 0.438358 0.458333 0.000000
vt 0.561378 0.416667 0.000000
vt 0.583333 0.458333 0.000000
vt 0.666667 0.500000 0.000000
vt 0.578422 0.541667 0.000000
vt 0.397313 0.500000 0.000000
vt 0.397313 0.541667 0.000000
vt 0.416667 0.567566 0.000000
vt 0.416667 0.474100 0.000000
vt 0.560542 0.458333 0.000000
vt 0.578953 0.500000 0.000000
vt 0.188863 0.000000 0.000000
vt 0.193951 0.000000 0.000000
vt 0.193951 0.000000 0.000000
vt 0.188794 0.000000 0.000000
vt 0.186612 0.000000 0.000000
vt 0.193951 1.000000 0.000000
vt 0.193951 1.000000 0.000000
vt 0.188783 1.000000 0.000000
vt 0.186565 1.000000 0.000000
vt 0.188783 1.000000 0.000000
vt 0.506449 1.000000 0.000000
vt 0.493551 1.000000 0.000000
vt 0.506449 0.000000 0.000000
vt 0.506449 1.000000 0.000000
vt 0.506449 1.000000 0.000000
vt 0.506449 1.000000 0.000000
vt 0.506449 1.000000 0.000000
vt 0.506449 1.000000 0.000000
vt 0.506449 1.000000 0.000000
vt 0.506449 1.000000 0.000000
vt 0.506449 1.000000 0.000000
vt 0.506449 1.000000 0.000000
vt 0.506449 1.000000 0.000000
vt 0.494973 0.000000 0.000000
vt 0.666667 1.000000 0.000000
vt 0.666667 0.581979 0.000000
vt 0.555556 1.000000 0.000000
vt 0.555556 0.581979 0.000000
vt 0.294331 0.535476 0.000000
vt 1.000000 0.693827 0.000000
vt 0.506449 1.000000 0.000000
vt 1.000000 0.896104 0.000000
vt 0.000000 1.000000 0.000000
vt 1.000000 0.467873 0.000000
vt 0.000000 0.000000 0.000000
vt 0.000000 1.000000 0.000000
vt 0.000000 1.000000 0.000000
vt 0.000000 1.000000 0.000000
vt 0.000000 1.000000 0.000000
vt 0.000000 1.000000 0.000000
vt 0.000000 1.000000 0.000000
vt 0.000000 1.000000 0.000000
vt 0.355874 0.039499 0.000000
vt 0.075093 1.000000 0.000000
vt 0.533811 0.039499 0.000000
vt 0.037547 1.000000 0.000000
vt 0.388889 0.000000 0.000000
vt 0.388889 1.000000 0.000000
vt 0.388889 1.000000 0.000000
vt 0.611111 1.000000 0.000000
vt 0.500000 1.000000 0.000000
vt 0.096975 1.000000 0.000000
vt 0.000000 0.000000 0.000000
vt 0.096975 0.000000 0.000000
vt 0.294707 1.000000 0.000000
vt 0.395463 1.000000 0.000000
vt 0.496219 1.000000 0.000000
vt 0.596975 1.000000 0.000000
vt 0.697732 1.000000 0.000000
vt 0.798488 1.000000 0.000000
vt 0.899244 1.000000 0.000000
vt 0.746218 0.853231 0.000000
vt 0.433167 1.000000 0.000000
vt 0.746218 0.853231 0.000000
vt 0.405674 1.000000 0.000000
vt 0.746218 0.853231 0.000000
vt 0.378182 1.000000 0.000000
vt 0.431281 1.000000 0.000000
vt 0.411133 1.000000 0.000000
vt 0.390985 1.000000 0.000000
vt 0.370838 1.000000 0.000000
vt 0.746218 0.362766 0.000000
vt 0.387346 0.000000 0.000000
vt 0.746218 0.354726 0.000000
vt 0.424002 0.000000 0.000000
vt 0.185981 0.299667 0.000000
vt 0.883542 1.000000 0.000000
vt 0.185981 0.299667 0.000000
vt 0.891112 1.000000 0.000000
vt 0.519434 1.000000 0.000000
vt 0.476300 1.000000 0.000000
vt 0.194482 0.853231 0.000000
vt 0.865165 1.000000 0.000000
vt 0.378394 0.853231 0.000000
vt 0.730329 1.000000 0.000000
vt 0.562306 0.853231 0.000000
vt 0.595494 1.000000 0.000000
vt 0.562306 0.342286 0.000000
vt 0.595494 0.000000 0.000000
vt 0.378394 0.337885 0.000000
vt 0.730329 0.000000 0.000000
vt 0.194482 0.333485 0.000000
vt 0.865165 0.000000 0.000000
vt 0.798488 0.000000 0.000000
vt 0.596975 0.000000 0.000000
vt 0.395463 0.000000 0.000000
vt 0.445471 0.000000 0.000000
vt 0.495478 0.000000 0.000000
vt 0.545486 0.000000 0.000000
vt 0.462140 0.000000 0.000000
vt 0.478809 0.000000 0.000000
vt 0.512148 0.000000 0.000000
vt 0.361878 0.000000 0.000000
vt 0.328292 0.000000 0.000000
vt 0.294707 0.000000 0.000000
vt 0.261122 0.000000 0.000000
vt 0.227536 0.000000 0.000000
vt 0.358244 0.000000 0.000000
vt 0.641756 0.000000 0.000000
vt 0.447805 0.000000 0.000000
vt 0.552195 0.000000 0.000000
vt 0.626927 0.000000 0.000000
vt 0.373073 0.000000 0.000000
vt 0.716488 0.000000 0.000000
vt 0.283512 0.000000 0.000000
vt 0.283512 0.000000 0.000000
vt 0.373073 0.000000 0.000000
vt 0.462634 0.000000 0.000000
vt 0.552195 0.000000 0.000000
vt 0.641756 0.000000 0.000000
vt 0.000000 1.000000 0.000000
vt 0.000000 1.000000 0.000000
vt 0.000000 1.000000 0.000000
vt 0.000000 1.000000 0.000000
vt 0.500000 1.000000 0.000000
vt 0.000000 1.000000 0.000000
vt 0.000000 1.000000 0.000000
vt 0.000000 1.000000 0.000000
vt 0.500000 0.000000 0.000000
vt 0.000000 0.000000 0.000000
vt 0.250000 0.000000 0.000000
vt 0.000000 0.000000 0.000000
vt 0.750000 1.000000 0.000000
vt 0.000000 1.000000 0.000000
vt 0.000000 1.000000 0.000000
vt 0.000000 1.000000 0.000000
vt 0.000000 1.000000 0.000000
vt 0.731317 1.000000 0.000000
vt 0.462634 1.000000 0.000000
vt 0.865658 1.000000 0.000000
vt 0.462634 0.000000 0.000000
vt 0.731317 0.000000 0.000000
vt 0.000000 1.000000 0.000000
vt 0.000000 1.000000 0.000000
vt 0.000000 1.000000 0.000000
vt 0.000000 1.000000 0.000000
vt 0.000000 1.000000 0.000000
vt 0.000000 1.000000 0.000000
vt 0.000000 1.000000 0.000000
vt 0.000000 1.000000 0.000000
vt 1.000000 0.896104 0.000000
vt 0.000000 1.000000 0.000000
vt 0.816702 1.000000 0.000000
vt 0.734159 1.000000 0.000000
vt 0.651617 1.000000 0.000000
vt 0.932829 1.000000 0.000000
vt 0.966415 1.000000 0.000000
vt 0.274556 0.000000 0.000000
vt 0.274556 1.000000 0.000000
vt 0.355161 0.000000 0.000000
vt 0.355161 1.000000 0.000000
vt 0.435766 0.000000 0.000000
vt 0.435766 1.000000 0.000000
vt 0.516370 0.000000 0.000000
vt 0.516370 1.000000 0.000000
vt 0.596975 0.000000 0.000000
vt 0.596975 1.000000 0.000000
vt 0.677580 0.000000 0.000000
vt 0.677580 1.000000 0.000000
vt 0.758185 0.000000 0.000000
vt 0.758185 1.000000 0.000000
vt 0.838790 0.000000 0.000000
vt 0.838790 1.000000 0.000000
vt 0.919395 0.000000 0.000000
vt 0.919395 1.000000 0.000000
vt 0.919395 1.000000 0.000000
vt 0.838790 1.000000 0.000000
vt 0.758185 1.000000 0.000000
vt 0.677580 1.000000 0.000000
vt 0.596975 1.000000 0.000000
vt 0.516371 1.000000 0.000000
vt 0.435766 1.000000 0.000000
vt 0.355161 1.000000 0.000000
vt 0.274556 1.000000 0.000000
vt 0.725444 1.000000 0.000000
vt 0.725444 0.000000 0.000000
vt 0.644839 1.000000 0.000000
vt 0.644839 0.000000 0.000000
vt 0.564234 1.000000 0.000000
vt 0.564234 0.000000 0.000000
vt 0.483630 1.000000 0.000000
vt 0.483630 0.000000 0.000000
vt 0.403025 1.000000 0.000000
vt 0.403025 0.000000 0.000000
vt 0.322420 1.000000 0.000000
vt 0.322420 0.000000 0.000000
vt 0.241815 1.000000 0.000000
vt 0.241815 0.000000 0.000000
vt 0.161210 1.000000 0.000000
vt 0.161210 0.000000 0.000000
vt 0.080605 1.000000 0.000000
vt 0.080605 0.000000 0.000000
vt 0.725444 0.730717 0.000000
vt 0.274556 1.000000 0.000000
vt 0.644839 0.730717 0.000000
vt 0.355161 1.000000 0.000000
vt 0.564234 0.730717 0.000000
vt 0.435766 1.000000 0.000000
vt 0.483630 0.730717 0.000000
vt 0.516370 1.000000 0.000000
vt 0.403025 0.730717 0.000000
vt 0.596975 1.000000 0.000000
vt 0.322420 0.730717 0.000000
vt 0.677580 1.000000 0.000000
vt 0.241815 0.730717 0.000000
vt 0.758185 1.000000 0.000000
vt 0.161210 0.730717 0.000000
vt 0.838790 1.000000 0.000000
vt 0.080605 0.730717 0.000000
vt 0.919395 1.000000 0.000000
vt 0.274556 1.000000 0.000000
vt 0.355161 1.000000 0.000000
vt 0.435766 1.000000 0.000000
vt 0.516370 1.000000 0.000000
vt 0.596975 1.000000 0.000000
vt 0.677580 1.000000 0.000000
vt 0.758185 1.000000 0.000000
vt 0.838790 1.000000 0.000000
vt 0.919395 1.000000 0.000000
vt 0.000000 1.000000 0.000000
vt 0.000000 0.000000 0.000000
vt 0.000000 0.000000 0.000000
vt 0.000000 1.000000 0.000000
vt 0.000000 1.000000 0.000000
vt 0.000000 1.000000 0.000000
vt 0.746218 0.853231 0.000000
vt 0.451495 1.000000 0.000000
vt 0.746218 0.853231 0.000000
vt 0.442331 1.000000 0.000000
vt 0.461922 1.000000 0.000000
vt 0.447544 1.000000 0.000000
vt 0.477041 1.000000 0.000000
vt 0.452326 1.000000 0.000000
vt 0.427612 1.000000 0.000000
vt 0.402897 1.000000 0.000000
vt 0.499241 1.000000 0.000000
vt 0.475849 1.000000 0.000000
vt 0.452457 1.000000 0.000000
vt 0.429066 1.000000 0.000000
vt 0.746218 0.352046 0.000000
vt 0.436221 0.000000 0.000000
vt 0.746218 0.349366 0.000000
vt 0.448440 0.000000 0.000000
vt 1.000000 0.853231 0.000000
vt 0.082778 1.000000 0.000000
vt 1.000000 0.853231 0.000000
vt 0.086583 1.000000 0.000000
vt 1.000000 0.853231 0.000000
vt 0.090388 1.000000 0.000000
vt 1.000000 0.375541 0.000000
vt 0.090388 0.000000 0.000000
vt 1.000000 0.379239 0.000000
vt 0.086583 0.000000 0.000000
vt 1.000000 0.382936 0.000000
vt 0.082778 0.000000 0.000000
vt 1.000000 0.000000 0.000000
vt 1.000000 1.000000 0.000000
vt 0.806049 1.000000 0.000000
vt 0.806049 0.000000 0.000000
vt 0.000000 0.000000 0.000000
vt 0.193951 0.000000 0.000000
vt 0.193951 0.000000 0.000000
vt 0.000000 0.000000 0.000000
vt 1.000000 0.000000 0.000000
vt 1.000000 0.730717 0.000000
vt 0.000000 0.730717 0.000000
vt 0.000000 0.000000 0.000000
vt 1.000000 0.000000 0.000000
vt 1.000000 0.730717 0.000000
vt 0.806049 0.730717 0.000000
vt 0.806049 0.000000 0.000000
vt 0.000000 1.000000 0.000000
vt 0.000000 0.000000 0.000000
vt 0.000000 0.000000 0.000000
vt 1.000000 0.000000 0.000000
vt 0.000000 0.000000 0.000000
vt 0.000000 0.000000 0.000000
vt 0.678965 1.000000 0.000000
vt 0.000000 1.000000 0.000000
vt 0.000000 0.000000 0.000000
vt 0.000000 0.730717 0.000000
vt 0.000000 0.730717 0.000000
vt 0.000000 0.000000 0.000000
vt 0.193951 0.000000 0.000000
vt 0.193951 1.000000 0.000000
vt 0.000000 1.000000 0.000000
vt 0.000000 0.730717 0.000000
vt 0.000000 0.000000 0.000000
vt 1.000000 0.000000 0.000000
vt 0.000000 0.730717 0.000000
vt 0.000000 0.000000 0.000000
vt 1.000000 0.000000 0.000000
vt 0.193951 0.000000 0.000000
vt 0.000000 0.000000 0.000000
vt 0.000000 0.678965 0.000000
vt 0.000000 1.000000 0.000000
vt 0.000000 1.000000 0.000000
vt 0.193951 1.000000 0.000000
vt 0.193951 1.000000 0.000000
vt 0.000000 0.000000 0.000000
vt 0.000000 0.730717 0.000000
vt 0.000000 1.000000 0.000000
vt 0.000000 1.000000 0.000000
vt 1.000000 0.000000 0.000000
vt 1.000000 1.000000 0.000000
vt 0.269283 0.730717 0.000000
vt 0.000000 0.000000 0.000000
vt 1.000000 0.000000 0.000000
vt 0.598452 0.000000 0.000000
vt 0.571684 0.000000 0.000000
vt 0.524706 0.000000 0.000000
vt 0.444321 0.000000 0.000000
vt 0.434924 0.000000 0.000000
vt 0.406432 0.000000 0.000000
vt 0.366430 0.000000 0.000000
vt 0.320010 0.000000 0.000000
vt 0.270365 0.000000 0.000000
vt 0.220353 0.000000 0.000000
vt 0.193951 0.000000 0.000000
vt 1.000000 1.000000 0.000000
vt 0.000000 1.000000 0.000000
vt 0.193951 1.000000 0.000000
vt 1.000000 1.000000 0.000000
vt 1.000000 1.000000 0.000000
vt 1.000000 1.000000 0.000000
vt 0.000000 0.730717 0.000000
vt 0.000000 1.000000 0.000000
vt 0.000000 1.000000 0.000000
vt 0.000000 0.000000 0.000000
vt 0.000000 1.000000 0.000000
vt 0.000000 1.000000 0.000000
vt 0.000000 1.000000 0.000000
vt 1.000000 1.000000 0.000000
vt 1.000000 1.000000 0.000000
vt 1.000000 1.000000 0.000000
vt 1.000000 1.000000 0.000000
vt 0.596713 0.000000 0.000000
vt 0.771018 0.936795 0.000000
vt 0.771018 0.114307 0.000000
vt 1.000000 0.114307 0.000000
vt 1.000000 0.928101 0.000000
vt 0.000000 0.928101 0.000000
vt 0.000000 0.114307 0.000000
vt 0.238270 0.114307 0.000000
vt 0.238270 0.917806 0.000000
vt 0.461924 0.114307 0.000000
vt 0.461924 0.902306 0.000000
vt 0.523710 0.114307 0.000000
vt 0.582884 0.688230 0.000000
vt 0.512712 0.900656 0.000000
vt 0.179276 0.000000 0.000000
vt 0.150186 0.000000 0.000000
vt 0.150186 0.000000 0.000000
vt 0.000000 0.000000 0.000000
vt 0.000000 0.000000 0.000000
vt 0.000000 1.000000 0.000000
vt 0.000000 1.000000 0.000000
vt 0.008690 1.000000 0.000000
vt 0.054618 1.000000 0.000000
vt 0.193951 1.000000 0.000000
vt 0.193951 1.000000 0.000000
vt 0.000000 0.730717 0.000000
vt 0.000000 0.000000 0.000000
vt 0.000000 0.000000 0.000000
vt 0.000000 0.000000 0.000000
vt 0.000000 0.000000 0.000000
vt 0.000000 0.000000 0.000000
vt 0.000000 0.000000 0.000000
vt 0.000000 0.000000 0.000000
vt 0.000000 0.000000 0.000000
vt 0.000000 0.000000 0.000000
vt 0.000000 0.000000 0.000000
vt 0.000000 0.000000 0.000000
vt 0.000000 0.000000 0.000000
vt 0.000000 1.000000 0.000000
vt 0.000000 1.000000 0.000000
vt 0.000000 1.000000 0.000000
vt 0.000000 1.000000 0.000000
vt 0.000000 1.000000 0.000000
vt 0.000000 1.000000 0.000000
vt 0.000000 1.000000 0.000000
vt 0.000000 1.000000 0.000000
vt 0.000000 1.000000 0.000000
vt 0.000000 1.000000 0.000000
vt 0.000000 1.000000 0.000000
vt 0.000000 1.000000 0.000000
vt 0.000000 1.000000 0.000000
vt 0.000000 1.000000 0.000000
vt 0.000000 1.000000 0.000000
vt 0.000000 1.000000 0.000000
vt 0.000000 1.000000 0.000000
vt 0.000000 1.000000 0.000000
vt 0.000000 1.000000 0.000000
vt 0.000000 1.000000 0.000000
vt 0.000000 1.000000 0.000000
vt 0.000000 1.000000 0.000000
vt 0.000000 1.000000 0.000000
vt 0.000000 1.000000 0.000000
vt 0.000000 1.000000 0.000000
vt 0.000000 1.000000 0.000000
vt 0.000000 0.000000 0.000000
vt 0.000000 0.000000 0.000000
vt 0.000000 0.000000 0.000000
vt 0.000000 0.000000 0.000000
vt 0.000000 0.000000 0.000000
vt 0.000000 0.000000 0.000000
vt 0.272233 1.000000 0.000000
vt 0.333032 1.000000 0.000000
vt 0.393832 1.000000 0.000000
vt 0.454632 1.000000 0.000000
vt 0.500968 1.000000 0.000000
vt 0.544072 1.000000 0.000000
vt 0.569075 1.000000 0.000000
vt 0.510347 1.000000 0.000000
vt 0.454632 1.000000 0.000000
vt 0.393832 1.000000 0.000000
vt 0.333032 1.000000 0.000000
vt 0.272233 1.000000 0.000000
vt 0.193951 1.000000 0.000000
vt 0.193951 1.000000 0.000000
vt 0.220607 1.000000 0.000000
vt 0.270365 1.000000 0.000000
vt 0.320123 1.000000 0.000000
vt 0.366489 1.000000 0.000000
vt 0.406305 1.000000 0.000000
vt 0.432889 1.000000 0.000000
vt 0.444321 1.000000 0.000000
vt 0.524706 1.000000 0.000000
vt 0.571684 1.000000 0.000000
vt 0.598452 1.000000 0.000000
vt 0.596713 1.000000 0.000000
vt 0.562567 1.000000 0.000000
vt 0.856802 1.000000 0.000000
vt 0.841526 1.000000 0.000000
vt 0.819490 1.000000 0.000000
vt 0.815446 1.000000 0.000000
vt 0.815446 1.000000 0.000000
vt 0.819163 1.000000 0.000000
vt 0.858219 1.000000 0.000000
vt 0.871021 1.000000 0.000000
vt 0.873999 1.000000 0.000000
vt 0.873470 1.000000 0.000000
vt 0.867761 1.000000 0.000000
vt 0.856118 1.000000 0.000000
vt 0.861563 1.000000 0.000000
vt 0.855657 1.000000 0.000000
vt 0.841526 1.000000 0.000000
vt 0.856802 1.000000 0.000000
vt 0.898683 1.000000 0.000000
vt 0.875971 1.000000 0.000000
vt 0.773079 1.000000 0.000000
vt 0.728173 1.000000 0.000000
vt 0.690181 1.000000 0.000000
vt 0.697619 1.000000 0.000000
vt 0.728173 1.000000 0.000000
vt 0.773079 1.000000 0.000000
vt 0.875971 1.000000 0.000000
vt 0.875971 1.000000 0.000000
vt 0.875971 1.000000 0.000000
vt 0.835508 1.000000 0.000000
vt 0.819331 1.000000 0.000000
vt 0.819331 1.000000 0.000000
vt 0.802835 1.000000 0.000000
vt 0.783673 1.000000 0.000000
vt 0.819331 1.000000 0.000000
vt 0.494973 0.226834 0.000000
vt 0.814019 0.361545 0.000000
vt 0.814020 1.000000 0.000000
vt 0.494973 0.000000 0.000000
vt 0.185980 1.000000 0.000000
vt 0.185981 0.299667 0.000000
vt 0.503799 0.162986 0.000000
vt 0.010570 0.329084 0.000000
vt 0.010570 0.853231 0.000000
vt 0.746218 0.853231 0.000000
vt 0.746218 0.346686 0.000000
vt 0.512969 0.943411 0.000000
vt 0.512969 0.114307 0.000000
vt 0.460658 0.000000 0.000000
vt 0.350690 0.000000 0.000000
vt 0.287483 0.000000 0.000000
vt 0.320173 0.000000 0.000000
vt 0.366713 0.000000 0.000000
vt 0.406759 0.000000 0.000000
vt 0.437518 0.000000 0.000000
vt 0.445692 0.000000 0.000000
vt 0.451428 0.000000 0.000000
vt 0.501756 0.000000 0.000000
vt 0.522632 0.000000 0.000000
vt 0.562567 0.000000 0.000000
vt 0.905338 0.340355 0.000000
vt 0.857540 0.278055 0.000000
vt 0.900567 0.103655 0.000000
vt 0.912713 0.039499 0.000000
vt 1.000000 0.039499 0.000000
vt 1.000000 0.347682 0.000000
vt 0.000000 0.347682 0.000000
vt 0.000000 0.039499 0.000000
vt 0.711748 0.039499 0.000000
vt 1.000000 0.039499 0.000000
vt 1.000000 0.357446 0.000000
vt 0.849667 0.347908 0.000000
vt 0.711748 0.347682 0.000000
vt 0.798638 0.581979 0.000000
vt 0.888889 0.581979 0.000000
vt 0.888889 1.000000 0.000000
vt 0.777778 1.000000 0.000000
vt 0.777778 0.581979 0.000000
vt 0.666667 1.000000 0.000000
vt 0.666667 0.581979 0.000000
vt 0.555556 1.000000 0.000000
vt 0.555556 0.581979 0.000000
vt 0.588662 0.581979 0.000000
vt 0.000000 1.000000 0.000000
vt 0.210612 0.467873 0.000000
vt 0.000000 0.479342 0.000000
vt 0.000000 0.896104 0.000000
vt 0.210612 0.896104 0.000000
vt 1.000000 0.896104 0.000000
vt 1.000000 0.467873 0.000000
vt 0.000000 0.467873 0.000000
vt 0.000000 0.896104 0.000000
vt 0.000000 0.896104 0.000000
vt 0.000000 0.467873 0.000000
vt 1.000000 0.896104 0.000000
vt 1.000000 0.467873 0.000000
vt 1.000000 0.896104 0.000000
vt 1.000000 0.467873 0.000000
vt 1.000000 0.896104 0.000000
vt 1.000000 0.467873 0.000000
vt 1.000000 0.896104 0.000000
vt 1.000000 0.467873 0.000000
vt 1.000000 0.896104 0.000000
vt 1.000000 0.467873 0.000000
vt 1.000000 0.896104 0.000000
vt 1.000000 0.467873 0.000000
vt 1.000000 0.896104 0.000000
vt 1.000000 0.896104 0.000000
vt 1.000000 0.478333 0.000000
vt 1.000000 0.467873 0.000000
vt 0.000000 0.000000 0.000000
vt 0.000000 1.000000 0.000000
vt 0.000000 1.000000 0.000000
vt 0.000000 1.000000 0.000000
vt 0.000000 1.000000 0.000000
vt 0.000000 1.000000 0.000000
vt 0.000000 1.000000 0.000000
vt 0.000000 1.000000 0.000000
vt 0.000000 1.000000 0.000000
vt 1.000000 0.896104 0.000000
vt 1.000000 0.479342 0.000000
vt 1.000000 0.508485 0.000000
vt 1.000000 0.896104 0.000000
vt 1.000000 0.516642 0.000000
vt 1.000000 0.896104 0.000000
vt 1.000000 0.520445 0.000000
vt 1.000000 0.896104 0.000000
vt 1.000000 0.511887 0.000000
vt 1.000000 0.896104 0.000000
vt 1.000000 0.490200 0.000000
vt 1.000000 0.896104 0.000000
vt 1.000000 0.475328 0.000000
vt 1.000000 0.896104 0.000000
vt 1.000000 0.467873 0.000000
vt 1.000000 0.467873 0.000000
vt 1.000000 0.896104 0.000000
vt 1.000000 0.896104 0.000000
vt 0.000000 1.000000 0.000000
vt 0.000000 1.000000 0.000000
vt 0.000000 1.000000 0.000000
vt 0.000000 1.000000 0.000000
vt 0.000000 1.000000 0.000000
vt 0.000000 1.000000 0.000000
vt 0.000000 1.000000 0.000000
vt 0.000000 1.000000 0.000000
vt 0.000000 1.000000 0.000000
vt 0.000000 1.000000 0.000000
vt 0.000000 1.000000 0.000000
vt 0.000000 1.000000 0.000000
vt 0.000000 1.000000 0.000000
vt 0.000000 1.000000 0.000000
vt 0.000000 1.000000 0.000000
vt 0.000000 1.000000 0.000000
vt 1.000000 0.896104 0.000000
vt 1.000000 0.896104 0.000000
vt 1.000000 0.467873 0.000000
vt 1.000000 0.467873 0.000000
vt 1.000000 0.479418 0.000000
vt 1.000000 0.896104 0.000000
vt 1.000000 0.511848 0.000000
vt 1.000000 0.896104 0.000000
vt 1.000000 0.506781 0.000000
vt 1.000000 0.896104 0.000000
vt 1.000000 0.505359 0.000000
vt 0.000000 0.000000 0.000000
vt 0.193951 1.000000 0.000000
vt 0.193951 1.000000 0.000000
vt 0.161998 1.000000 0.000000
vt 0.094192 1.000000 0.000000
vt 0.078973 1.000000 0.000000
vt 0.194717 1.000000 0.000000
vt 0.193951 1.000000 0.000000
vt 0.179062 1.000000 0.000000
vt 0.148985 1.000000 0.000000
vt 0.125906 1.000000 0.000000
vt 0.111398 1.000000 0.000000
vt 0.109059 1.000000 0.000000
vt 0.047171 1.000000 0.000000
vt 0.563211 0.039499 0.000000
vt 1.000000 0.039499 0.000000
vt 1.000000 0.350570 0.000000
vt 0.563211 0.349309 0.000000
vt 0.269158 0.348706 0.000000
vt 0.000000 0.357446 0.000000
vt 0.000000 0.039499 0.000000
vt 0.150186 1.000000 0.000000
vt 0.150186 1.000000 0.000000
vt 0.179062 1.000000 0.000000
vt 0.051639 1.000000 0.000000
vt 0.006012 1.000000 0.000000
vt 0.206674 0.581979 0.000000
vt 0.222222 0.581979 0.000000
vt 0.222222 1.000000 0.000000
vt 0.111111 1.000000 0.000000
vt 0.111111 0.581979 0.000000
vt 0.000000 1.000000 0.000000
vt 0.000000 0.581979 0.000000
vt 1.000000 0.581979 0.000000
vt 1.000000 1.000000 0.000000
vt 0.000000 1.000000 0.000000
vt 0.000000 0.581979 0.000000
vt 1.000000 0.581979 0.000000
vt 1.000000 1.000000 0.000000
vt 0.000000 0.000000 0.000000
vt 0.411828 0.581979 0.000000
vt 0.444444 0.581979 0.000000
vt 0.444444 1.000000 0.000000
vt 0.333333 1.000000 0.000000
vt 0.333333 0.581979 0.000000
vt 0.000000 0.944624 0.000000
vt 0.000000 0.114307 0.000000
vt 0.522632 1.000000 0.000000
vt 0.501756 1.000000 0.000000
vt 0.451428 1.000000 0.000000
vt 0.444342 1.000000 0.000000
vt 0.436857 1.000000 0.000000
vt 0.406305 1.000000 0.000000
vt 0.366489 1.000000 0.000000
vt 0.320122 1.000000 0.000000
vt 0.284318 1.000000 0.000000
vt 0.350690 1.000000 0.000000
vt 0.460659 1.000001 0.000000
vt 0.185980 1.000000 0.000000
vt 0.185981 0.299667 0.000000
vt 0.185980 1.000000 0.000000
vt 0.185981 0.299667 0.000000
vt 0.185980 1.000000 0.000000
vt 0.185981 0.299667 0.000000
vt 0.185980 1.000000 0.000000
vt 0.185981 0.299667 0.000000
vt 0.185980 1.000000 0.000000
vt 0.185981 0.299667 0.000000
vt 0.185980 1.000000 0.000000
vt 0.185981 0.299667 0.000000
vt 0.185980 1.000000 0.000000
vt 0.185981 0.299667 0.000000
vt 0.185980 1.000000 0.000000
vt 0.185981 0.299667 0.000000
vt 0.185980 1.000000 0.000000
vt 0.185981 0.299667 0.000000
vt 0.185980 1.000000 0.000000
vt 0.185981 0.299667 0.000000
vt 0.185980 1.000000 0.000000
vt 0.185981 0.299667 0.000000
vt 0.185980 1.000000 0.000000
vt 0.185981 0.299667 0.000000
vt 0.185980 1.000000 0.000000
vt 0.185981 0.299667 0.000000
vt 0.185980 1.000000 0.000000
vt 0.185981 0.299667 0.000000
vt 0.185980 1.000000 0.000000
vt 0.185981 0.299667 0.000000
vt 0.185980 1.000000 0.000000
vt 0.185981 0.299667 0.000000
vt 0.185980 1.000000 0.000000
vt 0.185981 0.299667 0.000000
vt 0.185980 1.000000 0.000000
vt 0.185981 0.299667 0.000000
vt 0.185980 1.000000 0.000000
vt 0.185981 0.299667 0.000000
vt 0.185980 1.000000 0.000000
vt 0.185981 0.299667 0.000000
vt 0.185980 1.000000 0.000000
vt 0.185981 0.299667 0.000000
vt 0.185980 1.000000 0.000000
vt 0.185981 0.299667 0.000000
vt 0.185980 1.000000 0.000000
vt 0.185981 0.299667 0.000000
vt 0.185980 1.000000 0.000000
vt 0.185981 0.299667 0.000000
vt 0.185980 1.000000 0.000000
vt 0.185981 0.299667 0.000000
vt 0.185980 1.000000 0.000000
vt 0.185981 0.299667 0.000000
vt 0.185980 1.000000 0.000000
vt 0.185980 0.348150 0.000000
vt 0.185980 1.000000 0.000000
vt 0.185980 0.361545 0.000000
vt 0.185980 1.000000 0.000000
vt 0.185980 0.361545 0.000000
vt 0.000000 1.000000 0.000000
vt 0.000000 0.361545 0.000000
vt 1.000000 0.361545 0.000000
vt 1.000000 1.000000 0.000000
vt 0.000000 1.000000 0.000000
vt 0.000000 0.361545 0.000000
vt 1.000000 0.361545 0.000000
vt 1.000000 1.000000 0.000000
vt 0.444444 1.000000 0.000000
vt 0.444444 0.581979 0.000000
vt 0.333333 1.000000 0.000000
vt 0.333333 0.581979 0.000000
vt 0.222222 1.000000 0.000000
vt 0.222222 0.581979 0.000000
vt 0.111111 1.000000 0.000000
vt 0.111111 0.581979 0.000000
vt 0.000000 1.000000 0.000000
vt 0.000000 0.581979 0.000000
vt 1.000000 0.581979 0.000000
vt 1.000000 1.000000 0.000000
vt 0.000000 1.000000 0.000000
vt 0.000000 0.581979 0.000000
vt 1.000000 0.581979 0.000000
vt 1.000000 1.000000 0.000000
vt 0.888889 1.000000 0.000000
vt 0.888889 0.581979 0.000000
vt 0.777778 1.000000 0.000000
vt 0.777778 0.581979 0.000000
vt 0.666667 1.000000 0.000000
vt 0.666667 0.581979 0.000000
vt 0.555556 1.000000 0.000000
vt 0.555556 0.581979 0.000000
vt 0.185980 1.000000 0.000000
vt 0.185980 0.000000 0.000000
vt 0.746218 0.853231 0.000000
vt 0.746218 0.370806 0.000000
vt 0.934803 0.913806 0.000000
vt 0.860297 0.688230 0.000000
vt 0.919463 0.114307 0.000000
vt 1.000000 0.114307 0.000000
vt 1.000000 0.915416 0.000000
vt 0.000000 0.915416 0.000000
vt 0.000000 0.114307 0.000000
vt 0.538076 0.114307 0.000000
vt 0.538076 0.929274 0.000000
vt 0.761730 0.114307 0.000000
vt 0.761730 0.934835 0.000000
vt 1.000000 0.114307 0.000000
vt 1.000000 0.944624 0.000000
vt 0.811171 0.853231 0.000000
vt 0.824826 0.628000 0.000000
vt 0.848668 0.503227 0.000000
vt 0.824826 0.464284 0.000000
vt 0.808074 0.378041 0.000000
vt 0.111111 1.000000 0.000000
vt 0.111111 0.000000 0.000000
vt 0.222222 0.000000 0.000000
vt 0.222222 1.000000 0.000000
vt 0.333333 0.000000 0.000000
vt 0.333333 1.000000 0.000000
vt 0.444444 0.000000 0.000000
vt 0.444444 1.000000 0.000000
vt 0.000000 0.000000 0.000000
vt 0.000000 0.000000 0.000000
vt 0.000000 0.000000 0.000000
vt 0.000000 0.000000 0.000000
vt 0.000000 0.000000 0.000000
vt 0.000000 0.000000 0.000000
vt 0.000000 0.000000 0.000000
vt 0.000000 0.000000 0.000000
vt 0.000000 0.000000 0.000000
vt 0.000000 0.000000 0.000000
vt 0.000000 0.000000 0.000000
vt 0.000000 0.000000 0.000000
vt 0.000000 0.000000 0.000000
vt 0.000000 0.000000 0.000000
vt 0.000000 0.000000 0.000000
vt 0.000000 0.000000 0.000000
vt 0.000000 0.000000 0.000000
vt 0.000000 0.000000 0.000000
vt 0.000000 0.000000 0.000000
vt 0.000000 0.000000 0.000000
vt 0.000000 0.000000 0.000000
vt 0.000000 0.000000 0.000000
vt 0.000000 0.000000 0.000000
vt 0.000000 0.000000 0.000000
vt 0.000000 0.000000 0.000000
vt 0.166667 0.233937 0.000000
vt 0.000000 0.896104 0.000000
vt 0.000000 0.467873 0.000000
vt 0.000000 0.896104 0.000000
vt 0.000000 0.467873 0.000000
vt 0.000000 0.896104 0.000000
vt 0.000000 0.467873 0.000000
vt 0.000000 0.487593 0.000000
vt 0.000000 0.896104 0.000000
vt 0.000000 0.896104 0.000000
vt 0.000000 1.000000 0.000000
vt 0.000000 1.000000 0.000000
vt 0.000000 1.000000 0.000000
vt 0.000000 1.000000 0.000000
vt 0.000000 1.000000 0.000000
vt 0.000000 0.896104 0.000000
vt 0.000000 0.896104 0.000000
vt 0.000000 0.487333 0.000000
vt 0.000000 0.467873 0.000000
vt 0.000000 0.467873 0.000000
vt 0.000000 0.896104 0.000000
vt 1.000000 0.896104 0.000000
vt 1.000000 0.467873 0.000000
vt 0.000000 0.467873 0.000000
vt 0.000000 0.896104 0.000000
vt 1.000000 0.896104 0.000000
vt 1.000000 0.467873 0.000000
vt 1.000000 0.467873 0.000000
vt 1.000000 0.896104 0.000000
vt 1.000000 0.467873 0.000000
vt 1.000000 0.896104 0.000000
vt 1.000000 0.467873 0.000000
vt 1.000000 0.896104 0.000000
vt 1.000000 0.467873 0.000000
vt 1.000000 0.896104 0.000000
vt 1.000000 0.467873 0.000000
vt 1.000000 0.467873 0.000000
vt 1.000000 0.481206 0.000000
vt 1.000000 0.896104 0.000000
vt 1.000000 0.896104 0.000000
vt 0.000000 1.000000 0.000000
vt 0.000000 1.000000 0.000000
vt 0.000000 1.000000 0.000000
vt 0.000000 1.000000 0.000000
vt 1.000000 0.896104 0.000000
vt 1.000000 0.896104 0.000000
vt 1.000000 0.474203 0.000000
vt 1.000000 0.467873 0.000000
vt 1.000000 0.467873 0.000000
vt 1.000000 0.896104 0.000000
vt 0.000000 0.000000 0.000000
vt 0.000000 0.000000 0.000000
vt 0.193951 0.000000 0.000000
vt 0.894255 0.853231 0.000000
vt 1.000000 0.853231 0.000000
vt 1.000000 0.386633 0.000000
vt 0.894480 0.388334 0.000000
vt 0.884892 0.503227 0.000000
vt 0.893463 0.853231 0.000000
vt 0.600769 0.039499 0.000000
vt 0.670106 0.278055 0.000000
vt 0.600845 0.352431 0.000000
vt 0.000000 0.350570 0.000000
vt 0.000000 0.039499 0.000000
vt 1.000000 1.000000 0.000000
vt 1.000000 1.000000 0.000000
vt 0.394378 1.000000 0.000000
vt 0.385796 1.000000 0.000000
vt 0.260070 1.000000 0.000000
vt 0.045190 0.853231 0.000000
vt 0.115826 0.853231 0.000000
vt 0.115826 0.354791 0.000000
vt 0.022595 0.364759 0.000000
vt 0.000000 0.365495 0.000000
vt 0.000000 0.853231 0.000000
vt 1.000000 0.853231 0.000000
vt 1.000000 0.365495 0.000000
vt 0.000000 0.371844 0.000000
vt 0.000000 0.853231 0.000000
vt 1.000000 0.853231 0.000000
vt 1.000000 0.371844 0.000000
vt 0.047171 0.000000 0.000000
vt 0.109067 0.000000 0.000000
vt 0.111355 0.000000 0.000000
vt 0.125779 0.000000 0.000000
vt 0.148819 0.000000 0.000000
vt 0.178911 0.000000 0.000000
vt 0.193951 0.000000 0.000000
vt 0.078973 0.000000 0.000000
vt 0.094192 0.000000 0.000000
vt 0.161998 0.000000 0.000000
vt 0.193951 0.000000 0.000000
vt 0.000000 1.000000 0.000000
vt 0.000000 0.000000 0.000000
vt 0.512145 1.000000 0.000000
vt 0.512145 1.000000 0.000000
vt 0.000000 1.000000 0.000000
vt 0.000000 0.000000 0.000000
vt 0.555556 0.000000 0.000000
vt 0.555556 1.000000 0.000000
vt 0.666667 0.000000 0.000000
vt 0.666667 1.000000 0.000000
vt 0.777778 0.000000 0.000000
vt 0.777778 1.000000 0.000000
vt 0.888889 0.000000 0.000000
vt 0.888889 1.000000 0.000000
vt 1.000000 0.000000 0.000000
vt 1.000000 1.000000 0.000000
vt 0.000000 0.000000 0.000000
vt 0.000000 0.000000 0.000000
vt 0.000000 0.000000 0.000000
vt 0.000000 0.000000 0.000000
vt 0.000000 0.000000 0.000000
vt 0.000000 0.000000 0.000000
vt 0.000000 0.000000 0.000000
vt 0.000000 0.000000 0.000000
vt 0.000000 0.000000 0.000000
vt 0.000000 0.488973 0.000000
vt 0.000000 0.948052 0.000000
vt 0.105306 0.480214 0.000000
vt 0.000000 0.687723 0.000000
vt 0.000000 0.695797 0.000000
vt 0.105306 0.896104 0.000000
vt 1.000000 0.491551 0.000000
vt 1.000000 0.896104 0.000000
vt 1.000000 0.485726 0.000000
vt 1.000000 0.896104 0.000000
vt 1.000000 0.000000 0.000000
vt 1.000000 0.000000 0.000000
vt 0.990702 0.853231 0.000000
vt 0.990702 0.329084 0.000000
vt 0.265875 0.338596 0.000000
vt 0.264078 0.338753 0.000000
vt 0.253782 0.339653 0.000000
vt 0.253782 0.853231 0.000000
vt 0.264078 0.853231 0.000000
vt 0.260070 0.000000 0.000000
vt 0.385796 0.000000 0.000000
vt 0.395875 0.000000 0.000000
vt 0.061642 0.000000 0.000000
vt 0.083333 0.000000 0.000000
vt 0.083333 0.041667 0.000000
vt 0.061642 0.041667 0.000000
vt 0.061642 0.958333 0.000000
vt 0.083333 0.958333 0.000000
vt 0.083333 1.000000 0.000000
vt 0.061642 1.000000 0.000000
vt 0.166667 0.000000 0.000000
vt 0.166667 0.041667 0.000000
vt 0.083333 0.083333 0.000000
vt 0.061642 0.083333 0.000000
vt 0.061642 0.934377 0.000000
vt 0.061642 0.916667 0.000000
vt 0.083333 0.916667 0.000000
vt 0.166667 0.958333 0.000000
vt 0.166667 1.000000 0.000000
vt 0.250000 0.000000 0.000000
vt 0.250000 0.041667 0.000000
vt 0.166667 0.083333 0.000000
vt 0.083333 0.125000 0.000000
vt 0.061642 0.125000 0.000000
vt 0.061642 0.876667 0.000000
vt 0.045064 0.875000 0.000000
vt 0.083333 0.875000 0.000000
vt 0.166667 0.916667 0.000000
vt 0.250000 0.958333 0.000000
vt 0.250000 1.000000 0.000000
vt 0.333333 0.000000 0.000000
vt 0.333333 0.041667 0.000000
vt 0.250000 0.083333 0.000000
vt 0.166667 0.125000 0.000000
vt 0.061642 0.161238 0.000000
vt 0.083333 0.166667 0.000000
vt 0.000000 0.166667 0.000000
vt 0.000000 0.155725 0.000000
vt 0.000000 0.868836 0.000000
vt 0.000000 0.833333 0.000000
vt 0.083333 0.833333 0.000000
vt 0.166667 0.875000 0.000000
vt 0.250000 0.916667 0.000000
vt 0.333333 0.958333 0.000000
vt 0.333333 1.000000 0.000000
vt 0.416667 0.041667 0.000000
vt 0.333333 0.083333 0.000000
vt 0.250000 0.125000 0.000000
vt 0.166667 0.166667 0.000000
vt 0.083333 0.208333 0.000000
vt 0.000000 0.208333 0.000000
vt 0.926902 0.162186 0.000000
vt 1.000000 0.155725 0.000000
vt 1.000000 0.166667 0.000000
vt 0.916667 0.166667 0.000000
vt 0.916667 0.125000 0.000000
vt 0.937037 0.125000 0.000000
vt 0.948424 0.875656 0.000000
vt 0.916667 0.875000 0.000000
vt 0.916667 0.833333 0.000000
vt 1.000000 0.833333 0.000000
vt 1.000000 0.868836 0.000000
vt 0.000000 0.791667 0.000000
vt 0.083333 0.791667 0.000000
vt 0.166667 0.833333 0.000000
vt 0.250000 0.875000 0.000000
vt 0.333333 0.916667 0.000000
vt 0.397313 0.958333 0.000000
vt 0.397313 1.000000 0.000000
vt 0.397313 0.000000 0.000000
vt 0.416667 0.025900 0.000000
vt 0.416667 0.083333 0.000000
vt 0.333333 0.125000 0.000000
vt 0.250000 0.166667 0.000000
vt 0.166667 0.208333 0.000000
vt 1.000000 0.208333 0.000000
vt 0.916667 0.208333 0.000000
vt 0.083333 0.250000 0.000000
vt 0.000000 0.250000 0.000000
vt 0.833333 0.166667 0.000000
vt 0.833333 0.125000 0.000000
vt 0.916667 0.083333 0.000000
vt 0.939227 0.083333 0.000000
vt 0.942543 0.916667 0.000000
vt 0.916667 0.916667 0.000000
vt 0.833333 0.875000 0.000000
vt 0.833333 0.833333 0.000000
vt 0.916667 0.791667 0.000000
vt 1.000000 0.791667 0.000000
vt 0.000000 0.750000 0.000000
vt 0.083333 0.750000 0.000000
vt 0.166667 0.791667 0.000000
vt 0.250000 0.833333 0.000000
vt 0.333333 0.875000 0.000000
vt 0.416667 0.916667 0.000000
vt 0.416667 0.932434 0.000000
vt 0.438358 0.041667 0.000000
vt 0.438358 0.083333 0.000000
vt 0.416667 0.125000 0.000000
vt 0.333333 0.166667 0.000000
vt 0.250000 0.208333 0.000000
vt 0.166667 0.250000 0.000000
vt 0.833333 0.208333 0.000000
vt 1.000000 0.250000 0.000000
vt 0.916667 0.250000 0.000000
vt 0.083333 0.291667 0.000000
vt 0.000000 0.291667 0.000000
vt 0.750000 0.166667 0.000000
vt 0.750000 0.125000 0.000000
vt 0.833333 0.083333 0.000000
vt 0.916667 0.041667 0.000000
vt 0.941565 0.041667 0.000000
vt 0.833333 0.916667 0.000000
vt 0.931110 0.958333 0.000000
vt 0.916667 0.958333 0.000000
vt 0.942715 0.934140 0.000000
vt 0.750000 0.875000 0.000000
vt 0.750000 0.833333 0.000000
vt 0.833333 0.791667 0.000000
vt 0.916667 0.750000 0.000000
vt 1.000000 0.750000 0.000000
vt 0.072487 0.708333 0.000000
vt 0.000000 0.719758 0.000000
vt 0.061642 0.728026 0.000000
vt 0.166667 0.750000 0.000000
vt 0.250000 0.791667 0.000000
vt 0.333333 0.833333 0.000000
vt 0.416667 0.875000 0.000000
vt 0.438358 0.916667 0.000000
vt 0.438358 0.125000 0.000000
vt 0.416667 0.166667 0.000000
vt 0.333333 0.208333 0.000000
vt 0.250000 0.250000 0.000000
vt 0.166667 0.291667 0.000000
vt 0.750000 0.208333 0.000000
vt 0.833333 0.250000 0.000000
vt 1.000000 0.291667 0.000000
vt 0.916667 0.291667 0.000000
vt 0.061642 0.317093 0.000000
vt 0.000000 0.311735 0.000000
vt 0.083333 0.333333 0.000000
vt 0.061642 0.333333 0.000000
vt 0.666667 0.166667 0.000000
vt 0.666667 0.125000 0.000000
vt 0.750000 0.083333 0.000000
vt 0.833333 0.041667 0.000000
vt 0.916667 0.000000 0.000000
vt 0.943891 0.000000 0.000000
vt 0.750000 0.916667 0.000000
vt 0.833333 0.958333 0.000000
vt 0.943891 1.000000 0.000000
vt 0.916667 1.000000 0.000000
vt 0.666667 0.875000 0.000000
vt 0.666667 0.833333 0.000000
vt 0.750000 0.791667 0.000000
vt 0.833333 0.750000 0.000000
vt 1.000000 0.719758 0.000000
vt 0.916667 0.708333 0.000000
vt 0.937923 0.708333 0.000000
vt 0.938427 0.728010 0.000000
vt 0.061642 0.666667 0.000000
vt 0.083333 0.666667 0.000000
vt 0.166667 0.708333 0.000000
vt 0.250000 0.750000 0.000000
vt 0.333333 0.791667 0.000000
vt 0.416667 0.833333 0.000000
vt 0.438358 0.875000 0.000000
vt 0.438358 0.166667 0.000000
vt 0.416667 0.208333 0.000000
vt 0.333333 0.250000 0.000000
vt 0.250000 0.291667 0.000000
vt 0.166667 0.333333 0.000000
vt 0.666667 0.208333 0.000000
vt 0.750000 0.250000 0.000000
vt 0.833333 0.291667 0.000000
vt 0.922377 0.318409 0.000000
vt 0.932730 0.333333 0.000000
vt 0.916667 0.333333 0.000000
vt 1.000000 0.311735 0.000000
vt 0.083333 0.375000 0.000000
vt 0.061642 0.375000 0.000000
vt 0.583333 0.166667 0.000000
vt 0.583333 0.125000 0.000000
vt 0.666667 0.083333 0.000000
vt 0.750000 0.041667 0.000000
vt 0.833333 0.000000 0.000000
vt 0.666667 0.916667 0.000000
vt 0.750000 0.958333 0.000000
vt 0.833333 1.000000 0.000000
vt 0.576631 0.875000 0.000000
vt 0.666667 0.791667 0.000000
vt 0.750000 0.750000 0.000000
vt 0.833333 0.708333 0.000000
vt 0.916667 0.666667 0.000000
vt 0.936928 0.666667 0.000000
vt 0.061642 0.625000 0.000000
vt 0.083333 0.625000 0.000000
vt 0.166667 0.666667 0.000000
vt 0.250000 0.708333 0.000000
vt 0.333333 0.750000 0.000000
vt 0.416667 0.791667 0.000000
vt 0.438358 0.208333 0.000000
vt 0.416667 0.250000 0.000000
vt 0.333333 0.291667 0.000000
vt 0.250000 0.333333 0.000000
vt 0.166667 0.375000 0.000000
vt 0.583333 0.208333 0.000000
vt 0.666667 0.250000 0.000000
vt 0.750000 0.291667 0.000000
vt 0.833333 0.333333 0.000000
vt 0.933626 0.375000 0.000000
vt 0.916667 0.375000 0.000000
vt 0.083333 0.416667 0.000000
vt 0.061642 0.416667 0.000000
vt 0.561339 0.166667 0.000000
vt 0.560494 0.125000 0.000000
vt 0.583333 0.083333 0.000000
vt 0.666667 0.041667 0.000000
vt 0.750000 0.000000 0.000000
vt 0.576952 0.916667 0.000000
vt 0.666667 0.958333 0.000000
vt 0.750000 1.000000 0.000000
vt 0.576431 0.833333 0.000000
vt 0.583333 0.791667 0.000000
vt 0.666667 0.750000 0.000000
vt 0.750000 0.708333 0.000000
vt 0.833333 0.666667 0.000000
vt 0.916667 0.625000 0.000000
vt 0.936073 0.625000 0.000000
vt 0.061642 0.583333 0.000000
vt 0.083333 0.583333 0.000000
vt 0.166667 0.625000 0.000000
vt 0.250000 0.666667 0.000000
vt 0.333333 0.708333 0.000000
vt 0.416667 0.750000 0.000000
vt 0.438358 0.791667 0.000000
vt 0.438358 0.829049 0.000000
vt 0.438358 0.250000 0.000000
vt 0.416667 0.291667 0.000000
vt 0.333333 0.333333 0.000000
vt 0.250000 0.375000 0.000000
vt 0.166667 0.416667 0.000000
vt 0.561990 0.208333 0.000000
vt 0.583333 0.250000 0.000000
vt 0.666667 0.291667 0.000000
vt 0.750000 0.333333 0.000000
vt 0.833333 0.375000 0.000000
vt 0.935060 0.416667 0.000000
vt 0.916667 0.416667 0.000000
vt 0.083333 0.458333 0.000000
vt 0.061642 0.458333 0.000000
vt 0.559515 0.083333 0.000000
vt 0.583333 0.041667 0.000000
vt 0.666667 0.000000 0.000000
vt 0.577372 0.958333 0.000000
vt 0.666667 1.000000 0.000000
vt 0.560188 0.824144 0.000000
vt 0.560534 0.791667 0.000000
vt 0.583333 0.750000 0.000000
vt 0.666667 0.708333 0.000000
vt 0.750000 0.666667 0.000000
vt 0.833333 0.625000 0.000000
vt 0.916667 0.583333 0.000000
vt 0.935416 0.583333 0.000000
vt 0.061642 0.564593 0.000000
vt 0.000000 0.554907 0.000000
vt 0.000000 0.541667 0.000000
vt 0.083333 0.541667 0.000000
vt 0.166667 0.583333 0.000000
vt 0.250000 0.625000 0.000000
vt 0.333333 0.666667 0.000000
vt 0.416667 0.708333 0.000000
vt 0.438358 0.750000 0.000000
vt 0.438358 0.291667 0.000000
vt 0.416667 0.333333 0.000000
vt 0.333333 0.375000 0.000000
vt 0.250000 0.416667 0.000000
vt 0.166667 0.458333 0.000000
vt 0.562404 0.250000 0.000000
vt 0.583333 0.291667 0.000000
vt 0.666667 0.333333 0.000000
vt 0.750000 0.375000 0.000000
vt 0.833333 0.416667 0.000000
vt 0.936931 0.458333 0.000000
vt 0.916667 0.458333 0.000000
vt 0.061642 0.488297 0.000000
vt 0.083333 0.500000 0.000000
vt 0.021975 0.500000 0.000000
vt 0.558469 0.041667 0.000000
vt 0.583333 0.000000 0.000000
vt 0.583333 1.000000 0.000000
vt 0.561011 0.750000 0.000000
vt 0.583333 0.708333 0.000000
vt 0.666667 0.666667 0.000000
vt 0.750000 0.625000 0.000000
vt 0.833333 0.583333 0.000000
vt 0.935183 0.564750 0.000000
vt 0.916667 0.541667 0.000000
vt 1.000000 0.541667 0.000000
vt 1.000000 0.554907 0.000000
vt 0.000000 0.521330 0.000000
vt 0.166667 0.541667 0.000000
vt 0.250000 0.583333 0.000000
vt 0.333333 0.625000 0.000000
vt 0.416667 0.666667 0.000000
vt 0.438358 0.708333 0.000000
vt 0.438358 0.333333 0.000000
vt 0.416667 0.375000 0.000000
vt 0.333333 0.416667 0.000000
vt 0.250000 0.458333 0.000000
vt 0.166667 0.500000 0.000000
vt 0.562549 0.291667 0.000000
vt 0.583333 0.333333 0.000000
vt 0.666667 0.375000 0.000000
vt 0.750000 0.416667 0.000000
vt 0.833333 0.458333 0.000000
vt 0.929362 0.485737 0.000000
vt 0.978025 0.500000 0.000000
vt 0.916667 0.500000 0.000000
vt 0.557427 0.000000 0.000000
vt 0.557427 1.000000 0.000000
vt 0.561489 0.708333 0.000000
vt 0.576971 0.666667 0.000000
vt 0.666667 0.625000 0.000000
vt 0.750000 0.583333 0.000000
vt 0.833333 0.541667 0.000000
vt 1.000000 0.521330 0.000000
vt 0.250000 0.541667 0.000000
vt 0.333333 0.583333 0.000000
vt 0.416667 0.625000 0.000000
vt 0.438358 0.670951 0.000000
vt 0.438358 0.375000 0.000000
vt 0.416667 0.416667 0.000000
vt 0.333333 0.458333 0.000000
vt 0.250000 0.500000 0.000000
vt 0.562418 0.333333 0.000000
vt 0.583333 0.375000 0.000000
vt 0.666667 0.416667 0.000000
vt 0.750000 0.458333 0.000000
vt 0.833333 0.500000 0.000000
vt 0.561844 0.675156 0.000000
vt 0.666667 0.583333 0.000000
vt 0.750000 0.541667 0.000000
vt 0.333333 0.541667 0.000000
vt 0.416667 0.583333 0.000000
vt 0.438358 0.625000 0.000000
vt 0.438358 0.416667 0.000000
vt 0.416667 0.458333 0.000000
vt 0.333333 0.500000 0.000000
vt 0.562018 0.375000 0.000000
vt 0.583333 0.416667 0.000000
vt 0.666667 0.458333 0.000000
vt 0.750000 0.500000 0.000000
vt 0.577396 0.625000 0.000000
vt 0.577891 0.583333 0.000000
vt 0.666667 0.541667 0.000000
vt 0.438358 0.583333 0.000000
vt 0.438358 0.458333 0.000000
vt 0.561378 0.416667 0.000000
vt 0.583333 0.458333 0.000000
vt 0.666667 0.500000 0.000000
vt 0.578422 0.541667 0.000000
vt 0.397313 0.500000 0.000000
vt 0.397313 0.541667 0.000000
vt 0.416667 0.567566 0.000000
vt 0.416667 0.474100 0.000000
vt 0.560542 0.458333 0.000000
vt 0.578953 0.500000 0.000000
vt 0.188863 0.000000 0.000000
vt 0.193951 0.000000 0.000000
vt 0.193951 0.000000 0.000000
vt 0.188794 0.000000 0.000000
vt 0.186612 0.000000 0.000000
vt 0.193951 1.000000 0.000000
vt 0.193951 1.000000 0.000000
vt 0.188783 1.000000 0.000000
vt 0.186565 1.000000 0.000000
vt 0.188783 1.000000 0.000000
vt 0.506449 1.000000 0.000000
vt 0.493551 1.000000 0.000000
vt 0.506449 0.000000 0.000000
vt 0.506449 1.000000 0.000000
vt 0.506449 1.000000 0.000000
vt 0.506449 1.000000 0.000000
vt 0.506449 1.000000 0.000000
vt 0.506449 1.000000 0.000000
vt 0.506449 1.000000 0.000000
vt 0.506449 1.000000 0.000000
vt 0.506449 1.000000 0.000000
vt 0.506449 1.000000 0.000000
vt 0.506449 1.000000 0.000000
vt 0.494973 0.000000 0.000000
vt 0.666667 1.000000 0.000000
vt 0.666667 0.581979 0.000000
vt 0.555556 1.000000 0.000000
vt 0.555556 0.581979 0.000000
vt 0.294331 0.535476 0.000000
vt 1.000000 0.693827 0.000000
vt 0.506449 1.000000 0.000000
vt 1.000000 0.896104 0.000000
vt 0.000000 1.000000 0.000000
vt 1.000000 0.467873 0.000000
vt 0.000000 0.000000 0.000000
vt 0.000000 1.000000 0.000000
vt 0.000000 1.000000 0.000000
vt 0.000000 1.000000 0.000000
vt 0.000000 1.000000 0.000000
vt 0.000000 1.000000 0.000000
vt 0.000000 1.000000 0.000000
vt 0.000000 1.000000 0.000000
vt 0.355874 0.039499 0.000000
vt 0.075093 1.000000 0.000000
vt 0.533811 0.039499 0.000000
vt 0.037547 1.000000 0.000000
vt 0.388889 0.000000 0.000000
vt 0.388889 1.000000 0.000000
vt 0.388889 1.000000 0.000000
vt 0.611111 1.000000 0.000000
vt 0.500000 1.000000 0.000000
vt 0.096975 1.000000 0.000000
vt 0.000000 0.000000 0.000000
vt 0.096975 0.000000 0.000000
vt 0.294707 1.000000 0.000000
vt 0.395463 1.000000 0.000000
vt 0.496219 1.000000 0.000000
vt 0.596975 1.000000 0.000000
vt 0.697732 1.000000 0.000000
vt 0.798488 1.000000 0.000000
vt 0.899244 1.000000 0.000000
vt 0.746218 0.853231 0.000000
vt 0.433167 1.000000 0.000000
vt 0.746218 0.853231 0.000000
vt 0.405674 1.000000 0.000000
vt 0.746218 0.853231 0.000000
vt 0.378182 1.000000 0.000000
vt 0.431281 1.000000 0.000000
vt 0.411133 1.000000 0.000000
vt 0.390985 1.000000 0.000000
vt 0.370838 1.000000 0.000000
vt 0.746218 0.362766 0.000000
vt 0.387346 0.000000 0.000000
vt 0.746218 0.354726 0.000000
vt 0.424002 0.000000 0.000000
vt 0.185981 0.299667 0.000000
vt 0.883542 1.000000 0.000000
vt 0.185981 0.299667 0.000000
vt 0.891112 1.000000 0.000000
vt 0.519434 1.000000 0.000000
vt 0.476300 1.000000 0.000000
vt 0.194482 0.853231 0.000000
vt 0.865165 1.000000 0.000000
vt 0.378394 0.853231 0.000000
vt 0.730329 1.000000 0.000000
vt 0.562306 0.853231 0.000000
vt 0.595494 1.000000 0.000000
vt 0.562306 0.342286 0.000000
vt 0.595494 0.000000 0.000000
vt 0.378394 0.337885 0.000000
vt 0.730329 0.000000 0.000000
vt 0.194482 0.333485 0.000000
vt 0.865165 0.000000 0.000000
vt 0.798488 0.000000 0.000000
vt 0.596975 0.000000 0.000000
vt 0.395463 0.000000 0.000000
vt 0.445471 0.000000 0.000000
vt 0.495478 0.000000 0.000000
vt 0.545486 0.000000 0.000000
vt 0.462140 0.000000 0.000000
vt 0.478809 0.000000 0.000000
vt 0.512148 0.000000 0.000000
vt 0.361878 0.000000 0.000000
vt 0.328292 0.000000 0.000000
vt 0.294707 0.000000 0.000000
vt 0.261122 0.000000 0.000000
vt 0.227536 0.000000 0.000000
vt 0.358244 0.000000 0.000000
vt 0.641756 0.000000 0.000000
vt 0.447805 0.000000 0.000000
vt 0.552195 0.000000 0.000000
vt 0.626927 0.000000 0.000000
vt 0.373073 0.000000 0.000000
vt 0.716488 0.000000 0.000000
vt 0.283512 0.000000 0.000000
vt 0.283512 0.000000 0.000000
vt 0.373073 0.000000 0.000000
vt 0.462634 0.000000 0.000000
vt 0.552195 0.000000 0.000000
vt 0.641756 0.000000 0.000000
vt 0.000000 1.000000 0.000000
vt 0.000000 1.000000 0.000000
vt 0.000000 1.000000 0.000000
vt 0.000000 1.000000 0.000000
vt 0.500000 1.000000 0.000000
vt 0.000000 1.000000 0.000000
vt 0.000000 1.000000 0.000000
vt 0.000000 1.000000 0.000000
vt 0.500000 0.000000 0.000000
vt 0.000000 0.000000 0.000000
vt 0.250000 0.000000 0.000000
vt 0.000000 0.000000 0.000000
vt 0.750000 1.000000 0.000000
vt 0.000000 1.000000 0.000000
vt 0.000000 1.000000 0.000000
vt 0.000000 1.000000 0.000000
vt 0.000000 1.000000 0.000000
vt 0.731317 1.000000 0.000000
vt 0.462634 1.000000 0.000000
vt 0.865658 1.000000 0.000000
vt 0.462634 0.000000 0.000000
vt 0.731317 0.000000 0.000000
vt 0.000000 1.000000 0.000000
vt 0.000000 1.000000 0.000000
vt 0.000000 1.000000 0.000000
vt 0.000000 1.000000 0.000000
vt 0.000000 1.000000 0.000000
vt 0.000000 1.000000 0.000000
vt 0.000000 1.000000 0.000000
vt 0.000000 1.000000 0.000000
vt 1.000000 0.896104 0.000000
vt 0.000000 1.000000 0.000000
vt 0.816702 1.000000 0.000000
vt 0.734159 1.000000 0.000000
vt 0.651617 1.000000 0.000000
vt 0.932829 1.000000 0.000000
vt 0.966415 1.000000 0.000000
vt 0.274556 0.000000 0.000000
vt 0.274556 1.000000 0.000000
vt 0.355161 0.000000 0.000000
vt 0.355161 1.000000 0.000000
vt 0.435766 0.000000 0.000000
vt 0.435766 1.000000 0.000000
vt 0.516370 0.000000 0.000000
vt 0.516370 1.000000 0.000000
vt 0.596975 0.000000 0.000000
vt 0.596975 1.000000 0.000000
vt 0.677580 0.000000 0.000000
vt 0.677580 1.000000 0.000000
vt 0.758185 0.000000 0.000000
vt 0.758185 1.000000 0.000000
vt 0.838790 0.000000 0.000000
vt 0.838790 1.000000 0.000000
vt 0.919395 0.000000 0.000000
vt 0.919395 1.000000 0.000000
vt 0.919395 1.000000 0.000000
vt 0.838790 1.000000 0.000000
vt 0.758185 1.000000 0.000000
vt 0.677580 1.000000 0.000000
vt 0.596975 1.000000 0.000000
vt 0.516371 1.000000 0.000000
vt 0.435766 1.000000 0.000000
vt 0.355161 1.000000 0.000000
vt 0.274556 1.000000 0.000000
vt 0.725444 1.000000 0.000000
vt 0.725444 0.000000 0.000000
vt 0.644839 1.000000 0.000000
vt 0.644839 0.000000 0.000000
vt 0.564234 1.000000 0.000000
vt 0.564234 0.000000 0.000000
vt 0.483630 1.000000 0.000000
vt 0.483630 0.000000 0.000000
vt 0.403025 1.000000 0.000000
vt 0.403025 0.000000 0.000000
vt 0.322420 1.000000 0.000000
vt 0.322420 0.000000 0.000000
vt 0.241815 1.000000 0.000000
vt 0.241815 0.000000 0.000000
vt 0.161210 1.000000 0.000000
vt 0.161210 0.000000 0.000000
vt 0.080605 1.000000 0.000000
vt 0.080605 0.000000 0.000000
vt 0.725444 0.730717 0.000000
vt 0.274556 1.000000 0.000000
vt 0.644839 0.730717 0.000000
vt 0.355161 1.000000 0.000000
vt 0.564234 0.730717 0.000000
vt 0.435766 1.000000 0.000000
vt 0.483630 0.730717 0.000000
vt 0.516370 1.000000 0.000000
vt 0.403025 0.730717 0.000000
vt 0.596975 1.000000 0.000000
vt 0.322420 0.730717 0.000000
vt 0.677580 1.000000 0.000000
vt 0.241815 0.730717 0.000000
vt 0.758185 1.000000 0.000000
vt 0.161210 0.730717 0.000000
vt 0.838790 1.000000 0.000000
vt 0.080605 0.730717 0.000000
vt 0.919395 1.000000 0.000000
vt 0.274556 1.000000 0.000000
vt 0.355161 1.000000 0.000000
vt 0.435766 1.000000 0.000000
vt 0.516370 1.000000 0.000000
vt 0.596975 1.000000 0.000000
vt 0.677580 1.000000 0.000000
vt 0.758185 1.000000 0.000000
vt 0.838790 1.000000 0.000000
vt 0.919395 1.000000 0.000000
vt 0.000000 1.000000 0.000000
vt 0.000000 0.000000 0.000000
vt 0.000000 0.000000 0.000000
vt 0.000000 1.000000 0.000000
vt 0.000000 1.000000 0.000000
vt 0.000000 1.000000 0.000000
vt 0.746218 0.853231 0.000000
vt 0.451495 1.000000 0.000000
vt 0.746218 0.853231 0.000000
vt 0.442331 1.000000 0.000000
vt 0.461922 1.000000 0.000000
vt 0.447544 1.000000 0.000000
vt 0.477041 1.000000 0.000000
vt 0.452326 1.000000 0.000000
vt 0.427612 1.000000 0.000000
vt 0.402897 1.000000 0.000000
vt 0.499241 1.000000 0.000000
vt 0.475849 1.000000 0.000000
vt 0.452457 1.000000 0.000000
vt 0.429066 1.000000 0.000000
vt 0.746218 0.352046 0.000000
vt 0.436221 0.000000 0.000000
vt 0.746218 0.349366 0.000000
vt 0.448440 0.000000 0.000000
vt 1.000000 0.853231 0.000000
vt 0.082778 1.000000 0.000000
vt 1.000000 0.853231 0.000000
vt 0.086583 1.000000 0.000000
vt 1.000000 0.853231 0.000000
vt 0.090388 1.000000 0.000000
vt 1.000000 0.375541 0.000000
vt 0.090388 0.000000 0.000000
vt 1.000000 0.379239 0.000000
vt 0.086583 0.000000 0.000000
vt 1.000000 0.382936 0.000000
vt 0.082778 0.000000 0.000000
vt 0.000000 0.000000 0.000000
vt 0.000000 0.000000 0.000000
vt 0.000000 0.000000 0.000000
vt 0.000000 0.000000 0.000000
vt 0.000000 0.000000 0.000000
vt 0.000000 0.000000 0.000000
vt 0.000000 1.000000 0.000000
vt 0.000000 0.000000 0.000000
vt 0.000000 0.000000 0.000000
vt 0.000000 0.000000 0.000000
vt 0.000000 0.000000 0.000000
vt 0.000000 0.000000 0.000000
vt 0.000000 0.000000 0.000000
vt 0.000000 0.000000 0.000000
vt 0.000000 0.000000 0.000000
vt 0.000000 0.000000 0.000000
vt 0.000000 0.000000 0.000000
vt 0.000000 0.000000 0.000000
vt 0.000000 0.000000 0.000000
vt 0.000000 0.000000 0.000000
vt 0.000000 0.000000 0.000000
vt 0.000000 0.000000 0.000000
vt 0.000000 0.000000 0.000000
vt 0.000000 0.000000 0.000000
# 2648 texture coords

o Mask
g Mask
f 1/1 2/2 3/3 4/4 
f 1/5 4/6 5/7 6/8 
f 1/9 7/10 8/11 2/12 
f 2/13 8/14 9/15 3/16 
f 3/3 800/1232 801/1234 802/1236 803/1238 804/1240 805/1242 806/1244 807/1246 808/1248 10/17 11/18 741/1155 742/1157 743/1159 744/1161 4/4 
f 5/21 14/22 15/23 6/24 
f 1/5 16/25 17/26 7/27 
f 7/28 18/29 9/30 8/31 
f 3/16 9/15 809/1250 800/1233 
f 6/24 15/23 21/35 12/36 
f 5/7 745/1163 740/1154 23/38 
f 5/21 23/39 24/40 14/22 
f 7/41 15/42 14/43 18/44 
f 16/25 25/45 26/46 17/26 
f 7/41 17/47 21/48 15/42 
f 9/30 18/29 782/1205 809/1251 
f 12/36 21/35 28/51 29/37 
f 12/19 30/52 25/45 16/25 
f 14/43 24/67 818/1268 799/1231 
f 14/43 799/1231 782/1206 18/44 
f 25/45 30/52 47/71 26/46 
f 17/47 26/72 47/73 21/48 
f 12/19 29/39 48/74 30/52 
f 21/48 47/73 49/75 28/76 
f 33/83 57/84 58/85 34/86 
f 34/87 58/88 59/89 35/90 
f 35/90 59/89 60/91 36/92 
f 24/67 46/106 701/1102 702/1103 703/1104 704/1105 705/1106 706/1107 707/1108 780/1203 781/1204 51/78 31/68 826/1276 825/1275 824/1274 823/1273 822/1272 821/1271 820/1270 819/1269 818/1268 
f 30/52 48/74 49/107 47/71 
f 28/76 49/75 82/120 688/1083 689/1084 50/66 
f 33/83 56/222 121/223 57/84 
f 67/253 189/252 190/254 68/255 
f 71/266 193/267 194/268 72/269 
f 72/269 194/268 195/270 73/271 
f 73/271 195/270 196/272 74/273 
f 74/273 196/272 197/274 75/275 
f 75/275 197/274 198/276 76/277 
f 76/277 198/276 199/278 77/279 
f 77/279 199/278 200/280 78/281 
f 80/118 98/136 694/1089 828/1278 
f 84/295 113/296 112/297 85/298 
f 85/298 112/297 111/299 86/300 
f 88/304 203/303 204/305 89/306 
f 89/306 204/305 205/307 90/308 
f 94/336 227/335 228/337 95/338 
f 80/118 230/340 99/137 98/136 
f 104/370 248/369 249/371 105/372 
f 105/373 249/374 250/375 106/376 
f 106/377 250/378 188/251 107/250 
f 56/222 176/385 122/386 121/223 
f 123/216 169/215 263/398 124/399 
f 124/399 263/398 264/400 125/401 
f 125/401 264/400 265/402 126/403 
f 126/403 265/402 266/404 127/405 
f 127/405 266/404 267/406 128/407 
f 128/407 267/406 268/408 129/409 
f 129/409 268/408 269/410 130/411 
f 130/411 269/410 270/412 131/413 
f 131/413 270/412 271/414 132/415 
f 132/415 271/414 272/416 133/417 
f 133/417 272/416 273/418 134/419 
f 134/419 273/418 274/420 135/421 
f 135/421 274/420 275/422 136/423 
f 136/423 275/422 276/424 137/425 
f 137/425 276/424 277/426 138/427 
f 138/427 277/426 278/428 139/429 
f 139/429 278/428 279/430 140/431 717/1123 718/1125 
f 140/431 279/430 280/432 141/433 
f 141/433 280/432 281/434 142/435 
f 142/435 281/434 282/436 143/437 
f 143/437 282/436 283/438 144/439 
f 144/439 283/438 284/440 145/441 
f 145/441 284/440 285/442 146/443 
f 146/443 285/442 286/444 147/445 
f 147/445 286/444 287/446 148/447 
f 148/447 287/446 288/448 149/449 
f 149/449 288/448 289/450 150/451 
f 150/451 289/450 290/452 151/453 
f 151/453 290/452 291/454 152/455 
f 152/455 291/454 292/456 153/457 
f 153/458 292/459 293/460 154/461 
f 154/462 293/463 168/213 155/212 
f 156/257 191/256 294/464 157/465 
f 157/465 294/464 295/466 158/467 
f 158/467 295/466 296/468 159/469 
f 159/469 296/468 297/470 160/471 
f 160/471 297/470 298/472 161/473 
f 161/474 298/475 299/476 162/477 
f 162/478 299/479 300/480 163/481 
f 163/481 300/480 301/482 164/483 
f 164/483 301/482 302/484 165/485 
f 165/485 302/484 303/486 166/487 
f 166/487 303/486 251/382 167/381 
f 168/488 291/489 654/1060 653/1058 
f 170/220 833/1283 846/1299 171/221 
f 173/497 257/498 256/499 174/500 
f 174/500 256/499 255/501 175/502 
f 122/503 175/502 255/501 
f 188/510 248/511 247/512 189/513 
f 189/513 247/512 252/514 190/515 
f 190/515 252/514 697/1094 698/1096 
f 207/310 322/543 209/544 208/311 
f 209/544 322/543 321/545 210/546 
f 210/546 321/545 320/547 211/548 
f 211/548 320/547 319/549 212/552 
f 214/564 317/565 316/566 215/567 
f 215/568 316/569 315/570 216/571 
f 216/571 315/570 314/572 217/573 
f 217/573 314/572 687/1081 686/1079 
f 218/575 313/574 312/576 219/577 
f 219/577 312/576 311/578 220/582 
f 222/592 308/591 224/331 223/330 
f 99/137 230/340 336/595 237/341 
f 239/618 347/619 350/620 240/621 
f 240/622 350/623 850/1307 849/1305 
f 244/384 252/383 247/368 245/367 
f 188/510 250/635 249/636 248/511 
f 169/215 277/426 276/424 263/398 
f 263/398 276/424 265/402 264/400 
f 265/402 276/424 275/422 266/404 
f 266/404 275/422 268/408 267/406 
f 268/408 275/422 274/420 
f 268/408 274/420 270/412 269/410 
f 270/412 274/420 271/414 
f 271/414 274/420 273/418 272/416 
f 279/430 286/444 285/442 280/432 
f 280/432 285/442 284/440 281/434 
f 281/434 284/440 283/438 282/436 
f 286/444 658/1066 657/1065 287/446 
f 287/446 657/1065 684/1064 288/448 
f 290/452 655/1062 654/1061 291/454 
f 168/488 293/639 292/640 291/489 
f 191/517 251/516 303/641 294/642 
f 294/642 303/641 302/643 295/644 
f 295/644 302/643 301/645 296/646 
f 296/646 301/645 300/647 297/648 
f 297/648 300/647 299/649 298/650 
f 323/550 359/660 325/661 324/551 
f 325/661 359/660 358/662 326/663 
f 326/663 358/662 357/664 327/665 
f 327/665 357/664 329/560 328/559 
f 330/580 356/666 332/667 331/581 
f 332/667 356/666 355/668 333/669 
f 333/669 355/668 335/589 334/588 
f 237/341 336/595 766/1188 763/1185 764/1186 
f 345/677 362/676 348/614 346/613 
f 644/1039 652/1047 651/1046 
f 279/430 659/1067 658/1066 286/444 
f 640/1035 646/1041 652/1047 645/1040 
f 117/682 364/683 365/684 118/685 
f 116/686 366/687 364/688 117/689 
f 364/683 367/690 368/691 365/684 
f 118/685 365/684 369/692 119/693 
f 364/688 366/687 371/697 367/698 
f 367/690 372/699 373/700 368/691 
f 365/684 368/691 374/701 369/692 
f 119/693 369/692 375/702 120/703 
f 366/687 370/696 377/707 371/697 
f 367/698 371/697 378/708 372/709 
f 372/699 379/710 380/711 373/700 
f 368/691 373/700 381/712 374/701 
f 369/692 374/701 382/713 375/702 
f 370/696 376/706 387/721 377/707 
f 371/697 377/707 388/722 378/708 
f 372/709 378/708 389/723 379/724 
f 373/700 380/711 391/726 381/712 
f 374/701 381/712 392/727 382/713 
f 375/702 382/713 393/728 383/715 
f 383/715 394/729 395/730 384/716 
f 385/719 400/742 401/743 386/720 
f 376/706 386/720 402/744 387/721 
f 377/707 387/721 403/745 388/722 
f 378/708 388/722 404/746 389/723 
f 379/724 389/723 406/747 405/748 
f 380/711 390/725 408/751 391/726 
f 381/712 391/726 409/752 392/727 
f 382/713 392/727 410/753 393/728 
f 383/715 393/728 411/754 394/729 
f 384/733 395/755 412/756 397/734 
f 394/729 413/757 414/758 395/730 
f 396/735 397/734 416/759 415/760 
f 38/736 396/735 417/761 39/762 
f 398/738 420/765 419/766 399/739 
f 385/740 399/739 421/767 400/768 
f 400/742 422/769 423/770 401/743 
f 386/720 401/743 424/771 402/744 
f 387/721 402/744 425/772 403/745 
f 388/722 403/745 426/773 404/746 
f 636/1031 645/1040 652/1047 644/1039 
f 390/725 429/776 430/777 408/751 
f 391/726 408/751 431/778 409/752 
f 392/727 409/752 432/779 410/753 
f 393/728 410/753 433/780 411/754 
f 394/729 411/754 434/781 413/757 
f 397/734 412/756 435/782 416/759 
f 395/755 414/783 436/784 412/756 
f 413/757 437/785 438/786 414/758 
f 415/760 416/759 440/787 439/788 
f 396/735 415/760 441/789 417/761 
f 39/762 417/761 442/790 40/791 
f 398/738 418/764 443/792 420/765 
f 419/766 420/765 446/796 445/797 
f 399/739 419/766 447/798 421/767 
f 400/768 421/767 448/799 422/800 
f 401/743 423/770 450/804 424/771 
f 402/744 424/771 451/805 425/772 
f 403/745 425/772 452/806 426/773 
f 404/746 426/773 453/807 427/774 
f 408/751 430/777 455/809 431/778 
f 409/752 431/778 456/810 432/779 
f 410/753 432/779 457/811 433/780 
f 411/754 433/780 458/812 434/781 
f 413/757 434/781 459/813 437/785 
f 416/759 435/782 460/814 440/787 
f 412/756 436/784 461/815 435/782 
f 414/783 438/816 462/817 436/784 
f 439/788 440/787 465/822 464/823 
f 415/760 439/788 466/824 441/789 
f 417/761 441/789 467/825 442/790 
f 40/791 442/790 468/826 41/827 
f 420/765 443/792 469/828 446/796 
f 418/764 444/794 470/829 443/792 
f 41/830 468/831 444/794 42/793 
f 445/797 446/796 472/832 471/833 
f 419/766 445/797 473/834 447/798 
f 421/767 447/798 474/835 448/799 
f 234/840 476/841 449/801 
f 423/770 449/801 477/842 450/804 
f 424/771 450/804 478/843 451/805 
f 425/772 451/805 479/844 452/806 
f 426/773 452/806 480/845 453/807 
f 427/774 453/807 481/846 454/808 
f 431/778 455/809 482/847 456/810 
f 432/779 456/810 483/848 457/811 
f 433/780 457/811 484/849 458/812 
f 434/781 458/812 485/850 459/813 
f 437/785 459/813 486/851 463/820 
f 440/787 460/814 487/852 465/822 
f 435/782 461/815 488/853 460/814 
f 436/784 462/817 489/854 461/815 
f 259/821 463/820 491/859 260/860 
f 464/823 465/822 493/861 492/862 
f 439/788 464/823 494/863 466/824 
f 441/789 466/824 495/864 467/825 
f 442/790 467/825 496/865 468/826 
f 446/796 469/828 497/866 472/832 
f 443/792 470/829 498/867 469/828 
f 444/794 468/831 496/868 470/829 
f 471/833 472/832 499/869 527/902 
f 445/797 471/833 500/870 473/834 
f 447/798 473/834 501/871 474/835 
f 448/799 474/835 502/872 475/837 
f 351/838 475/837 503/873 352/874 
f 233/875 504/876 476/841 234/840 
f 449/801 476/841 505/877 477/842 
f 450/804 477/842 506/878 478/843 
f 451/805 478/843 507/879 479/844 
f 452/806 479/844 508/880 480/845 
f 453/807 480/845 539/916 481/846 
f 456/810 482/847 509/881 483/848 
f 457/811 483/848 510/882 484/849 
f 458/812 484/849 511/883 485/850 
f 459/813 485/850 512/884 486/851 
f 463/820 486/851 513/885 491/859 
f 465/822 487/852 514/886 493/861 
f 460/814 488/853 515/887 487/852 
f 461/815 489/854 516/888 488/853 
f 462/817 490/857 517/889 489/854 
f 181/890 518/891 490/857 182/856 
f 260/860 491/859 519/892 261/893 
f 492/862 493/861 521/894 520/895 
f 464/823 492/862 522/896 494/863 
f 466/824 494/863 523/897 495/864 
f 467/825 495/864 524/898 496/865 
f 472/832 497/866 525/899 499/869 
f 469/828 498/867 526/900 497/866 
f 470/829 496/868 524/901 498/867 
f 471/833 527/902 528/903 500/870 
f 473/834 500/870 529/904 501/871 
f 474/835 501/871 530/905 502/872 
f 475/837 502/872 531/906 503/873 
f 352/874 503/873 532/907 353/908 
f 232/909 533/910 504/876 233/875 
f 476/841 504/876 534/911 505/877 
f 477/842 505/877 535/912 506/878 
f 478/843 506/878 536/913 507/879 
f 479/844 507/879 537/914 508/880 
f 483/848 509/881 540/917 510/882 
f 484/849 510/882 541/918 511/883 
f 485/850 511/883 542/919 512/884 
f 486/851 512/884 543/920 513/885 
f 491/859 513/885 544/921 519/892 
f 493/861 514/886 545/922 521/894 
f 487/852 515/887 546/923 514/886 
f 488/853 516/888 547/924 515/887 
f 489/854 517/889 548/925 516/888 
f 490/857 518/891 549/926 517/889 
f 180/927 550/928 518/891 181/890 
f 261/893 519/892 551/929 262/930 
f 492/862 520/895 552/931 522/896 
f 494/863 522/896 553/932 523/897 
f 495/864 523/897 554/933 524/898 
f 497/866 526/900 555/934 525/899 
f 498/867 524/901 554/935 526/900 
f 500/870 528/903 558/938 529/904 
f 501/871 529/904 559/939 530/905 
f 502/872 530/905 560/940 531/906 
f 503/873 531/906 561/941 532/907 
f 353/908 532/907 562/942 354/943 
f 504/876 533/910 565/948 534/911 
f 505/877 534/911 566/949 535/912 
f 506/878 535/912 567/950 536/913 
f 507/879 536/913 568/951 537/914 
f 508/880 537/914 569/952 538/915 
f 510/882 540/917 570/953 541/918 
f 511/883 541/918 571/954 542/919 
f 512/884 542/919 572/955 543/920 
f 513/885 543/920 573/956 544/921 
f 519/892 544/921 574/957 551/929 
f 514/886 546/923 575/958 545/922 
f 515/887 547/924 576/959 546/923 
f 516/888 548/925 577/960 547/924 
f 517/889 549/926 578/961 548/925 
f 518/891 550/928 579/962 549/926 
f 179/963 580/964 550/928 180/927 
f 522/896 552/931 582/968 553/932 
f 523/897 553/932 583/969 554/933 
f 526/900 554/935 583/970 555/934 
f 528/903 556/937 584/971 558/938 
f 529/904 558/938 585/972 559/939 
f 530/905 559/939 586/973 560/940 
f 531/906 560/940 587/974 561/941 
f 532/907 561/941 588/975 562/942 
f 533/910 564/947 590/981 565/948 
f 534/911 565/948 591/982 566/949 
f 535/912 566/949 592/983 567/950 
f 536/913 567/950 593/984 568/951 
f 537/914 568/951 594/985 569/952 
f 541/918 570/953 595/986 571/954 
f 542/919 571/954 596/987 572/955 
f 543/920 572/955 597/988 573/956 
f 544/921 573/956 598/989 574/957 
f 551/929 574/957 599/990 581/966 
f 546/923 576/959 600/991 575/958 
f 547/924 577/960 601/992 576/959 
f 548/925 578/961 602/993 577/960 
f 549/926 579/962 603/994 578/961 
f 550/928 580/964 604/995 579/962 
f 553/932 582/968 606/999 583/969 
f 555/934 583/970 606/1000 
f 558/938 584/971 607/1001 585/972 
f 559/939 585/972 608/1002 586/973 
f 560/940 586/973 609/1003 587/974 
f 561/941 587/974 610/1004 588/975 
f 562/942 588/975 611/1005 589/977 
f 564/947 581/966 599/990 590/981 
f 565/948 590/981 612/1007 591/982 
f 566/949 591/982 613/1008 592/983 
f 567/950 592/983 614/1009 593/984 
f 571/954 595/986 616/1011 596/987 
f 572/955 596/987 617/1012 597/988 
f 573/956 597/988 618/1013 598/989 
f 574/957 598/989 619/1014 599/990 
f 576/959 601/992 620/1015 600/991 
f 577/960 602/993 621/1016 601/992 
f 578/961 603/994 622/1017 602/993 
f 579/962 604/995 623/1018 603/994 
f 580/964 605/998 624/1019 604/995 
f 586/973 608/1002 638/1033 609/1003 
f 587/974 609/1003 626/1021 610/1004 
f 588/975 610/1004 627/1022 611/1005 
f 589/977 611/1005 624/1019 605/998 
f 590/981 599/990 619/1014 612/1007 
f 591/982 612/1007 628/1023 613/1008 
f 592/983 613/1008 629/1024 614/1009 
f 593/984 614/1009 630/1025 615/1010 
f 596/987 616/1011 631/1026 617/1012 
f 597/988 617/1012 632/1027 618/1013 
f 598/989 618/1013 633/1028 619/1014 
f 601/992 621/1016 634/1029 620/1015 
f 602/993 622/1017 635/1030 621/1016 
f 603/994 623/1018 636/1031 622/1017 
f 604/995 624/1019 637/1032 623/1018 
f 609/1003 638/1033 639/1034 626/1021 
f 610/1004 626/1021 640/1035 627/1022 
f 611/1005 627/1022 637/1032 624/1019 
f 612/1007 619/1014 633/1028 628/1023 
f 614/1009 629/1024 641/1036 630/1025 
f 617/1012 631/1026 642/1037 632/1027 
f 621/1016 635/1030 643/1038 634/1029 
f 622/1017 636/1031 644/1039 635/1030 
f 623/1018 637/1032 645/1040 636/1031 
f 626/1021 639/1034 646/1041 640/1035 
f 627/1022 640/1035 645/1040 637/1032 
f 628/1023 633/1028 648/1042 647/1043 
f 635/1030 644/1039 651/1046 643/1038 
f 6/8 12/19 16/25 1/5 
f 11/34 13/20 749/1167 741/1156 
f 277/426 661/1069 660/1068 278/428 
f 629/1024 649/1044 641/1036 
f 390/725 407/750 429/776 
f 632/1027 642/1037 650/1045 
f 427/774 454/808 428/775 
f 50/66 689/1084 193/294 83/121 750/1168 751/1169 752/1170 
f 29/39 70/108 71/109 48/74 
f 23/39 700/1100 699/1098 46/66 24/40 
f 28/51 50/77 754/1172 757/1176 29/37 
f 36/92 60/91 61/93 62/94 37/95 
f 66/249 107/250 188/251 189/252 67/253 
f 68/255 190/254 698/1097 69/258 
f 48/74 1728/2648 1727/2647 690/1085 82/120 49/107 
f 86/300 111/299 202/301 87/302 
f 87/302 202/301 203/303 88/304 
f 93/334 226/333 227/335 94/336 
f 95/338 228/337 229/339 776/1198 
f 103/366 245/367 247/368 248/369 104/370 
f 114/380 697/1095 252/383 244/384 
f 172/492 304/493 258/494 257/495 173/496 
f 538/1055 569/1056 594/1057 615/1054 539/1053 
f 235/602 340/603 341/604 243/605 236/606 
f 115/694 246/695 370/696 366/687 116/686 
f 183/704 187/705 376/706 370/696 246/695 
f 186/718 385/719 386/720 376/706 187/705 
f 185/737 398/738 399/739 385/740 186/741 
f 63/763 418/764 398/738 185/737 
f 42/793 444/794 418/764 63/763 43/795 
f 480/845 508/880 538/915 539/916 
f 527/902 557/936 556/937 528/903 
f 253/965 262/930 551/929 581/966 305/967 
f 305/967 581/966 564/947 563/946 306/980 
f 178/996 307/997 605/998 580/964 179/963 
f 306/1006 563/978 589/977 605/998 307/997 
f 568/951 593/984 615/1010 594/985 
f 585/972 607/1001 625/1020 608/1002 
f 556/1048 557/1049 625/1050 607/1051 584/1052 
f 407/750 390/725 380/711 379/710 405/749 
f 404/746 427/774 428/775 406/747 389/723 
f 647/1043 649/1044 629/1024 613/1008 628/1023 
f 650/1045 648/1042 633/1028 618/1013 632/1027 
f 23/38 43/64 63/96 185/97 64/98 65/99 44/100 700/1101 
f 32/218 55/219 721/1129 726/1139 
f 185/236 186/237 187/238 183/239 184/240 64/241 
f 64/242 184/243 695/1090 696/1092 65/248 
f 100/354 236/355 243/356 242/357 110/358 109/359 101/360 
f 177/491 254/490 253/505 305/506 306/507 307/508 178/509 
f 338/976 354/943 562/942 589/977 563/978 339/979 
f 212/317 324/553 328/557 213/318 
f 231/596 241/597 337/598 338/599 339/600 
f 237/341 764/1186 346/611 238/342 
f 318/537 329/655 323/659 319/538 
f 343/672 361/673 363/674 344/678 
f 231/944 339/945 563/946 564/947 533/910 232/909 
f 45/101 66/102 67/103 68/104 699/1099 
f 52/211 155/212 168/213 653/1059 53/214 
f 70/260 83/263 193/264 71/265 
f 78/281 200/280 97/282 79/285 
f 90/308 205/307 206/309 207/310 208/311 91/312 
f 92/329 223/330 224/331 225/332 226/333 93/334 
f 319/549 323/550 324/551 212/552 
f 213/558 318/561 317/562 214/563 
f 311/578 310/579 330/580 331/581 220/582 
f 220/325 331/583 334/586 221/326 
f 221/587 334/588 335/589 309/590 308/591 222/592 
f 238/612 349/615 347/616 239/617 
f 309/528 335/651 355/652 356/653 330/654 310/529 
f 61/714 120/703 375/702 383/715 384/716 62/717 
f 37/731 62/732 384/733 397/734 396/735 38/736 
f 449/801 423/770 422/769 340/802 235/803 
f 258/818 304/819 438/786 437/785 463/820 259/821 
f 340/836 422/800 448/799 475/837 351/838 341/839 
f 172/855 182/856 490/857 462/817 438/816 304/858 
f 45/101 759/1181 107/145 66/102 
f 204/525 227/520 226/521 205/524 
f 102/140 696/1093 245/365 103/141 
f 230/340 1724/2644 347/633 349/634 336/595 
f 99/137 237/341 238/342 239/343 760/1182 
f 91/129 208/313 217/322 686/1080 223/328 92/130 
f 206/523 225/522 224/526 687/1082 314/533 207/542 
f 176/235 171/224 846/1300 845/1298 716/1122 175/234 
f 165/161 118/168 119/169 164/160 
f 363/681 361/671 360/670 767/1189 766/1188 336/595 349/634 348/679 362/680 
f 521/525 545/549 509/515 482/489 
f 545/549 575/578 540/544 509/515 
f 575/578 600/601 570/573 540/544 
f 600/601 620/621 595/597 570/573 
f 620/621 634/636 616/617 595/597 
f 634/636 643/640 631/633 616/617 
f 643/640 651/649 642/639 631/633 
f 650/648 642/639 651/649 652/652 
f 648/646 650/648 652/652 646/651 
f 647/645 648/646 646/651 639/643 
f 639/643 638/637 630/632 641/638 
f 649/1044 647/1043 639/643 641/638 
f 638/637 608/626 615/615 630/632 
f 625/627 557/560 539/543 615/615 
f 608/626 625/627 615/615 
f 557/560 527/531 539/543 
f 527/531 499/532 481/488 539/543 
f 499/532 525/557 454/461 481/488 
f 428/435 454/461 525/557 555/586 
f 406/415 428/435 555/586 
f 555/586 606/606 405/414 406/415 
f 407/416 405/414 606/606 582/584 
f 582/584 552/554 430/437 429/436 
f 407/750 582/584 429/436 
f 552/554 520/524 455/462 430/437 
f 661/1069 277/426 169/215 685/1070 
f 659/1067 279/430 278/428 660/1068 
f 656/1063 289/450 288/448 684/1064 
f 655/1062 290/452 289/450 656/1063 
f 685/1070 169/215 123/216 54/217 
f 674/718 685/1077 54/54 
f 682/1074 681/1073 654/657 655/658 
f 683/1075 682/1074 655/658 656/659 
f 684/1076 683/1075 656/659 
f 675/719 674/718 54/54 55/55 
f 670/696 675/719 55/55 32/32 
f 681/1073 680/1072 653/656 654/657 
f 53/214 653/1059 680/1078 673/1071 
f 672/716 671/715 51/51 52/52 
f 669/695 668/691 27/27 31/31 
f 671/715 669/695 31/31 51/51 
f 666/684 665/683 19/19 20/20 
f 668/691 666/684 20/20 27/27 
f 665/683 662/675 10/10 19/19 
f 677/1015 679/1032 361/366 343/347 
f 676/1014 677/1015 343/347 342/346 
f 679/1032 678/1031 360/365 361/366 
f 667/686 670/696 32/32 22/22 
f 664/678 667/686 22/22 13/13 
f 663/676 664/678 13/13 11/11 
f 662/675 663/676 11/11 10/10 
f 687/1081 313/574 218/575 686/1079 
f 324/553 325/554 326/555 327/556 328/557 
f 329/655 357/656 358/657 359/658 323/659 
f 211/316 212/317 213/318 214/319 
f 210/315 211/316 214/319 215/320 
f 316/535 317/536 318/537 319/538 320/539 321/540 
f 209/314 210/315 215/320 216/321 
f 315/534 316/535 321/540 322/541 
f 314/533 315/534 322/541 207/542 
f 224/526 308/527 313/532 687/1082 
f 219/324 220/325 221/326 222/327 
f 686/1080 218/323 222/327 223/328 
f 208/313 209/314 216/321 217/322 
f 89/127 90/128 91/129 92/130 93/131 
f 88/126 89/127 93/131 94/132 772/1194 771/1193 
f 86/124 87/125 770/1192 100/138 
f 85/123 86/124 100/138 101/139 
f 331/583 332/584 333/585 334/586 
f 689/1084 688/1083 194/293 193/294 
f 688/1083 82/120 194/293 
f 693/1088 830/1280 831/1281 199/288 198/289 
f 692/1087 693/1088 198/289 197/290 
f 691/1086 692/1087 197/290 196/291 
f 690/1085 691/1086 196/291 195/292 
f 82/120 690/1085 195/292 194/293 
f 192/259 694/1089 832/1282 831/1281 
f 694/1089 98/136 827/1277 832/1282 
f 218/323 219/324 222/327 
f 226/521 225/522 206/523 205/524 
f 204/525 203/519 227/520 
f 203/519 1719/2639 1720/2640 227/520 
f 308/527 312/531 313/532 
f 308/527 309/528 310/529 311/530 312/531 
f 243/624 341/625 351/626 352/627 353/628 354/629 338/630 337/631 
f 111/149 112/150 109/147 110/148 
f 112/150 113/151 757/1177 758/1179 108/146 109/147 
f 202/518 111/149 110/148 242/379 
f 101/139 102/140 103/141 104/142 
f 85/123 101/139 104/142 105/143 
f 695/1091 184/361 183/362 246/363 115/165 114/164 244/364 
f 696/1093 695/1091 244/364 245/365 
f 114/380 167/381 251/382 697/1095 
f 697/1094 251/516 191/517 698/1096 
f 698/1097 191/256 156/257 69/258 
f 700/1100 44/5 45/65 699/1098 
f 68/104 69/105 46/106 699/1099 
f 701/1102 46/106 69/105 156/152 
f 702/1103 701/1102 156/152 157/153 
f 703/1104 702/1103 157/153 158/154 
f 704/1105 703/1104 158/154 159/155 
f 705/1106 704/1105 159/155 160/156 
f 706/1107 705/1106 160/156 161/157 
f 707/1108 706/1107 161/157 162/158 779/1202 778/1201 777/1200 
f 167/163 114/164 115/165 116/166 
f 166/162 167/163 116/166 117/167 
f 165/161 166/162 117/167 118/168 
f 119/169 120/170 163/159 164/160 
f 120/170 61/171 162/158 163/159 
f 61/171 60/172 59/173 162/158 
f 256/388 257/389 711/1115 837/1289 
f 257/389 258/390 259/391 711/1115 
f 259/391 260/392 712/1116 711/1115 
f 260/392 261/393 713/1117 712/1116 
f 261/393 262/394 714/1118 713/1117 
f 262/394 253/395 254/396 714/1118 
f 177/225 178/226 179/227 180/228 181/229 182/230 172/231 173/232 
f 709/1111 710/1113 254/490 177/491 715/1119 
f 715/1120 177/225 173/232 174/233 
f 255/387 256/388 837/1289 841/1293 
f 708/1109 709/1111 715/1119 716/1121 
f 122/503 176/504 175/502 
f 716/1122 715/1120 174/233 175/234 
f 122/177 255/387 841/1293 719/1127 
f 176/235 732/1146 724/1136 171/224 
f 121/176 122/177 717/1124 140/195 143/198 
f 140/195 141/196 142/197 143/198 
f 122/177 719/1127 718/1126 717/1124 
f 719/1127 720/1128 139/194 718/1126 
f 720/1128 835/1287 128/183 129/184 130/185 131/186 132/187 133/188 134/189 135/190 136/191 137/192 138/193 139/194 
f 721/1130 55/81 54/80 123/178 
f 722/1132 721/1130 123/178 124/179 
f 723/1134 722/1132 124/179 125/180 
f 721/1129 722/1131 725/1137 726/1139 
f 722/1131 723/1133 724/1135 725/1137 
f 723/1133 170/220 171/221 724/1135 
f 729/1143 728/1142 725/1138 724/1136 732/1146 735/1149 731/1145 734/1148 733/1147 730/1144 
f 728/1142 727/1141 726/1140 725/1138 
f 727/1141 22/37 32/53 726/1140 
f 37/58 38/59 736/1150 729/1143 730/1144 
f 33/54 34/55 734/1148 731/1145 
f 34/55 35/56 733/1147 734/1148 
f 35/56 36/57 37/58 730/1144 733/1147 
f 56/82 33/54 731/1145 735/1149 
f 176/235 56/82 735/1149 732/1146 
f 42/63 43/64 23/38 740/1154 
f 41/62 42/63 740/1154 739/1153 
f 40/61 41/62 739/1153 738/1152 
f 39/60 40/61 738/1152 737/1151 
f 38/59 39/60 737/1151 736/1150 
f 745/1163 746/1164 747/1165 739/1153 740/1154 
f 745/1163 5/7 4/6 744/1162 
f 747/1165 748/1166 737/1151 738/1152 739/1153 
f 747/1165 746/1164 745/1163 744/1162 743/1160 
f 749/1167 13/20 22/37 727/1141 728/1142 729/1143 736/1150 
f 749/1167 748/1166 742/1158 741/1156 
f 748/1166 747/1165 743/1160 742/1158 
f 748/1166 749/1167 736/1150 737/1151 
f 59/173 150/205 151/206 162/158 
f 750/1168 83/121 84/122 753/1171 
f 751/1169 750/1168 753/1171 755/1174 
f 752/1170 751/1169 755/1174 756/1175 
f 84/122 85/123 105/143 753/1171 
f 753/1171 105/143 106/144 755/1174 
f 755/1174 106/144 107/145 756/1175 
f 754/1173 50/66 752/1170 756/1175 
f 754/1172 759/1180 758/1178 757/1176 
f 113/151 70/108 29/39 757/1177 
f 70/260 113/261 84/262 83/263 
f 102/244 101/245 109/246 108/247 
f 696/1092 102/244 108/247 65/248 
f 758/1179 44/100 65/99 108/146 
f 759/1180 45/65 44/5 758/1178 
f 759/1181 754/1173 756/1175 107/145 
f 213/558 328/559 329/560 318/561 
f 97/282 96/283 201/284 79/285 
f 241/345 231/346 232/348 762/1184 
f 240/344 849/1306 773/1195 761/1183 
f 239/343 240/344 761/1183 760/1182 
f 238/612 346/613 348/614 349/615 
f 764/1186 763/1185 345/610 346/611 
f 763/1185 765/1187 344/609 345/610 
f 765/1187 342/607 343/608 344/609 
f 363/674 362/676 345/677 344/678 
f 766/1188 767/1189 765/1187 763/1185 
f 767/1189 360/670 342/607 765/1187 
f 449/351 235/352 236/353 100/138 770/1192 
f 234/350 449/351 770/1192 769/1191 
f 233/349 234/350 769/1191 768/1190 
f 232/348 233/349 768/1190 762/1184 
f 87/125 88/126 769/1191 770/1192 
f 88/126 771/1193 768/1190 769/1191 
f 771/1193 772/1194 762/1184 768/1190 
f 772/1194 94/132 775/1197 762/1184 
f 94/132 95/133 774/1196 775/1197 
f 95/133 776/1199 773/1195 774/1196 
f 776/1199 96/134 761/1183 773/1195 
f 229/339 201/284 96/283 776/1198 
f 96/134 97/135 827/1277 760/1182 761/1183 
f 57/175 121/176 143/198 144/199 
f 58/174 57/175 144/199 145/200 146/201 147/202 148/203 
f 59/173 58/174 148/203 149/204 150/205 
f 151/206 152/207 779/1202 162/158 
f 152/207 153/208 778/1201 779/1202 
f 153/208 154/209 777/1200 778/1201 
f 154/209 780/1203 707/1108 777/1200 
f 155/210 52/79 51/78 781/1204 
f 154/209 155/210 781/1204 780/1203 
f 817/1266 19/32 10/33 808/1249 
f 790/1221 20/49 19/50 817/1267 
f 826/1276 31/68 27/69 791/1223 
f 791/1223 27/69 20/70 790/1222 
f 816/1264 817/1266 808/1249 807/1247 
f 789/1219 790/1221 817/1267 816/1265 
f 825/1275 826/1276 791/1223 792/1224 
f 792/1224 791/1223 790/1222 789/1220 
f 815/1262 816/1264 807/1247 806/1245 
f 788/1217 789/1219 816/1265 815/1263 
f 824/1274 825/1275 792/1224 793/1225 
f 793/1225 792/1224 789/1220 788/1218 
f 814/1260 815/1262 806/1245 805/1243 
f 787/1215 788/1217 815/1263 814/1261 
f 823/1273 824/1274 793/1225 794/1226 
f 794/1226 793/1225 788/1218 787/1216 
f 813/1258 814/1260 805/1243 804/1241 
f 786/1213 787/1215 814/1261 813/1259 
f 822/1272 823/1273 794/1226 795/1227 
f 795/1227 794/1226 787/1216 786/1214 
f 812/1256 813/1258 804/1241 803/1239 
f 785/1211 786/1213 813/1259 812/1257 
f 821/1271 822/1272 795/1227 796/1228 
f 796/1228 795/1227 786/1214 785/1212 
f 811/1254 812/1256 803/1239 802/1237 
f 784/1209 785/1211 812/1257 811/1255 
f 820/1270 821/1271 796/1228 797/1229 
f 797/1229 796/1228 785/1212 784/1210 
f 810/1252 811/1254 802/1237 801/1235 
f 783/1207 784/1209 811/1255 810/1253 
f 819/1269 820/1270 797/1229 798/1230 
f 798/1230 797/1229 784/1210 783/1208 
f 809/1250 810/1252 801/1235 800/1233 
f 782/1205 783/1207 810/1253 809/1251 
f 818/1268 819/1269 798/1230 799/1231 
f 799/1231 798/1230 783/1208 782/1206 
f 827/1277 98/136 99/137 760/1182 
f 829/1279 81/119 192/259 830/1280 
f 830/1280 192/259 831/1281 
f 832/1282 200/287 199/288 831/1281 
f 827/1277 97/135 200/287 832/1282 
f 694/1089 192/259 81/119 828/1278 
f 835/1287 836/1288 127/182 128/183 
f 836/1288 708/1110 834/1286 126/181 127/182 
f 834/1286 833/1284 125/180 126/181 
f 833/1284 170/397 723/1134 125/180 
f 711/1115 712/1116 838/1290 837/1289 
f 837/1289 838/1290 842/1294 841/1293 
f 841/1293 842/1294 720/1128 719/1127 
f 712/1116 713/1117 839/1291 838/1290 
f 838/1290 839/1291 843/1295 842/1294 
f 842/1294 843/1295 835/1287 720/1128 
f 713/1117 714/1118 840/1292 839/1291 
f 839/1291 840/1292 844/1296 843/1295 
f 843/1295 844/1296 836/1288 835/1287 
f 714/1118 254/396 710/1114 840/1292 
f 840/1292 710/1114 709/1112 844/1296 
f 844/1296 709/1112 708/1110 836/1288 
f 833/1283 834/1285 845/1297 846/1299 
f 834/1285 708/1109 716/1121 845/1297 
f 847/1302 241/345 762/1184 775/1197 
f 848/1304 847/1302 775/1197 774/1196 
f 849/1306 848/1304 774/1196 773/1195 
f 850/1307 851/1309 848/1303 849/1305 
f 851/1309 852/1311 847/1301 848/1303 
f 852/1311 337/598 241/597 847/1301 
f 853/1313 856/1316 855/1315 854/1314 
f 853/1317 858/1320 857/1319 856/1318 
f 853/1321 854/1324 860/1323 859/1322 
f 854/1325 855/1328 861/1327 860/1326 
f 855/1315 856/1316 1596/2473 1595/2471 1594/2469 1593/2467 863/1330 862/1329 1660/2560 1659/2558 1658/2556 1657/2554 1656/2552 1655/2550 1654/2548 1653/2546 1652/2544 
f 857/1333 858/1336 867/1335 866/1334 
f 853/1317 859/1339 869/1338 868/1337 
f 859/1340 860/1343 861/1342 870/1341 
f 855/1328 1652/2545 1661/2562 861/1327 
f 858/1336 864/1348 873/1347 867/1335 
f 857/1319 875/1350 1592/2466 1597/2475 
f 857/1333 866/1334 876/1352 875/1351 
f 859/1353 870/1356 866/1355 867/1354 
f 868/1337 869/1338 878/1358 877/1357 
f 859/1353 867/1354 873/1360 869/1359 
f 861/1342 1661/2563 1634/2517 870/1341 
f 864/1348 881/1349 880/1363 873/1347 
f 864/1331 868/1337 877/1357 882/1364 
f 866/1355 1651/2543 1670/2580 876/1379 
f 866/1355 870/1356 1634/2518 1651/2543 
f 877/1357 878/1358 899/1383 882/1364 
f 869/1359 873/1360 899/1385 878/1384 
f 864/1331 882/1364 900/1386 1705/2625 1706/2626 881/1351 
f 873/1360 880/1388 901/1387 899/1385 
f 885/1395 886/1398 910/1397 909/1396 
f 886/1399 887/1402 911/1401 910/1400 
f 887/1402 888/1404 912/1403 911/1401 
f 876/1379 1670/2580 1671/2581 1672/2582 1673/2583 1674/2584 1675/2585 1676/2586 1677/2587 1678/2588 883/1380 903/1390 1633/2516 1632/2515 1559/2420 1558/2419 1557/2418 1556/2417 1555/2416 1554/2415 1553/2414 898/1418 
f 882/1364 899/1383 901/1419 900/1386 
f 880/1388 902/1378 1541/2396 1540/2395 934/1432 901/1387 
f 885/1395 909/1396 973/1535 908/1534 
f 919/1565 920/1567 1042/1566 1041/1564 
f 923/1578 924/1581 1046/1580 1045/1579 
f 924/1581 925/1583 1047/1582 1046/1580 
f 925/1583 926/1585 1048/1584 1047/1582 
f 926/1585 927/1587 1049/1586 1048/1584 
f 927/1587 928/1589 1050/1588 1049/1586 
f 928/1589 929/1591 1051/1590 1050/1588 
f 929/1591 930/1593 1052/1592 1051/1590 
f 932/1430 1712/2632 1711/2631 950/1448 
f 936/1607 937/1610 964/1609 965/1608 
f 937/1610 938/1612 963/1611 964/1609 
f 940/1616 941/1618 1056/1617 1055/1615 
f 941/1618 942/1620 1057/1619 1056/1617 
f 946/1648 947/1650 1080/1649 1079/1647 
f 932/1430 950/1448 951/1449 1082/1652 
f 956/1682 957/1684 1101/1683 1100/1681 
f 957/1685 958/1688 1102/1687 1101/1686 
f 958/1689 959/1562 1040/1563 1102/1690 
f 908/1534 973/1535 974/1698 1028/1697 
f 975/1528 976/1711 1115/1710 1021/1527 
f 976/1711 977/1713 1116/1712 1115/1710 
f 977/1713 978/1715 1117/1714 1116/1712 
f 978/1715 979/1717 1118/1716 1117/1714 
f 979/1717 980/1719 1119/1718 1118/1716 
f 980/1719 981/1721 1120/1720 1119/1718 
f 981/1721 982/1723 1121/1722 1120/1720 
f 982/1723 983/1725 1122/1724 1121/1722 
f 983/1725 984/1727 1123/1726 1122/1724 
f 984/1727 985/1729 1124/1728 1123/1726 
f 985/1729 986/1731 1125/1730 1124/1728 
f 986/1731 987/1733 1126/1732 1125/1730 
f 987/1733 988/1735 1127/1734 1126/1732 
f 988/1735 989/1737 1128/1736 1127/1734 
f 989/1737 990/1739 1129/1738 1128/1736 
f 990/1739 991/1741 1130/1740 1129/1738 
f 991/1741 1570/2437 1569/2435 992/1743 1131/1742 1130/1740 
f 992/1743 993/1745 1132/1744 1131/1742 
f 993/1745 994/1747 1133/1746 1132/1744 
f 994/1747 995/1749 1134/1748 1133/1746 
f 995/1749 996/1751 1135/1750 1134/1748 
f 996/1751 997/1753 1136/1752 1135/1750 
f 997/1753 998/1755 1137/1754 1136/1752 
f 998/1755 999/1757 1138/1756 1137/1754 
f 999/1757 1000/1759 1139/1758 1138/1756 
f 1000/1759 1001/1761 1140/1760 1139/1758 
f 1001/1761 1002/1763 1141/1762 1140/1760 
f 1002/1763 1003/1765 1142/1764 1141/1762 
f 1003/1765 1004/1767 1143/1766 1142/1764 
f 1004/1767 1005/1769 1144/1768 1143/1766 
f 1005/1770 1006/1773 1145/1772 1144/1771 
f 1006/1774 1007/1524 1020/1525 1145/1775 
f 1008/1569 1009/1777 1146/1776 1043/1568 
f 1009/1777 1010/1779 1147/1778 1146/1776 
f 1010/1779 1011/1781 1148/1780 1147/1778 
f 1011/1781 1012/1783 1149/1782 1148/1780 
f 1012/1783 1013/1785 1150/1784 1149/1782 
f 1013/1786 1014/1789 1151/1788 1150/1787 
f 1014/1790 1015/1793 1152/1792 1151/1791 
f 1015/1793 1016/1795 1153/1794 1152/1792 
f 1016/1795 1017/1797 1154/1796 1153/1794 
f 1017/1797 1018/1799 1155/1798 1154/1796 
f 1018/1799 1019/1693 1103/1694 1155/1798 
f 1020/1800 1505/2370 1506/2372 1143/1801 
f 1022/1532 1023/1533 1698/2611 1685/2595 
f 1025/1809 1026/1812 1108/1811 1109/1810 
f 1026/1812 1027/1814 1107/1813 1108/1811 
f 974/1815 1107/1813 1027/1814 
f 1040/1822 1041/1825 1099/1824 1100/1823 
f 1041/1825 1042/1827 1104/1826 1099/1824 
f 1042/1827 1550/2408 1549/2406 1104/1826 
f 1059/1622 1060/1623 1061/1856 1174/1855 
f 1061/1856 1062/1858 1173/1857 1174/1855 
f 1062/1858 1063/1860 1172/1859 1173/1857 
f 1063/1860 1064/1864 1171/1861 1172/1859 
f 1066/1876 1067/1879 1168/1878 1169/1877 
f 1067/1880 1068/1883 1167/1882 1168/1881 
f 1068/1883 1069/1885 1166/1884 1167/1882 
f 1069/1885 1538/2391 1539/2393 1166/1884 
f 1070/1887 1071/1889 1164/1888 1165/1886 
f 1071/1889 1072/1894 1163/1890 1164/1888 
f 1074/1904 1075/1642 1076/1643 1160/1903 
f 951/1449 1089/1653 1188/1907 1082/1652 
f 1091/1930 1092/1933 1202/1932 1199/1931 
f 1092/1934 1701/2617 1702/2619 1202/1935 
f 1096/1696 1097/1679 1099/1680 1104/1695 
f 1040/1822 1100/1823 1101/1948 1102/1947 
f 1021/1527 1115/1710 1128/1736 1129/1738 
f 1115/1710 1116/1712 1117/1714 1128/1736 
f 1117/1714 1118/1716 1127/1734 1128/1736 
f 1118/1716 1119/1718 1120/1720 1127/1734 
f 1120/1720 1126/1732 1127/1734 
f 1120/1720 1121/1722 1122/1724 1126/1732 
f 1122/1724 1123/1726 1126/1732 
f 1123/1726 1124/1728 1125/1730 1126/1732 
f 1131/1742 1132/1744 1137/1754 1138/1756 
f 1132/1744 1133/1746 1136/1752 1137/1754 
f 1133/1746 1134/1748 1135/1750 1136/1752 
f 1138/1756 1139/1758 1509/2377 1510/2378 
f 1139/1758 1140/1760 1536/2376 1509/2377 
f 1142/1764 1143/1766 1506/2373 1507/2374 
f 1020/1800 1143/1801 1144/1952 1145/1951 
f 1043/1829 1146/1954 1155/1953 1103/1828 
f 1146/1954 1147/1956 1154/1955 1155/1953 
f 1147/1956 1148/1958 1153/1957 1154/1955 
f 1148/1958 1149/1960 1152/1959 1153/1957 
f 1149/1960 1150/1962 1151/1961 1152/1959 
f 1175/1862 1176/1863 1177/1973 1211/1972 
f 1177/1973 1178/1975 1210/1974 1211/1972 
f 1178/1975 1179/1977 1209/1976 1210/1974 
f 1179/1977 1180/1871 1181/1872 1209/1976 
f 1182/1892 1183/1893 1184/1979 1208/1978 
f 1184/1979 1185/1981 1207/1980 1208/1978 
f 1185/1981 1186/1900 1187/1901 1207/1980 
f 1089/1653 1616/2498 1615/2497 1618/2500 1188/1907 
f 1197/1989 1198/1925 1200/1926 1214/1988 
f 1496/2351 1503/2358 1504/2359 
f 1131/1742 1138/1756 1510/2378 1511/2379 
f 1492/2347 1497/2352 1504/2359 1498/2353 
f 969/1994 970/1997 1217/1996 1216/1995 
f 968/1998 969/2001 1216/2000 1218/1999 
f 1216/1995 1217/1996 1220/2003 1219/2002 
f 970/1997 971/2005 1221/2004 1217/1996 
f 1216/2000 1219/2010 1223/2009 1218/1999 
f 1219/2002 1220/2003 1225/2012 1224/2011 
f 1217/1996 1221/2004 1226/2013 1220/2003 
f 971/2005 972/2015 1227/2014 1221/2004 
f 1218/1999 1223/2009 1229/2019 1222/2008 
f 1219/2010 1224/2021 1230/2020 1223/2009 
f 1224/2011 1225/2012 1232/2023 1231/2022 
f 1220/2003 1226/2013 1233/2024 1225/2012 
f 1221/2004 1227/2014 1234/2025 1226/2013 
f 1222/2008 1229/2019 1239/2033 1228/2018 
f 1223/2009 1230/2020 1240/2034 1229/2019 
f 1224/2021 1231/2036 1241/2035 1230/2020 
f 1225/2012 1233/2024 1243/2038 1232/2023 
f 1226/2013 1234/2025 1244/2039 1233/2024 
f 1227/2014 1235/2027 1245/2040 1234/2025 
f 1235/2027 1236/2028 1247/2042 1246/2041 
f 1237/2031 1238/2032 1253/2055 1252/2054 
f 1228/2018 1239/2033 1254/2056 1238/2032 
f 1229/2019 1240/2034 1255/2057 1239/2033 
f 1230/2020 1241/2035 1256/2058 1240/2034 
f 1231/2036 1257/2060 1258/2059 1241/2035 
f 1232/2023 1243/2038 1260/2063 1242/2037 
f 1233/2024 1244/2039 1261/2064 1243/2038 
f 1234/2025 1245/2040 1262/2065 1244/2039 
f 1235/2027 1246/2041 1263/2066 1245/2040 
f 1236/2045 1249/2046 1264/2068 1247/2067 
f 1246/2041 1247/2042 1266/2070 1265/2069 
f 1248/2047 1267/2072 1268/2071 1249/2046 
f 890/2048 891/2074 1269/2073 1248/2047 
f 1250/2050 1251/2051 1271/2078 1272/2077 
f 1237/2052 1252/2080 1273/2079 1251/2051 
f 1252/2054 1253/2055 1275/2082 1274/2081 
f 1238/2032 1254/2056 1276/2083 1253/2055 
f 1239/2033 1255/2057 1277/2084 1254/2056 
f 1240/2034 1256/2058 1278/2085 1255/2057 
f 1488/2343 1496/2351 1504/2359 1497/2352 
f 1242/2037 1260/2063 1282/2089 1281/2088 
f 1243/2038 1261/2064 1283/2090 1260/2063 
f 1244/2039 1262/2065 1284/2091 1261/2064 
f 1245/2040 1263/2066 1285/2092 1262/2065 
f 1246/2041 1265/2069 1286/2093 1263/2066 
f 1249/2046 1268/2071 1287/2094 1264/2068 
f 1247/2067 1264/2068 1288/2096 1266/2095 
f 1265/2069 1266/2070 1290/2098 1289/2097 
f 1267/2072 1291/2100 1292/2099 1268/2071 
f 1248/2047 1269/2073 1293/2101 1267/2072 
f 891/2074 892/2103 1294/2102 1269/2073 
f 1250/2050 1272/2077 1295/2104 1270/2076 
f 1271/2078 1297/2109 1298/2108 1272/2077 
f 1251/2051 1273/2079 1299/2110 1271/2078 
f 1252/2080 1274/2112 1300/2111 1273/2079 
f 1253/2055 1276/2083 1302/2116 1275/2082 
f 1254/2056 1277/2084 1303/2117 1276/2083 
f 1255/2057 1278/2085 1304/2118 1277/2084 
f 1256/2058 1279/2086 1305/2119 1278/2085 
f 1260/2063 1283/2090 1307/2121 1282/2089 
f 1261/2064 1284/2091 1308/2122 1283/2090 
f 1262/2065 1285/2092 1309/2123 1284/2091 
f 1263/2066 1286/2093 1310/2124 1285/2092 
f 1265/2069 1289/2097 1311/2125 1286/2093 
f 1268/2071 1292/2099 1312/2126 1287/2094 
f 1264/2068 1287/2094 1313/2127 1288/2096 
f 1266/2095 1288/2096 1314/2129 1290/2128 
f 1291/2100 1316/2135 1317/2134 1292/2099 
f 1267/2072 1293/2101 1318/2136 1291/2100 
f 1269/2073 1294/2102 1319/2137 1293/2101 
f 892/2103 893/2139 1320/2138 1294/2102 
f 1272/2077 1298/2108 1321/2140 1295/2104 
f 1270/2076 1295/2104 1322/2141 1296/2106 
f 893/2142 894/2105 1296/2106 1320/2143 
f 1297/2109 1323/2145 1324/2144 1298/2108 
f 1271/2078 1299/2110 1325/2146 1297/2109 
f 1273/2079 1300/2111 1326/2147 1299/2110 
f 1086/2152 1301/2113 1328/2153 
f 1275/2082 1302/2116 1329/2154 1301/2113 
f 1276/2083 1303/2117 1330/2155 1302/2116 
f 1277/2084 1304/2118 1331/2156 1303/2117 
f 1278/2085 1305/2119 1332/2157 1304/2118 
f 1279/2086 1306/2120 1333/2158 1305/2119 
f 1283/2090 1308/2122 1334/2159 1307/2121 
f 1284/2091 1309/2123 1335/2160 1308/2122 
f 1285/2092 1310/2124 1336/2161 1309/2123 
f 1286/2093 1311/2125 1337/2162 1310/2124 
f 1289/2097 1315/2132 1338/2163 1311/2125 
f 1292/2099 1317/2134 1339/2164 1312/2126 
f 1287/2094 1312/2126 1340/2165 1313/2127 
f 1288/2096 1313/2127 1341/2166 1314/2129 
f 1111/2133 1112/2172 1343/2171 1315/2132 
f 1316/2135 1344/2174 1345/2173 1317/2134 
f 1291/2100 1318/2136 1346/2175 1316/2135 
f 1293/2101 1319/2137 1347/2176 1318/2136 
f 1294/2102 1320/2138 1348/2177 1319/2137 
f 1298/2108 1324/2144 1349/2178 1321/2140 
f 1295/2104 1321/2140 1350/2179 1322/2141 
f 1296/2106 1322/2141 1348/2180 1320/2143 
f 1323/2145 1379/2214 1351/2181 1324/2144 
f 1297/2109 1325/2146 1352/2182 1323/2145 
f 1299/2110 1326/2147 1353/2183 1325/2146 
f 1300/2111 1327/2149 1354/2184 1326/2147 
f 1203/2150 1204/2186 1355/2185 1327/2149 
f 1085/2187 1086/2152 1328/2153 1356/2188 
f 1301/2113 1329/2154 1357/2189 1328/2153 
f 1302/2116 1330/2155 1358/2190 1329/2154 
f 1303/2117 1331/2156 1359/2191 1330/2155 
f 1304/2118 1332/2157 1360/2192 1331/2156 
f 1305/2119 1333/2158 1391/2228 1332/2157 
f 1308/2122 1335/2160 1361/2193 1334/2159 
f 1309/2123 1336/2161 1362/2194 1335/2160 
f 1310/2124 1337/2162 1363/2195 1336/2161 
f 1311/2125 1338/2163 1364/2196 1337/2162 
f 1315/2132 1343/2171 1365/2197 1338/2163 
f 1317/2134 1345/2173 1366/2198 1339/2164 
f 1312/2126 1339/2164 1367/2199 1340/2165 
f 1313/2127 1340/2165 1368/2200 1341/2166 
f 1314/2129 1341/2166 1369/2201 1342/2169 
f 1033/2202 1034/2168 1342/2169 1370/2203 
f 1112/2172 1113/2205 1371/2204 1343/2171 
f 1344/2174 1372/2207 1373/2206 1345/2173 
f 1316/2135 1346/2175 1374/2208 1344/2174 
f 1318/2136 1347/2176 1375/2209 1346/2175 
f 1319/2137 1348/2177 1376/2210 1347/2176 
f 1324/2144 1351/2181 1377/2211 1349/2178 
f 1321/2140 1349/2178 1378/2212 1350/2179 
f 1322/2141 1350/2179 1376/2213 1348/2180 
f 1323/2145 1352/2182 1380/2215 1379/2214 
f 1325/2146 1353/2183 1381/2216 1352/2182 
f 1326/2147 1354/2184 1382/2217 1353/2183 
f 1327/2149 1355/2185 1383/2218 1354/2184 
f 1204/2186 1205/2220 1384/2219 1355/2185 
f 1084/2221 1085/2187 1356/2188 1385/2222 
f 1328/2153 1357/2189 1386/2223 1356/2188 
f 1329/2154 1358/2190 1387/2224 1357/2189 
f 1330/2155 1359/2191 1388/2225 1358/2190 
f 1331/2156 1360/2192 1389/2226 1359/2191 
f 1335/2160 1362/2194 1392/2229 1361/2193 
f 1336/2161 1363/2195 1393/2230 1362/2194 
f 1337/2162 1364/2196 1394/2231 1363/2195 
f 1338/2163 1365/2197 1395/2232 1364/2196 
f 1343/2171 1371/2204 1396/2233 1365/2197 
f 1345/2173 1373/2206 1397/2234 1366/2198 
f 1339/2164 1366/2198 1398/2235 1367/2199 
f 1340/2165 1367/2199 1399/2236 1368/2200 
f 1341/2166 1368/2200 1400/2237 1369/2201 
f 1342/2169 1369/2201 1401/2238 1370/2203 
f 1032/2239 1033/2202 1370/2203 1402/2240 
f 1113/2205 1114/2242 1403/2241 1371/2204 
f 1344/2174 1374/2208 1404/2243 1372/2207 
f 1346/2175 1375/2209 1405/2244 1374/2208 
f 1347/2176 1376/2210 1406/2245 1375/2209 
f 1349/2178 1377/2211 1407/2246 1378/2212 
f 1350/2179 1378/2212 1406/2247 1376/2213 
f 1352/2182 1381/2216 1410/2250 1380/2215 
f 1353/2183 1382/2217 1411/2251 1381/2216 
f 1354/2184 1383/2218 1412/2252 1382/2217 
f 1355/2185 1384/2219 1413/2253 1383/2218 
f 1205/2220 1206/2255 1414/2254 1384/2219 
f 1356/2188 1386/2223 1417/2260 1385/2222 
f 1357/2189 1387/2224 1418/2261 1386/2223 
f 1358/2190 1388/2225 1419/2262 1387/2224 
f 1359/2191 1389/2226 1420/2263 1388/2225 
f 1360/2192 1390/2227 1421/2264 1389/2226 
f 1362/2194 1393/2230 1422/2265 1392/2229 
f 1363/2195 1394/2231 1423/2266 1393/2230 
f 1364/2196 1395/2232 1424/2267 1394/2231 
f 1365/2197 1396/2233 1425/2268 1395/2232 
f 1371/2204 1403/2241 1426/2269 1396/2233 
f 1366/2198 1397/2234 1427/2270 1398/2235 
f 1367/2199 1398/2235 1428/2271 1399/2236 
f 1368/2200 1399/2236 1429/2272 1400/2237 
f 1369/2201 1400/2237 1430/2273 1401/2238 
f 1370/2203 1401/2238 1431/2274 1402/2240 
f 1031/2275 1032/2239 1402/2240 1432/2276 
f 1374/2208 1405/2244 1434/2280 1404/2243 
f 1375/2209 1406/2245 1435/2281 1405/2244 
f 1378/2212 1407/2246 1435/2282 1406/2247 
f 1380/2215 1410/2250 1436/2283 1408/2249 
f 1381/2216 1411/2251 1437/2284 1410/2250 
f 1382/2217 1412/2252 1438/2285 1411/2251 
f 1383/2218 1413/2253 1439/2286 1412/2252 
f 1384/2219 1414/2254 1440/2287 1413/2253 
f 1385/2222 1417/2260 1442/2293 1416/2259 
f 1386/2223 1418/2261 1443/2294 1417/2260 
f 1387/2224 1419/2262 1444/2295 1418/2261 
f 1388/2225 1420/2263 1445/2296 1419/2262 
f 1389/2226 1421/2264 1446/2297 1420/2263 
f 1393/2230 1423/2266 1447/2298 1422/2265 
f 1394/2231 1424/2267 1448/2299 1423/2266 
f 1395/2232 1425/2268 1449/2300 1424/2267 
f 1396/2233 1426/2269 1450/2301 1425/2268 
f 1403/2241 1433/2278 1451/2302 1426/2269 
f 1398/2235 1427/2270 1452/2303 1428/2271 
f 1399/2236 1428/2271 1453/2304 1429/2272 
f 1400/2237 1429/2272 1454/2305 1430/2273 
f 1401/2238 1430/2273 1455/2306 1431/2274 
f 1402/2240 1431/2274 1456/2307 1432/2276 
f 1405/2244 1435/2281 1458/2311 1434/2280 
f 1407/2246 1458/2312 1435/2282 
f 1410/2250 1437/2284 1459/2313 1436/2283 
f 1411/2251 1438/2285 1460/2314 1437/2284 
f 1412/2252 1439/2286 1461/2315 1438/2285 
f 1413/2253 1440/2287 1462/2316 1439/2286 
f 1414/2254 1441/2289 1463/2317 1440/2287 
f 1416/2259 1442/2293 1451/2302 1433/2278 
f 1417/2260 1443/2294 1464/2319 1442/2293 
f 1418/2261 1444/2295 1465/2320 1443/2294 
f 1419/2262 1445/2296 1466/2321 1444/2295 
f 1423/2266 1448/2299 1468/2323 1447/2298 
f 1424/2267 1449/2300 1469/2324 1448/2299 
f 1425/2268 1450/2301 1470/2325 1449/2300 
f 1426/2269 1451/2302 1471/2326 1450/2301 
f 1428/2271 1452/2303 1472/2327 1453/2304 
f 1429/2272 1453/2304 1473/2328 1454/2305 
f 1430/2273 1454/2305 1474/2329 1455/2306 
f 1431/2274 1455/2306 1475/2330 1456/2307 
f 1432/2276 1456/2307 1476/2331 1457/2310 
f 1438/2285 1461/2315 1490/2345 1460/2314 
f 1439/2286 1462/2316 1478/2333 1461/2315 
f 1440/2287 1463/2317 1479/2334 1462/2316 
f 1441/2289 1457/2310 1476/2331 1463/2317 
f 1442/2293 1464/2319 1471/2326 1451/2302 
f 1443/2294 1465/2320 1480/2335 1464/2319 
f 1444/2295 1466/2321 1481/2336 1465/2320 
f 1445/2296 1467/2322 1482/2337 1466/2321 
f 1448/2299 1469/2324 1483/2338 1468/2323 
f 1449/2300 1470/2325 1484/2339 1469/2324 
f 1450/2301 1471/2326 1485/2340 1470/2325 
f 1453/2304 1472/2327 1486/2341 1473/2328 
f 1454/2305 1473/2328 1487/2342 1474/2329 
f 1455/2306 1474/2329 1488/2343 1475/2330 
f 1456/2307 1475/2330 1489/2344 1476/2331 
f 1461/2315 1478/2333 1491/2346 1490/2345 
f 1462/2316 1479/2334 1492/2347 1478/2333 
f 1463/2317 1476/2331 1489/2344 1479/2334 
f 1464/2319 1480/2335 1485/2340 1471/2326 
f 1466/2321 1482/2337 1493/2348 1481/2336 
f 1469/2324 1484/2339 1494/2349 1483/2338 
f 1473/2328 1486/2341 1495/2350 1487/2342 
f 1474/2329 1487/2342 1496/2351 1488/2343 
f 1475/2330 1488/2343 1497/2352 1489/2344 
f 1478/2333 1492/2347 1498/2353 1491/2346 
f 1479/2334 1489/2344 1497/2352 1492/2347 
f 1480/2335 1499/2355 1500/2354 1485/2340 
f 1487/2342 1495/2350 1503/2358 1496/2351 
f 858/1320 853/1317 868/1337 864/1331 
f 863/1346 1593/2468 1601/2479 865/1332 
f 1129/1738 1130/1740 1512/2380 1513/2381 
f 1481/2336 1493/2348 1501/2356 
f 1242/2037 1281/2088 1259/2062 
f 1484/2339 1502/2357 1494/2349 
f 1279/2086 1280/2087 1306/2120 
f 902/1378 1604/2482 1603/2481 1602/2480 935/1433 1045/1606 1541/2396 
f 881/1351 1706/2626 923/1421 922/1420 
f 875/1351 876/1352 898/1378 1551/2410 1552/2412 
f 880/1363 881/1349 1609/2488 1606/2484 902/1389 
f 888/1404 889/1407 914/1406 913/1405 912/1403 
f 918/1561 919/1565 1041/1564 1040/1563 959/1562 
f 920/1567 921/1570 1550/2409 1042/1566 
f 900/1386 901/1419 934/1432 1542/2397 1707/2627 
f 938/1612 939/1614 1054/1613 963/1611 
f 939/1614 940/1616 1055/1615 1054/1613 
f 945/1646 946/1648 1079/1647 1078/1645 
f 947/1650 1628/2510 1081/1651 1080/1649 
f 955/1678 956/1682 1100/1681 1099/1680 1097/1679 
f 966/1692 1096/1696 1104/1695 1549/2407 
f 1024/1804 1025/1808 1109/1807 1110/1806 1156/1805 
f 1390/2367 1391/2365 1467/2366 1446/2369 1421/2368 
f 1087/1914 1088/1918 1095/1917 1193/1916 1192/1915 
f 967/2006 968/1998 1218/1999 1222/2008 1098/2007 
f 1035/2016 1098/2007 1222/2008 1228/2018 1039/2017 
f 1038/2030 1039/2017 1228/2018 1238/2032 1237/2031 
f 1037/2049 1038/2053 1237/2052 1251/2051 1250/2050 
f 915/2075 1037/2049 1250/2050 1270/2076 
f 894/2105 895/2107 915/2075 1270/2076 1296/2106 
f 1332/2157 1391/2228 1390/2227 1360/2192 
f 1379/2214 1380/2215 1408/2249 1409/2248 
f 1105/2277 1157/2279 1433/2278 1403/2241 1114/2242 
f 1157/2279 1158/2292 1415/2258 1416/2259 1433/2278 
f 1030/2308 1031/2275 1432/2276 1457/2310 1159/2309 
f 1158/2318 1159/2309 1457/2310 1441/2289 1415/2290 
f 1420/2263 1446/2297 1467/2322 1445/2296 
f 1437/2284 1460/2314 1477/2332 1459/2313 
f 1408/2360 1436/2364 1459/2363 1477/2362 1409/2361 
f 1259/2062 1257/2061 1231/2022 1232/2023 1242/2037 
f 1256/2058 1241/2035 1258/2059 1280/2087 1279/2086 
f 1499/2355 1480/2335 1465/2320 1481/2336 1501/2356 
f 1502/2357 1484/2339 1470/2325 1485/2340 1500/2354 
f 875/1350 1552/2413 896/1412 917/1411 916/1410 1037/1409 915/1408 895/1376 
f 884/1530 1578/2451 1573/2441 907/1531 
f 1037/1548 916/1553 1036/1552 1035/1551 1039/1550 1038/1549 
f 916/1554 917/1560 1548/2404 1547/2402 1036/1555 
f 952/1666 953/1672 961/1671 962/1670 1094/1669 1095/1668 1088/1667 
f 1029/1803 1030/1821 1159/1820 1158/1819 1157/1818 1105/1817 1106/1802 
f 1190/2288 1191/2291 1415/2290 1441/2289 1414/2254 1206/2255 
f 1064/1629 1065/1630 1180/1869 1176/1865 
f 1083/1908 1191/1912 1190/1911 1189/1910 1093/1909 
f 1089/1653 1090/1654 1198/1923 1616/2498 
f 1170/1849 1171/1850 1175/1971 1181/1967 
f 1195/1984 1196/1990 1215/1986 1213/1985 
f 1083/2256 1084/2221 1385/2222 1416/2259 1415/2258 1191/2257 
f 897/1413 1551/2411 920/1416 919/1415 918/1414 
f 904/1523 905/1526 1505/2371 1020/1525 1007/1524 
f 922/1572 923/1577 1045/1576 935/1575 
f 930/1593 931/1597 949/1594 1052/1592 
f 942/1620 943/1624 1060/1623 1059/1622 1058/1621 1057/1619 
f 944/1641 945/1646 1078/1645 1077/1644 1076/1643 1075/1642 
f 1171/1861 1064/1864 1176/1863 1175/1862 
f 1065/1870 1066/1875 1169/1874 1170/1873 
f 1163/1890 1072/1894 1183/1893 1182/1892 1162/1891 
f 1072/1637 1073/1638 1186/1898 1183/1895 
f 1073/1899 1074/1904 1160/1903 1161/1902 1187/1901 1186/1900 
f 1090/1924 1091/1929 1199/1928 1201/1927 
f 1161/1840 1162/1841 1182/1966 1208/1965 1207/1964 1187/1963 
f 913/2026 914/2029 1236/2028 1235/2027 1227/2014 972/2015 
f 889/2043 890/2048 1248/2047 1249/2046 1236/2045 914/2044 
f 1301/2113 1087/2115 1192/2114 1274/2081 1275/2082 
f 1110/2130 1111/2133 1315/2132 1289/2097 1290/2098 1156/2131 
f 1192/2148 1193/2151 1203/2150 1327/2149 1300/2111 1274/2112 
f 1024/2167 1156/2170 1290/2128 1314/2129 1342/2169 1034/2168 
f 897/1413 918/1414 959/1457 1611/2493 
f 1056/1837 1057/1836 1078/1833 1079/1832 
f 954/1452 955/1453 1097/1677 1548/2405 
f 1082/1652 1188/1907 1201/1946 1199/1945 1202/1944 1713/2633 
f 951/1449 1612/2494 1091/1655 1090/1654 1089/1653 
f 943/1441 944/1442 1075/1640 1538/2392 1069/1634 1060/1625 
f 1058/1835 1059/1854 1166/1845 1539/2394 1076/1838 1077/1834 
f 1028/1547 1027/1546 1568/2434 1697/2610 1698/2612 1023/1536 
f 1017/1473 1016/1472 971/1481 970/1480 
f 1215/1993 1214/1992 1200/1991 1201/1946 1188/1907 1618/2500 1619/2501 1212/1982 1213/1983 
f 1373/1837 1334/1801 1361/1827 1397/1861 
f 1397/1861 1361/1827 1392/1856 1427/1890 
f 1427/1890 1392/1856 1422/1885 1452/1913 
f 1452/1913 1422/1885 1447/1909 1472/1933 
f 1472/1933 1447/1909 1468/1929 1486/1948 
f 1486/1948 1468/1929 1483/1945 1495/1952 
f 1495/1952 1483/1945 1494/1951 1503/1961 
f 1502/1960 1504/1964 1503/1961 1494/1951 
f 1500/1958 1498/1963 1504/1964 1502/1960 
f 1499/1957 1491/1955 1498/1963 1500/1958 
f 1491/1955 1493/1950 1482/1944 1490/1949 
f 1501/2356 1493/1950 1491/1955 1499/2355 
f 1490/1949 1482/1944 1467/1927 1460/1938 
f 1477/1939 1467/1927 1391/1855 1409/1872 
f 1460/1938 1467/1927 1477/1939 
f 1409/1872 1391/1855 1379/1843 
f 1379/1843 1391/1855 1333/1800 1351/1844 
f 1351/1844 1333/1800 1306/1773 1377/1869 
f 1280/1747 1407/1898 1377/1869 1306/1773 
f 1258/1727 1407/1898 1280/1747 
f 1407/1898 1258/1727 1257/1726 1458/1918 
f 1259/1728 1434/1896 1458/1918 1257/1726 
f 1434/1896 1281/1748 1282/1749 1404/1866 
f 1259/2062 1281/1748 1434/1896 
f 1404/1866 1282/1749 1307/1774 1372/1836 
f 1513/2381 1537/2382 1021/1527 1129/1738 
f 1511/2379 1512/2380 1130/1740 1131/1742 
f 1508/2375 1536/2376 1140/1760 1141/1762 
f 1507/2374 1508/2375 1141/1762 1142/1764 
f 1537/2382 906/1529 975/1528 1021/1527 
f 1526/2030 906/1366 1537/2389 
f 1534/2386 1507/1970 1506/1969 1533/2385 
f 1535/2387 1508/1971 1507/1970 1534/2386 
f 1536/2388 1508/1971 1535/2387 
f 1527/2031 907/1367 906/1366 1526/2030 
f 1522/2008 884/1344 907/1367 1527/2031 
f 1533/2385 1506/1969 1505/1968 1532/2384 
f 905/1526 1525/2383 1532/2390 1505/2371 
f 1524/2028 904/1364 903/1363 1523/2027 
f 1521/2007 883/1343 879/1339 1520/2003 
f 1523/2027 903/1363 883/1343 1521/2007 
f 1518/1996 872/1332 871/1331 1517/1995 
f 1520/2003 879/1339 872/1332 1518/1996 
f 1517/1995 871/1331 862/1322 1514/1987 
f 1529/2327 1195/1659 1213/1678 1531/2344 
f 1528/2326 1194/1658 1195/1659 1529/2327 
f 1531/2344 1213/1678 1212/1677 1530/2343 
f 1519/1998 874/1334 884/1344 1522/2008 
f 1516/1990 865/1325 874/1334 1519/1998 
f 1515/1988 863/1323 865/1325 1516/1990 
f 1514/1987 862/1322 863/1323 1515/1988 
f 1539/2393 1538/2391 1070/1887 1165/1886 
f 1176/1865 1180/1869 1179/1868 1178/1867 1177/1866 
f 1181/1967 1175/1971 1211/1970 1210/1969 1209/1968 
f 1063/1628 1066/1631 1065/1630 1064/1629 
f 1062/1627 1067/1632 1066/1631 1063/1628 
f 1168/1847 1173/1852 1172/1851 1171/1850 1170/1849 1169/1848 
f 1061/1626 1068/1633 1067/1632 1062/1627 
f 1167/1846 1174/1853 1173/1852 1168/1847 
f 1166/1845 1059/1854 1174/1853 1167/1846 
f 1076/1838 1539/2394 1165/1844 1160/1839 
f 1071/1636 1074/1639 1073/1638 1072/1637 
f 1538/2392 1075/1640 1074/1639 1070/1635 
f 1060/1625 1069/1634 1068/1633 1061/1626 
f 941/1439 945/1443 944/1442 943/1441 942/1440 
f 940/1438 1623/2505 1624/2506 946/1444 945/1443 941/1439 
f 938/1436 952/1450 1622/2504 939/1437 
f 937/1435 953/1451 952/1450 938/1436 
f 1183/1895 1186/1898 1185/1897 1184/1896 
f 1541/2396 1045/1606 1046/1605 1540/2395 
f 1540/2395 1046/1605 934/1432 
f 1545/2400 1050/1601 1051/1600 1683/2593 1682/2592 
f 1544/2399 1049/1602 1050/1601 1545/2400 
f 1543/2398 1048/1603 1049/1602 1544/2399 
f 1542/2397 1047/1604 1048/1603 1543/2398 
f 934/1432 1046/1605 1047/1604 1542/2397 
f 1044/1571 1683/2593 1684/2594 1546/2401 
f 1546/2401 1684/2594 1679/2589 950/1448 1711/2631 
f 1070/1635 1074/1639 1071/1636 
f 1078/1833 1057/1836 1058/1835 1077/1834 
f 1056/1837 1079/1832 1055/1831 
f 1055/1831 1079/1832 1080/1905 1081/1906 1053/1598 931/1429 932/1430 1082/1652 1713/2633 1714/2634 1715/2635 1716/2636 1717/2637 1094/1691 1054/1830 
f 1160/1839 1165/1844 1164/1843 
f 1160/1839 1164/1843 1163/1842 1162/1841 1161/1840 
f 1095/1936 1189/1943 1190/1942 1206/1941 1205/1940 1204/1939 1203/1938 1193/1937 
f 963/1461 962/1460 961/1459 964/1462 
f 964/1462 961/1459 960/1458 1610/2491 1609/2489 965/1463 
f 1054/1830 1094/1691 962/1460 963/1461 
f 953/1451 956/1454 955/1453 954/1452 
f 937/1435 957/1455 956/1454 953/1451 
f 1547/2403 1096/1676 966/1476 967/1477 1098/1675 1035/1674 1036/1673 
f 1548/2405 1097/1677 1096/1676 1547/2403 
f 966/1692 1549/2407 1103/1694 1019/1693 
f 1549/2406 1550/2408 1043/1829 1103/1828 
f 1550/2409 921/1570 1008/1569 1043/1568 
f 1552/2412 1551/2410 897/1377 896/1317 
f 920/1416 1551/2411 898/1418 921/1417 
f 1553/2414 1008/1464 921/1417 898/1418 
f 1554/2415 1009/1465 1008/1464 1553/2414 
f 1555/2416 1010/1466 1009/1465 1554/2415 
f 1556/2417 1011/1467 1010/1466 1555/2416 
f 1557/2418 1012/1468 1011/1467 1556/2417 
f 1558/2419 1013/1469 1012/1468 1557/2418 
f 1559/2420 1629/2512 1630/2513 1631/2514 1014/1470 1013/1469 1558/2419 
f 1019/1475 968/1478 967/1477 966/1476 
f 1018/1474 969/1479 968/1478 1019/1475 
f 1017/1473 970/1480 969/1479 1018/1474 
f 971/1481 1016/1472 1015/1471 972/1482 
f 972/1482 1015/1471 1014/1470 913/1483 
f 913/1483 1014/1470 911/1485 912/1484 
f 1108/1700 1689/2601 1563/2427 1109/1701 
f 1109/1701 1563/2427 1111/1703 1110/1702 
f 1111/1703 1563/2427 1564/2428 1112/1704 
f 1112/1704 1564/2428 1565/2429 1113/1705 
f 1113/1705 1565/2429 1566/2430 1114/1706 
f 1114/1706 1566/2430 1106/1708 1105/1707 
f 1029/1537 1025/1544 1024/1543 1034/1542 1033/1541 1032/1540 1031/1539 1030/1538 
f 1561/2423 1567/2431 1029/1803 1106/1802 1562/2425 
f 1567/2432 1026/1545 1025/1544 1029/1537 
f 1107/1699 1693/2605 1689/2601 1108/1700 
f 1560/2421 1568/2433 1567/2431 1561/2423 
f 974/1815 1027/1814 1028/1816 
f 1568/2434 1027/1546 1026/1545 1567/2432 
f 974/1489 1571/2439 1693/2605 1107/1699 
f 1028/1547 1023/1536 1576/2448 1584/2458 
f 973/1488 995/1510 992/1507 1569/2436 974/1489 
f 992/1507 995/1510 994/1509 993/1508 
f 974/1489 1569/2436 1570/2438 1571/2439 
f 1571/2439 1570/2438 991/1506 1572/2440 
f 1572/2440 991/1506 990/1505 989/1504 988/1503 987/1502 986/1501 985/1500 984/1499 983/1498 982/1497 981/1496 980/1495 1687/2599 
f 1573/2442 975/1490 906/1392 907/1393 
f 1574/2444 976/1491 975/1490 1573/2442 
f 1575/2446 977/1492 976/1491 1574/2444 
f 1573/2441 1578/2451 1577/2449 1574/2443 
f 1574/2443 1577/2449 1576/2447 1575/2445 
f 1575/2445 1576/2447 1023/1533 1022/1532 
f 1581/2455 1582/2456 1585/2459 1586/2460 1583/2457 1587/2461 1584/2458 1576/2448 1577/2450 1580/2454 
f 1580/2454 1577/2450 1578/2452 1579/2453 
f 1579/2453 1578/2452 884/1365 874/1349 
f 889/1370 1582/2456 1581/2455 1588/2462 890/1371 
f 885/1366 1583/2457 1586/2460 886/1367 
f 886/1367 1586/2460 1585/2459 887/1368 
f 887/1368 1585/2459 1582/2456 889/1370 888/1369 
f 908/1394 1587/2461 1583/2457 885/1366 
f 1028/1547 1584/2458 1587/2461 908/1394 
f 894/1375 1592/2466 875/1350 895/1376 
f 893/1374 1591/2465 1592/2466 894/1375 
f 892/1373 1590/2464 1591/2465 893/1374 
f 891/1372 1589/2463 1590/2464 892/1373 
f 890/1371 1588/2462 1589/2463 891/1372 
f 1597/2475 1592/2466 1591/2465 1599/2477 1598/2476 
f 1597/2475 1596/2474 856/1318 857/1319 
f 1599/2477 1591/2465 1590/2464 1589/2463 1600/2478 
f 1599/2477 1595/2472 1596/2474 1597/2475 1598/2476 
f 1601/2479 1588/2462 1581/2455 1580/2454 1579/2453 874/1349 865/1332 
f 1601/2479 1593/2468 1594/2470 1600/2478 
f 1600/2478 1594/2470 1595/2472 1599/2477 
f 1600/2478 1589/2463 1588/2462 1601/2479 
f 911/1485 1014/1470 1003/1518 1002/1517 
f 1602/2480 1605/2483 936/1434 935/1433 
f 1603/2481 1607/2486 1605/2483 1602/2480 
f 1604/2482 1608/2487 1607/2486 1603/2481 
f 936/1434 1605/2483 957/1455 937/1435 
f 1605/2483 1607/2486 958/1456 957/1455 
f 1607/2486 1608/2487 959/1457 958/1456 
f 1606/2485 1608/2487 1604/2482 902/1378 
f 1606/2484 1609/2488 1610/2490 1611/2492 
f 965/1463 1609/2489 881/1351 922/1420 
f 922/1572 935/1575 936/1574 965/1573 
f 954/1556 960/1559 961/1558 953/1557 
f 1548/2404 917/1560 960/1559 954/1556 
f 1610/2491 960/1458 917/1411 896/1412 
f 1611/2492 1610/2490 896/1317 897/1377 
f 1611/2493 959/1457 1608/2487 1606/2485 
f 1065/1870 1170/1873 1181/1872 1180/1871 
f 949/1594 931/1597 1053/1596 948/1595 
f 1093/1657 1614/2496 1084/1660 1083/1658 
f 1092/1656 1613/2495 1625/2507 1701/2618 
f 1091/1655 1612/2494 1613/2495 1092/1656 
f 1090/1924 1201/1927 1200/1926 1198/1925 
f 1616/2498 1198/1923 1197/1922 1615/2497 
f 1615/2497 1197/1922 1196/1921 1617/2499 
f 1617/2499 1196/1921 1195/1920 1194/1919 
f 1215/1986 1196/1990 1197/1989 1214/1988 
f 1618/2500 1615/2497 1617/2499 1619/2501 
f 1619/2501 1617/2499 1194/1919 1212/1982 
f 1301/1663 1622/2504 952/1450 1088/1665 1087/1664 
f 1086/1662 1621/2503 1622/2504 1301/1663 
f 1085/1661 1620/2502 1621/2503 1086/1662 
f 1084/1660 1614/2496 1620/2502 1085/1661 
f 939/1437 1622/2504 1621/2503 940/1438 
f 940/1438 1621/2503 1620/2502 1623/2505 
f 1623/2505 1620/2502 1614/2496 1624/2506 
f 1624/2506 1614/2496 1627/2509 946/1444 
f 946/1444 1627/2509 1626/2508 947/1445 
f 947/1445 1626/2508 1625/2507 1628/2511 
f 1628/2511 1625/2507 1613/2495 948/1446 
f 1081/1651 1628/2510 948/1595 1053/1596 
f 948/1446 1613/2495 1612/2494 1679/2589 949/1447 
f 909/1487 996/1511 995/1510 973/1488 
f 910/1486 1000/1515 999/1514 998/1513 997/1512 996/1511 909/1487 
f 911/1485 1002/1517 1001/1516 1000/1515 910/1486 
f 1003/1518 1014/1470 1631/2514 1004/1519 
f 1004/1519 1631/2514 1630/2513 1005/1520 
f 1005/1520 1630/2513 1629/2512 1006/1521 
f 1006/1521 1629/2512 1559/2420 1632/2515 
f 1007/1522 1633/2516 903/1390 904/1391 
f 1006/1521 1632/2515 1633/2516 1007/1522 
f 1669/2578 1660/2561 862/1345 871/1344 
f 1642/2533 1669/2579 871/1362 872/1361 
f 1678/2588 1643/2535 879/1381 883/1380 
f 1643/2535 1642/2534 872/1382 879/1381 
f 1668/2576 1659/2559 1660/2561 1669/2578 
f 1641/2531 1668/2577 1669/2579 1642/2533 
f 1677/2587 1644/2536 1643/2535 1678/2588 
f 1644/2536 1641/2532 1642/2534 1643/2535 
f 1667/2574 1658/2557 1659/2559 1668/2576 
f 1640/2529 1667/2575 1668/2577 1641/2531 
f 1676/2586 1645/2537 1644/2536 1677/2587 
f 1645/2537 1640/2530 1641/2532 1644/2536 
f 1666/2572 1657/2555 1658/2557 1667/2574 
f 1639/2527 1666/2573 1667/2575 1640/2529 
f 1675/2585 1646/2538 1645/2537 1676/2586 
f 1646/2538 1639/2528 1640/2530 1645/2537 
f 1665/2570 1656/2553 1657/2555 1666/2572 
f 1638/2525 1665/2571 1666/2573 1639/2527 
f 1674/2584 1647/2539 1646/2538 1675/2585 
f 1647/2539 1638/2526 1639/2528 1646/2538 
f 1664/2568 1655/2551 1656/2553 1665/2570 
f 1637/2523 1664/2569 1665/2571 1638/2525 
f 1673/2583 1648/2540 1647/2539 1674/2584 
f 1648/2540 1637/2524 1638/2526 1647/2539 
f 1663/2566 1654/2549 1655/2551 1664/2568 
f 1636/2521 1663/2567 1664/2569 1637/2523 
f 1672/2582 1649/2541 1648/2540 1673/2583 
f 1649/2541 1636/2522 1637/2524 1648/2540 
f 1662/2564 1653/2547 1654/2549 1663/2566 
f 1635/2519 1662/2565 1663/2567 1636/2521 
f 1671/2581 1650/2542 1649/2541 1672/2582 
f 1650/2542 1635/2520 1636/2522 1649/2541 
f 1661/2562 1652/2545 1653/2547 1662/2564 
f 1634/2517 1661/2563 1662/2565 1635/2519 
f 1670/2580 1651/2543 1650/2542 1671/2581 
f 1651/2543 1634/2518 1635/2520 1650/2542 
f 1679/2589 1612/2494 951/1449 950/1448 
f 1681/2591 1682/2592 1044/1571 933/1431 
f 1682/2592 1683/2593 1044/1571 
f 1684/2594 1683/2593 1051/1600 1052/1599 
f 1679/2589 1684/2594 1052/1599 949/1447 
f 1546/2401 1680/2590 933/1431 1044/1571 
f 1687/2599 980/1495 979/1494 1688/2600 
f 1688/2600 979/1494 978/1493 1686/2598 1560/2422 
f 1686/2598 978/1493 977/1492 1685/2596 
f 1685/2596 977/1492 1575/2446 1022/1709 
f 1563/2427 1689/2601 1690/2602 1564/2428 
f 1689/2601 1693/2605 1694/2606 1690/2602 
f 1693/2605 1571/2439 1572/2440 1694/2606 
f 1564/2428 1690/2602 1691/2603 1565/2429 
f 1690/2602 1694/2606 1695/2607 1691/2603 
f 1694/2606 1572/2440 1687/2599 1695/2607 
f 1565/2429 1691/2603 1692/2604 1566/2430 
f 1691/2603 1695/2607 1696/2608 1692/2604 
f 1695/2607 1687/2599 1688/2600 1696/2608 
f 1566/2430 1692/2604 1562/2426 1106/1708 
f 1692/2604 1696/2608 1561/2424 1562/2426 
f 1696/2608 1688/2600 1560/2422 1561/2424 
f 1685/2595 1698/2611 1697/2609 1686/2597 
f 1686/2597 1697/2609 1568/2433 1560/2421 
f 1699/2614 1627/2509 1614/2496 1093/1657 
f 1700/2616 1626/2508 1627/2509 1699/2614 
f 1701/2618 1625/2507 1626/2508 1700/2616 
f 1702/2619 1701/2617 1700/2615 1703/2621 
f 1703/2621 1700/2615 1699/2613 1704/2623 
f 1704/2623 1699/2613 1093/1909 1189/1910 
f 1535/1531 1534/1530 682/682 683/683 
f 1536/1532 1535/1531 683/683 684/684 
f 1509/1505 1536/1532 684/684 657/657 
f 1510/1506 1509/1505 657/657 658/658 
f 1511/1507 1510/1506 658/658 659/659 
f 1512/1508 1511/1507 659/659 660/660 
f 1513/1509 1512/1508 660/660 661/661 
f 1537/1533 1513/1509 661/661 685/685 
f 1526/1522 1537/1533 685/685 674/674 
f 1527/1523 1526/1522 674/674 675/675 
f 1522/1518 1527/1523 675/675 670/670 
f 1519/1515 1522/1518 670/670 667/667 
f 1516/1512 1519/1515 667/667 664/664 
f 1515/1511 1516/1512 664/664 663/663 
f 1514/1510 1515/1511 663/663 662/662 
f 1517/1513 1514/1510 662/662 665/665 
f 1518/1514 1517/1513 665/665 666/666 
f 1520/1516 1518/1514 666/666 668/668 
f 1521/1517 1520/1516 668/668 669/669 
f 1524/1520 1523/1519 671/671 672/672 
f 1523/1519 1521/1517 669/669 671/671 
f 1532/1528 1525/1521 673/673 680/680 
f 1533/1529 1532/1528 680/680 681/681 
f 1534/1530 1533/1529 681/681 682/682 
f 1531/1527 1530/1526 678/678 679/679 
f 1529/1525 1531/1527 679/679 677/677 
f 1528/1524 1529/1525 677/677 676/676 
f 1706/2626 1705/2625 924/1422 923/1421 
f 1705/2625 900/1386 1707/2627 924/1422 
f 1542/2397 1543/2398 1708/2628 1707/2627 
f 1707/2627 1708/2628 925/1423 924/1422 
f 1543/2398 1544/2399 1709/2629 1708/2628 
f 1708/2628 1709/2629 926/1424 925/1423 
f 1544/2399 1545/2400 1710/2630 1709/2629 
f 1709/2629 1710/2630 927/1425 926/1424 
f 1545/2400 1682/2592 1681/2591 1710/2630 
f 1710/2630 1681/2591 928/1426 927/1425 
f 1681/2591 933/1431 1680/2590 929/1427 928/1426 
f 1712/2632 1680/2590 1546/2401 1711/2631 
f 1712/2632 932/1430 931/1429 930/1428 
f 1680/2590 1712/2632 930/1428 929/1427 
f 1189/1943 1095/1936 1094/1691 1717/2637 
f 1704/2624 1189/1943 1717/2637 1716/2636 
f 1703/2622 1704/2624 1716/2636 1715/2635 
f 1702/2620 1703/2622 1715/2635 1714/2634 
f 1202/1944 1702/2620 1714/2634 1713/2633 
f 202/518 242/379 1718/2638 
f 203/519 202/518 1718/2638 1719/2639 
f 1720/2640 1721/2641 228/593 227/520 
f 1721/2641 1722/2642 229/594 228/593 
f 1722/2642 1723/2643 201/286 229/594 
f 1718/2638 242/379 243/624 
f 1719/2639 1718/2638 243/624 337/631 
f 1720/2640 1719/2639 337/631 852/1312 
f 1721/2641 1720/2640 852/1312 851/1310 
f 1722/2642 1721/2641 851/1310 850/1308 
f 1723/2643 1722/2642 850/1308 350/632 
f 1724/2644 1723/2643 350/632 347/633 
f 1723/2643 1724/2644 79/117 201/286 
f 1724/2644 230/340 80/118 79/117 
f 77/115 78/116 79/117 80/118 828/1278 
f 76/114 77/115 828/1278 81/119 829/1279 
f 75/113 76/114 829/1279 1725/2645 
f 74/112 75/113 1725/2645 1726/2646 
f 1725/2645 829/1279 830/1280 693/1088 692/1087 
f 1726/2646 1725/2645 692/1087 691/1086 
f 73/111 74/112 1726/2646 1727/2647 
f 1727/2647 1726/2646 691/1086 690/1085 
f 72/110 73/111 1727/2647 1728/2648 
f 71/109 72/110 1728/2648 48/74 
# 1534 polygons - 46 triangles

